CONS_NO,driver_1,driver_1_shap,driver_2,driver_2_shap,driver_3,driver_3_shap,FLAG,ml_risk_probability,anomaly_score,final_risk_score,review_priority
1F7F8AF569AB5AC4CCFF98E48FDBBE65,missing_rate,0.4957086601921043,min_consumption,0.30741960008873503,zero_rate,0.15993048891886205,0,0.3456327889888066,0.0462414162156382,0.2558153771568561,LOW
6BD04DCABC15FF9CAA40252547984C43,max_consumption,0.7939656170096316,std_consumption,0.29665213619389935,consumption_change,0.23511858116739628,0,0.3033818111422842,0.2213956205697199,0.2787859539705148,LOW
183D8FCEACEF3D3695B92F600915EBA1,month_10_mean,0.15437897469694403,month_2_mean,0.12777269047989626,month_6_mean,0.11076815283396513,0,0.4004440132700816,0.0189608502999444,0.2859990643790404,LOW
435517C14C5F320FE565B54F1E57B820,seasonal_std,0.19089007050742274,long_term_change,0.11412865345226303,month_6_mean,0.11224860891883097,0,0.3741144736695216,0.013601558825056,0.2659605992161819,LOW
D337C05D2897E43B60968F708203C995,max_consumption,0.7073171344059869,month_10_mean,0.5130218669605215,std_consumption,0.28893958696539435,0,0.4335467852278771,0.3009732696683568,0.393774730560021,LOW
015CB8E68B1F478E014F71ABD1D2A3C3,month_10_mean,0.39971389789006695,max_consumption,0.3421241695529025,month_2_mean,0.23647174528423454,0,0.4189547792288369,0.0542209865635201,0.3095346414292418,LOW
1469C2F10716CA59633A5CB56A0B88A8,month_7_mean,0.2816365334541836,missing_rate,0.2150542337874739,month_6_mean,0.11593524043135234,0,0.2606617771598604,0.0361154067271466,0.1932978660300463,LOW
CA5AEA730E26DEDF747019926BD0A0C0,max_consumption,1.5015272358484335,std_consumption,0.5862816439992917,month_3_mean,0.43261876459605275,0,0.5897780630203474,0.6854302719248803,0.6184737256917072,MEDIUM
93FC935FBD8BDC10C3FA1D13C70F310C,min_consumption,0.36636782463261486,zero_rate,0.13876570771333394,month_3_mean,0.10204252692663408,0,0.1884209980055919,0.0419309410705947,0.1444739809250927,LOW
EC21BA73A12C43D138C29222B943E0EE,month_7_mean,0.1312834035406474,month_6_mean,0.09582147111376671,month_3_mean,0.093729734552066,0,0.1025830548617309,0.025399370462221,0.0794279495418779,LOW
5471BD61D046237B3F03090242443557,month_7_mean,0.23202184599711062,month_3_mean,0.21343003194403384,month_6_mean,0.16164182321968623,0,0.4292490110124255,0.0253205046419805,0.308070459101292,LOW
90512AC43D4B6AC25743C1C03E1FAEF6,min_consumption,0.43408513458564496,missing_rate,0.3195383112651182,zero_rate,0.19936428242313622,0,0.1821962856504144,0.0707628328183911,0.1487662498008074,LOW
0BA7CEE98CE7EB920FE0E6D8B56FE8FB,max_consumption,0.73743253680787,month_4_mean,0.4201160411256896,std_consumption,0.37743646057744906,1,0.8093607377637584,0.2149167494961357,0.6310275412834715,MEDIUM
57FCC906661640B1F3D13E8FD6C057EB,missing_rate,0.5895849858655803,max_consumption,0.4813612799203559,std_consumption,0.39957894395236904,0,0.4493687498640605,0.130068891496245,0.3535787923537158,LOW
DDFF976F1CB62275D1366E3107847384,max_consumption,0.4769669239003583,month_10_mean,0.32498299851727896,month_2_mean,0.16244987746296738,0,0.476159561692596,0.0474291750988821,0.3475404457144819,LOW
523C1DD15E77CAC1F42DEE9E32C5838F,first_half_mean,0.1421207331718324,month_7_mean,0.14046784109263233,month_11_mean,0.10307702584132283,0,0.0651674072662647,0.0435294305924079,0.0586760142641076,LOW
63F78865F98D77721E3B5452E89BBDEC,month_6_mean,0.2604114500725262,long_term_change,0.17732332268093612,month_7_mean,0.15867664959875444,0,0.307217088210067,0.0083032725391007,0.2175429435087771,LOW
A26CBC01005EF5FB1DA977E0ED4630CE,month_6_mean,0.1846259734661128,max_consumption,0.16637970499504084,month_7_mean,0.1485509492853806,0,0.2290933875785911,0.0060124290121556,0.1621691000086604,LOW
C48CF3F8C8C5335402DF89E7F8584978,max_consumption,0.3820655448014496,month_10_mean,0.3297972775478997,std_consumption,0.32807267407208296,0,0.3433745355135519,0.0741745365679311,0.2626145358298656,LOW
F40AB0D2D3735E8383F4693B7908460B,min_consumption,0.550077798833808,max_consumption,0.39180062294545964,long_term_change,0.23876454120408555,0,0.3768622466999797,0.0356373738161174,0.2744947848348211,LOW
9C404DE536620FE28E82D781593608A7,consumption_change,0.3084152558394189,missing_rate,0.26092120861880397,month_6_mean,0.15134240488372558,0,0.4127064083542393,0.0281271311477838,0.2973326251923027,LOW
A68DE6FE96BA86DD7188E20943E2789F,max_consumption,0.5763351726206511,std_consumption,0.29524602656281823,month_10_mean,0.29033111700875164,0,0.6152824182174365,0.0852841471443444,0.4562829368955088,MEDIUM
40E1A25D51AB33E60803F2E4B6BD3C2E,month_7_mean,0.12891262339717743,month_6_mean,0.10914106480570433,month_3_mean,0.07457433552603983,0,0.1820036837812085,0.0173474415319857,0.1326068111064417,LOW
3D70FE84CC85CFAD85DD8D6CE9399757,month_2_mean,0.3399694891736902,long_term_change,0.24985256976039247,max_consumption,0.2372828148533752,0,0.460310388371283,0.0186749702510236,0.3278197629352051,LOW
6B74117A96B8D9E5971F871D9AA0F485,max_consumption,0.40248328804202294,std_consumption,0.2873584397121916,month_4_mean,0.2153517539567583,0,0.3688717367928288,0.1529518463342948,0.3040957696552686,LOW
F16A83E52A485FDA696D509F7F626C34,min_consumption,0.4012996712689096,zero_rate,0.2147415492088119,missing_rate,0.09819091783849665,0,0.2134981541149342,0.0383220341827077,0.1609453181352662,LOW
D4B52AD432878B33BD447EBDEE07F670,month_7_mean,0.15421610383483764,month_6_mean,0.12503363767057757,month_1_mean,0.07237509158022332,0,0.1380920853781324,0.0079708426696964,0.0990557125656016,LOW
ED3B8A3D1894CE306323008358384182,max_consumption,0.5299132113239586,std_consumption,0.28148230937924934,long_term_change,0.1571958864213304,0,0.5732434505367237,0.0963058818849274,0.4301621799411847,MEDIUM
5BE386F490612227759D4A310DF116E4,month_10_mean,0.5404113642297341,max_consumption,0.5259873765440666,std_consumption,0.34813438086575554,0,0.4385645346511222,0.0717970554057346,0.3285342908775059,LOW
F4625924E12697BAEF8DC7EF1891230B,max_consumption,0.42316882764662306,month_2_mean,0.14182277926012493,seasonal_std,0.1362077321941559,0,0.4918592304602641,0.0399068733190988,0.3562735233179145,LOW
D9007C134BFEFFE2EB25E8288F3C9B47,max_consumption,0.7184525708495669,missing_rate,0.43136420102174056,month_10_mean,0.33690610930778936,0,0.7338981457484167,0.1608336814869445,0.561978806469975,MEDIUM
D0C30EBA8AA8552523A077DF424C0474,missing_rate,0.7771145800157351,consumption_change,0.6215521216220607,max_consumption,0.3877250812289692,0,0.695443369928971,0.0889471160020369,0.5134944937508907,MEDIUM
11E2E5B192853202D049BFE752F5824C,month_2_mean,0.23008001792246033,max_consumption,0.14730166717500565,first_half_mean,0.05943802297361665,0,0.2383404847141662,0.0280826638108635,0.1752631384431754,LOW
99C0A1FBF6E4A56C934F3F737816F861,std_consumption,0.4325416691285523,max_consumption,0.32052465422695947,min_consumption,0.31872233496966185,0,0.4482369326061032,0.0659145056420625,0.333540204516891,LOW
70689883972960431FD1C1F2B4A159CB,min_consumption,0.3928442307654148,long_term_change,0.21307102260713262,zero_rate,0.16289141302986138,0,0.1379910973127411,0.1800239391276474,0.1506009498572129,LOW
09882A7662F9DBDC6A2D0CEDD33B0E93,max_consumption,0.7012093879494504,std_consumption,0.3706621920936265,month_4_mean,0.35810138574244027,1,0.8101548444833258,0.1601967593807673,0.6151674189525582,MEDIUM
9FA2DD3686DDCEBC88A92D9561E5BE3D,min_consumption,0.33344320599645033,month_7_mean,0.2097167749780396,month_1_mean,0.08461678985902904,0,0.2120494826865969,0.0123062059366758,0.1521264996616206,LOW
28C43B4E2E3DD518899CCA00772D70BD,min_consumption,0.4579607947410514,zero_rate,0.22643763860220908,first_half_mean,0.09960211669267363,0,0.1568501125906395,0.0289395418308152,0.1184769413626922,LOW
118C06A16D895F92311AB97A49D1181C,min_consumption,0.4508679205179741,zero_rate,0.18338181386997393,first_half_mean,0.08969071668894323,0,0.1335423976803439,0.044419283123543,0.1068054633133036,LOW
35A513A8EBE536F70E028651B34A7CFE,month_7_mean,0.21205567864792682,min_consumption,0.1924550517217506,month_6_mean,0.1316734074756594,0,0.4278210659555537,0.0127134052597619,0.3032887677468162,LOW
A8425C85C004A4604560426550D53AD4,min_consumption,0.39190383094932996,consumption_change,0.3631346345477237,month_7_mean,0.18985229111369878,0,0.3382006104048675,0.0559536664059511,0.2535265272051925,LOW
C8CDBB6124F38C6544D40638577D0D4D,month_7_mean,0.1779412314978694,max_consumption,0.14435331180600292,missing_rate,0.13539403209011913,0,0.2520421852056706,0.0179397985483214,0.1818114692084658,LOW
F974EB09640169BE2210A01B6B96B071,missing_rate,0.3447597344076312,month_3_mean,0.13536093746172811,month_7_mean,0.12766476783053204,0,0.3497399942609578,0.0693959513399891,0.2656367813846672,LOW
02C20A30A72FE443355E5B2154E69AFC,min_consumption,0.4804109546345802,zero_rate,0.13819241732696563,first_half_mean,0.08088954184192372,0,0.1011083936846412,0.0249934000975805,0.078273895608523,LOW
362ED222649B49760727C3C33E1489EB,missing_rate,0.5868576843433405,month_6_mean,0.160890990889259,month_3_mean,0.0847822320067051,0,0.3304730375499954,0.0304473606976941,0.240465334494305,LOW
0F16EB5D3D02592DBA0EC06154CB6F15,min_consumption,0.39498490567987693,zero_rate,0.1936838980891953,month_11_mean,0.0894380996262005,0,0.1468289243716527,0.0457591908673104,0.11650800432035,LOW
70AA17144CD1050BB4F53EAAF04A7831,max_consumption,1.297904671130647,std_consumption,0.6737221695531076,month_10_mean,0.5859958741668285,1,0.9003195087249347,0.5876789181865848,0.8065273315634297,HIGH
5D4143415390C42A6E601FE256005E74,month_7_mean,0.15929204021889257,long_term_change,0.12690515352677814,month_11_mean,0.09317072703794677,0,0.2159964650904665,0.0087287601389247,0.1538161536050039,LOW
BB327072D1F763C586B8544B4CF44951,missing_rate,0.41871584159181224,min_consumption,0.40471315155658877,max_consumption,0.3455518240412556,0,0.4898996321621583,0.0587585278940446,0.3605573008817242,LOW
6D3DF25FCB7CB2B773FF3DC985C92B92,max_consumption,0.1511971185960824,month_6_mean,0.11478716016138632,month_7_mean,0.1084803570749728,0,0.3616961273645374,0.0053414363847297,0.2547897200705951,LOW
C6915D36AE17763874EEBA1E598D9C1B,min_consumption,0.37636107128471596,zero_rate,0.16073200152048522,month_2_mean,0.09369692727777708,0,0.1895407793067045,0.4468012596229004,0.2667189234015633,LOW
CF1162055F77C9BA077874B2261F1A6D,month_6_mean,0.1567129232091471,long_term_change,0.11232454927523111,missing_rate,0.08831979054075241,0,0.2319941469348277,0.0168461724282726,0.1674497545828612,LOW
1C07A7900C7D1C011C638FFC26C3D8D6,month_10_mean,0.2596044070973016,max_consumption,0.164797300295004,month_11_mean,0.11397296025794337,0,0.4419167508616596,0.0177478004176234,0.3146660657284488,LOW
649AD42EDAEC94E0D89CAE654E2DC6F0,min_consumption,0.43384215778606233,consumption_change,0.2609473341739444,month_7_mean,0.17965366387309023,0,0.4062903371767799,0.0316088287014033,0.2938858846341669,LOW
0730ACD4FD94FAE56BC73FDD072E9C4C,month_6_mean,0.18053378109555876,max_consumption,0.11791723657682616,month_7_mean,0.117137244280435,0,0.4056056759312069,0.0151255383536927,0.2884616346579526,LOW
A76C38D51611F22144423260B5EE291B,month_6_mean,0.16907098981039664,month_7_mean,0.15041341618014506,month_3_mean,0.08859113990343488,0,0.0961941575839882,0.0144060423940359,0.0716577230270025,LOW
C23A141533D612784D6B118EFF0E01C6,missing_rate,0.18531206153592006,month_3_mean,0.1846464071521401,month_7_mean,0.15560632025723756,0,0.3542509230905447,0.0312920505309452,0.2573632613226648,LOW
64CF3E588C16BD94AAC8B80A62CCA402,month_10_mean,0.1726990630656623,consumption_change,0.1161555199047666,month_3_mean,0.0632490935082858,0,0.0956335575369974,0.0509456818417884,0.0822271948284347,LOW
8BC0E96FD276296686B40DC7EE11CCEB,max_consumption,0.4111870051523021,std_consumption,0.23269073953793792,seasonal_std,0.1428863558400939,0,0.4093902894879318,0.0679858134220859,0.3069689466681781,LOW
6091FF3917ADF160FA7F7356C2D9CFD9,month_3_mean,0.21189979875814854,month_6_mean,0.16504483668102438,month_7_mean,0.11861790277154675,0,0.2901764304487392,0.0368237588841822,0.2141706289793721,LOW
B4D7D4383A60B3E4FCC19F33A482C931,max_consumption,0.5086823038495077,month_10_mean,0.47159925989390783,consumption_change,0.397283377243095,0,0.6934488913986714,0.228186304085551,0.5538701152047352,MEDIUM
B3629E228BA270DE1924D4567FF7E16D,min_consumption,0.3419538608902852,month_7_mean,0.2277306887441683,missing_rate,0.21672216686037898,0,0.3395900073072253,0.0352821750325513,0.2482976576248231,LOW
BFC593908DB8BB31BF0D1A58D6B4A3A6,missing_rate,0.47805299458529477,month_7_mean,0.17896253623744077,month_6_mean,0.1312931980451161,0,0.3111740247672369,0.0367271928119965,0.2288399751806647,LOW
D57450BE243504763201DD7A1CF432CC,max_consumption,1.029067625618764,std_consumption,0.3574417152776503,month_5_mean,0.2949962943481038,1,0.7469678562334252,0.264985744948635,0.6023732228479882,MEDIUM
5CA8A11807180F3C51184288B0C8251C,max_consumption,0.5784571240224168,month_6_mean,0.3038038241784433,month_3_mean,0.20994001359623488,1,0.6853088601857559,0.0185105642820734,0.4852693714146511,MEDIUM
C6BC939F0A305A323059B44E6B9B17AC,month_6_mean,0.14937906088935832,max_consumption,0.11332664527352285,seasonal_std,0.09659807549237232,0,0.4191107020716917,0.0157545590814393,0.2981038591746159,LOW
C4D168775334F431948B184A8FC9C5BB,month_10_mean,0.6405530959604169,max_consumption,0.49334164181062473,consumption_change,0.4512602754251654,0,0.5779200542104201,0.1658324300995528,0.4542937669771599,MEDIUM
9D0A0A53A5CB43413FD4FCF324C00B87,max_consumption,0.8652557388635119,std_consumption,0.4115940605908007,missing_rate,0.3764846505273794,1,0.8453384797943162,0.1439760487447774,0.6349297504794545,MEDIUM
68FB8E63C2C2453AE6A800EB803A4FA4,month_4_mean,0.3120614378988376,month_10_mean,0.2825057953335605,min_consumption,0.1951723384571003,1,0.6706283953622054,0.0870737796565456,0.4955620106505075,MEDIUM
B8D8A7C2B7CD9C61EDFA485523E006CA,min_consumption,0.4579607947410514,zero_rate,0.22643763860220908,first_half_mean,0.09960211669267363,0,0.1568501125906395,0.0289395418308152,0.1184769413626922,LOW
6C70600EC80E7D6B403A2C10C49B43BE,max_consumption,0.2407443985783303,seasonal_std,0.10385962823558115,month_2_mean,0.07935019844278812,0,0.2263664384086758,0.0137678528297166,0.162586862734988,LOW
B25D751F8F75F2F28C5E97FC2FBD10FA,min_consumption,0.4012996712689096,zero_rate,0.2147415492088119,missing_rate,0.09819091783849665,0,0.2134981541149342,0.0383220341827077,0.1609453181352662,LOW
0A1829353632AD0B7A1A93E2D0909B76,max_consumption,0.5198117659809544,std_consumption,0.3193206399513462,month_2_mean,0.09671830560383468,0,0.4497839247915633,0.0362110952486871,0.3257120759287004,LOW
7FC06FE4E7BFA2D69B1607F4DDAC236F,min_consumption,0.214048664448771,missing_rate,0.2130669996576214,month_7_mean,0.16794308807320726,0,0.3240081337628708,0.0207034579194625,0.2330167310098483,LOW
C3380AA06F3F6D0A74C2B6E85E78191B,month_5_mean,0.12493155448778202,month_2_mean,0.10111569355883684,median_consumption,0.08041995866115823,0,0.3582051388598276,0.0160644404082062,0.2555629293243412,LOW
556D56AB77CA9C935A205B8BCF6E75AD,max_consumption,0.4077450422516011,std_consumption,0.34319495599604705,min_consumption,0.3085931660253155,1,0.6521677780061206,0.0571450941637166,0.4736609728533993,MEDIUM
1C864DE69087CA8F99328DE0E1401097,missing_rate,1.06147347066548,missing_count,0.08205100844210192,month_3_mean,0.07462981774267229,0,0.4294308436009872,0.0273338643378312,0.3088017498220404,LOW
48A8E97AC0BFE828734D5E32662E861C,month_7_mean,0.24091246779195644,max_consumption,0.16555288478839858,month_6_mean,0.16323464063171828,0,0.3027876052939213,0.0067222308445933,0.2139679929591229,LOW
1884F3B1065666FE632F9D8DEA288126,month_7_mean,0.16311163176696783,missing_rate,0.14545803803063775,month_3_mean,0.12331531745621231,0,0.1304691873577603,0.0365984304849796,0.1023079602959261,LOW
449C5E7EFB10AC7CBD6A490F9BE2137D,max_consumption,0.368664192899865,month_6_mean,0.1453868131072706,missing_rate,0.1368105212927727,0,0.3800118685019056,0.0377739126278966,0.2773404817397029,LOW
985266D6885033EC266A0855E3465DEE,min_consumption,0.27745983515331213,month_7_mean,0.13282546920741226,month_6_mean,0.0910570297034461,0,0.12739090311698,0.0275885394711441,0.0974501940232292,LOW
5CD9095431704032A90FECB26CDEA4EB,max_consumption,0.23302655750566034,long_term_change,0.1665500748249366,month_6_mean,0.15210516959330841,0,0.3357284659015397,0.0518791677353078,0.2505736764516701,LOW
4ED27E28BB6E2ABE8AF94BB6BAFE6AD5,max_consumption,0.2882896752734165,month_2_mean,0.19580632914664686,long_term_change,0.12697670185400137,0,0.5397095135325992,0.0534017343146378,0.3938171797672108,LOW
74792B78BB3E887E16DAE37D818290CF,seasonal_std,0.12583861286426418,month_6_mean,0.0809252672345447,month_8_mean,0.06639950735549428,0,0.1344735057472061,0.0117879216608065,0.0976678305212862,LOW
4F6539621A44D2026D3247D6206BA7BE,missing_rate,0.3344997574104409,consumption_change,0.3340360045734213,min_consumption,0.30771626528800367,0,0.3868264593669146,0.1185702457122407,0.3063495952705125,LOW
FB38B12B97C9B8FE40C13F10C56112C3,month_10_mean,0.4953696818937161,min_consumption,0.35858667654971976,consumption_change,0.3528549184878451,0,0.6554619813372691,0.7695386070293724,0.6896849690449001,MEDIUM
7FF84630925AFDD3AE9D7F8788BA52F0,max_consumption,0.7284345050438475,std_consumption,0.2523810264223434,month_5_mean,0.09387654983594396,0,0.3526771468432688,0.199511610543541,0.3067274859533504,LOW
F55E94F7B4229C2F69E9113A7D93236D,max_consumption,0.5895540761186709,month_4_mean,0.3426719841197486,std_consumption,0.29875430550046983,0,0.5493047146167339,0.0965472346030113,0.4134774706126171,MEDIUM
9494EF9D4528A088BCD0C75FD1518C74,month_6_mean,0.14671989973604918,month_11_mean,0.08751198077997062,month_7_mean,0.07644076921796486,0,0.1380607221302422,0.0203657930844316,0.102752243416499,LOW
8C7B761C9D048FEE2E960D4650549EE7,month_7_mean,0.17094287666573718,month_6_mean,0.15460375856666836,month_3_mean,0.08364378617221868,0,0.2141964251984787,0.0281697078328666,0.1583884099887951,LOW
322C720C57D5E8031E4066E5A4A66190,month_6_mean,0.20192065871265216,month_1_mean,0.13802950471297742,month_11_mean,0.13656303347023557,0,0.3273540993307619,0.0104889739802902,0.2322945617256204,LOW
7D99788858A74F0E1748FD938B616A23,min_consumption,0.4579607947410514,zero_rate,0.22643763860220908,first_half_mean,0.09960211669267363,0,0.1568501125906395,0.0289395418308152,0.1184769413626922,LOW
88D831C0230BA28AF374F7DB0CD791E5,long_term_change,0.2048647754445639,month_7_mean,0.20360973238459065,month_10_mean,0.14673929325737944,0,0.5442425200778729,0.0126942225232311,0.3847780308114803,LOW
3102833E972BBE30A91ACFE689FCD3BE,month_7_mean,0.19837881200617966,missing_rate,0.12032219989445453,month_6_mean,0.09947217987193308,0,0.3271013164843658,0.0248609456353076,0.2364292052296483,LOW
E12DE71BF51F1AAD4902A80F015EBF29,max_consumption,0.4347647478740294,std_consumption,0.3029476172877947,month_11_mean,0.07576453212910737,0,0.304932794027267,0.1153196440027796,0.2480488490199207,LOW
881D364FAD62AFE633F8658005A6D6BD,month_6_mean,0.1841372119554163,month_2_mean,0.13775216101176307,month_10_mean,0.08233901689325229,0,0.281398379349548,0.0088678564003832,0.1996392224647985,LOW
1E842AA6EF6C540C6DF8B3540608638E,min_consumption,0.20606524359073006,missing_rate,0.11313518276623682,month_6_mean,0.10460888075695957,0,0.1879957296188884,0.0297109060531821,0.1405102825491765,LOW
C30045F6B62DB39740631D0AB7E28DAD,missing_rate,0.7241975291321633,min_consumption,0.285081416696909,month_7_mean,0.18665486191934066,0,0.3733689586152222,0.303336500278678,0.352359221114259,LOW
8F68311F2E3D5A1C8E897C97F28271D7,long_term_change,0.14895560920236375,month_6_mean,0.12325630745973719,month_7_mean,0.12078063018508099,0,0.1383276481001247,0.0147361246931533,0.1012501910780333,LOW
BDC4B8F0F4ADC08E72CC9A46AF6D10F2,consumption_change,0.29633373791202544,max_consumption,0.13772038036743792,month_11_mean,0.12277425390785464,0,0.161290424043291,0.0388337155053205,0.1245534114818998,LOW
E2ACC48E6A35D9729E25E0F41F2879EA,max_consumption,0.9611026736501741,missing_rate,0.7160893806109598,min_consumption,0.3330289753152044,0,0.8153642517119543,0.3921017490342293,0.6883855009086367,MEDIUM
B611D790CB2A438251AD98EC61B3BA3A,max_consumption,0.3299509460058873,std_consumption,0.30418578219874154,month_11_mean,0.1963151021854617,0,0.6652007268940416,0.0754398404335128,0.488272460955883,MEDIUM
A21C5602E517FC5A5E4721D391E108F1,max_consumption,0.5384344431433133,consumption_change,0.35041385183634,std_consumption,0.2926885108564997,0,0.5006360423165284,0.065019141487637,0.3699509720678609,LOW
9778B366DE468F3B921E5DC6AD68F433,min_consumption,0.4012996712689096,zero_rate,0.2147415492088119,missing_rate,0.09819091783849665,0,0.2134981541149342,0.0383220341827077,0.1609453181352662,LOW
2961E3777D8E27C4D2B93B4F4B7045A8,max_consumption,0.08249245331807467,month_5_mean,0.08231264290987847,seasonal_std,0.07286558801731909,0,0.1204484289502013,0.0291453294398831,0.0930574990971058,LOW
40B905CD9BBF398EDE728A7497118E53,long_term_change,0.15650779041014976,month_11_mean,0.12481422635615146,month_6_mean,0.08881359909020463,0,0.0651694286378993,0.0393076026369145,0.0574108808376038,LOW
4CEFE1869E02330A8149257797869492,month_2_mean,0.3060948242563565,max_consumption,0.28159701275377647,seasonal_std,0.11935342983615282,0,0.366019925101462,0.0256417828998364,0.2639064824409743,LOW
D9BD1A10B549409F2F19E2E95BAE90C9,max_consumption,0.4905276758495682,std_consumption,0.21767736983689467,missing_rate,0.18430744361788176,0,0.5066510422199682,0.0929587988092782,0.3825433691967611,LOW
C08FC6D9471E46155857786D0B6E5A21,min_consumption,0.2839849601306032,month_7_mean,0.13564223447479123,month_6_mean,0.08861589630104143,0,0.1002352626276175,0.0265822691380827,0.0781393645807571,LOW
DEEE48F12DCB559B6422B9FF1FD28BB4,min_consumption,0.28311536546270843,seasonal_std,0.12970132586263758,month_6_mean,0.11415933408526423,0,0.412864073274892,0.039326750380547,0.3008028764065885,LOW
8A052EF607D7E676E443BB5B33340881,min_consumption,0.39695520328644623,long_term_change,0.15890372839924172,missing_rate,0.13017147781473887,0,0.2700312254129626,0.0413483749175676,0.2014263702643441,LOW
4800F66505E74751518ED9CACBD4A492,month_10_mean,0.6776213808455553,max_consumption,0.653608770987192,consumption_change,0.2985762817023213,0,0.6885197171780487,0.3523756089946007,0.5876764847230143,MEDIUM
35F8F59BAB2AF793018F6A8F01AEA8D0,min_consumption,0.44690588045934126,first_half_mean,0.13676372340983753,missing_rate,0.12560922367706245,0,0.2152572609964686,0.0415602920661545,0.1631481703173743,LOW
31CE91AA550973FDAE860B7DB627FD94,missing_rate,0.21699662514885867,month_6_mean,0.1778469722806938,month_7_mean,0.13396154288134762,0,0.3370191623896353,0.0184355750975565,0.2414440862020116,LOW
A5FAE38AA5AAA2A27B9E098A97553419,max_consumption,0.23608330923758644,month_7_mean,0.22411645720077625,month_6_mean,0.16993166566143683,0,0.3240577104664616,0.020757092187432,0.2330675249827527,LOW
281F2999DD61CB3B8A82D2F82582E20E,min_consumption,0.4579607947410514,zero_rate,0.22643763860220908,first_half_mean,0.09960211669267363,0,0.1568501125906395,0.0289395418308152,0.1184769413626922,LOW
C3C42A457E49FA6028C9AD647FECB9F0,month_6_mean,0.24258630555712268,month_7_mean,0.21776466299507413,month_11_mean,0.08741947912977956,0,0.3959453884447146,0.0118042282185888,0.2807030403768768,LOW
A4E634A60A7ADF4A2B76EE7BA08D1FE0,min_consumption,0.20992997794008306,month_3_mean,0.14013863837577317,month_6_mean,0.09224526488157259,0,0.1402263335021468,0.036910834781206,0.1092316838858645,LOW
D3F35140B2A29573B064D05D5A41B899,min_consumption,0.4302342152979315,zero_rate,0.20523672734408918,month_2_mean,0.09570238878048226,0,0.1102136062345821,0.053125538333259,0.0930871858641852,LOW
25B0987FFF1B90B2809F9572A1CB635B,month_7_mean,0.20859812129076394,month_6_mean,0.1650667077816858,missing_rate,0.12195260640168279,0,0.3919330007978913,0.0340620843925677,0.2845717258762941,LOW
07AD9B18F14D04026595179C41D4F62A,month_7_mean,0.21457915514772524,month_6_mean,0.1271710666868459,month_11_mean,0.11113623227716822,0,0.1924788348229471,0.0120774332422042,0.1383584143487242,LOW
5B59B854906419D4FA9669DBE5EF8657,min_consumption,0.2970143359897788,month_6_mean,0.11428987800122868,month_7_mean,0.07881234953104324,0,0.1378198625498784,0.0348501457189624,0.1069289475006036,LOW
22464EFA9C6C10480C0484FF956FBBED,max_consumption,0.995582877811031,std_consumption,0.39187150907103474,month_4_mean,0.3340134046169298,1,0.7899826814325165,0.2495391261093798,0.6278496148355754,MEDIUM
CAB160D6814AB5B4FDBC0A20D30E359B,max_consumption,0.35015140546087997,min_consumption,0.20466470449729354,month_6_mean,0.19142881489606262,0,0.5653068637507687,0.0389860661026942,0.4074106244563463,MEDIUM
85A162A4B2A9E5E738B96D5C64B9444C,max_consumption,0.5082272020335153,std_consumption,0.23890875753583485,month_5_mean,0.16663985640494397,0,0.4515045472100903,0.0849318934040411,0.3415327510682756,LOW
12BE22AB390EBCCFA436A1A71C81FCF4,max_consumption,0.3409182301685865,month_6_mean,0.19880762013258468,month_3_mean,0.14176729238086824,0,0.4253750184793652,0.030980707385532,0.3070567251512153,LOW
6D27CC9FBDCBCD61AADEF6155D28FE7C,max_consumption,0.12791269058170912,month_7_mean,0.11096894294534505,month_9_mean,0.0950285002989447,0,0.2725197460204488,0.0221321224362607,0.1974034589451923,LOW
F15BF2B18D0A6A5A3AC86CC8051641A6,min_consumption,0.32582389320629196,missing_rate,0.23244915461145474,month_7_mean,0.19590246717866736,0,0.3263904768625044,0.0342991585742474,0.2387630813760272,LOW
A889DB25919C2C8B892BADD88DBA82BD,min_consumption,0.4475681060869882,missing_rate,0.10075801578150283,month_11_mean,0.08464868257037479,0,0.1706798361821654,0.0451650744042549,0.1330254076487922,LOW
768309B0EB11FD436CEE5ABFB84F4C0C,max_consumption,0.2963909135636788,long_term_change,0.2625111638619318,month_6_mean,0.2453395851678224,1,0.5957135350371835,0.0048521005663815,0.4184551046959429,MEDIUM
893DE40218DA023E748C75B9420640A7,month_11_mean,0.07839005110977137,month_3_mean,0.05773758982148117,consumption_change,0.031231911181812882,0,0.0812813992344651,0.0292082199198505,0.0656594454400807,LOW
B94B652C3C0488463FB1154849BA7D33,month_7_mean,0.3073875130418733,month_3_mean,0.11525464731978598,month_11_mean,0.09683439074093658,0,0.1355151020809418,0.0482828830871287,0.1093454363827979,LOW
70BFA8B83F34B69FE5CE3D2E2046C76E,min_consumption,0.327174208484841,zero_rate,0.18762559320850242,first_half_mean,0.13266665461889135,0,0.3301234700773908,0.0341338305053754,0.2413265782057862,LOW
6A8A7711B5F396245CB643E0A75CD314,max_consumption,0.4593224208749499,consumption_change,0.3012766006731418,min_consumption,0.21978178272837484,0,0.3930580532280935,0.0354811353230801,0.2857849778565895,LOW
DD194F825FBBDD6767F7D018B085020D,min_consumption,0.4589747330549885,zero_rate,0.07543717354886184,median_consumption,0.06424206387828021,0,0.0890493522350874,0.1627126073739266,0.1111483287767391,LOW
DFB8F4AF4417390DC072E710B139B93C,first_half_mean,0.3188240916122908,month_7_mean,0.07691483194211667,month_6_mean,0.0716144226384706,0,0.0848979570248302,0.0484594381468459,0.0739664013614349,LOW
B47016947542EE1ED9EA5CC3E46E33DA,min_consumption,0.32243953555065663,month_6_mean,0.11629238663545646,month_7_mean,0.08787818638628299,0,0.1434898372639272,0.0132464240991418,0.1044168133144916,LOW
A7AEB2A2DF9C5FDC72EFD5B4543B9B1F,max_consumption,0.6040240166843517,month_10_mean,0.3983868149702886,std_consumption,0.3145015694928744,0,0.5147772603133993,0.134592420668826,0.4007218084200273,MEDIUM
3D9576F8A304DA981E45749C6EC185F0,min_consumption,0.46241238513695976,zero_rate,0.21020151635236384,first_half_mean,0.07785569196907895,0,0.1522365329572609,0.044459271977424,0.1199033546633098,LOW
162683F5C34595AAF1C88AC2CE2AC36D,month_6_mean,0.13727936392702877,month_8_mean,0.10902089726481261,month_3_mean,0.09855891249489797,0,0.1259931603515582,0.0178131773274027,0.0935391654443115,LOW
0429A3B8D253679ECD155CCABD76249C,max_consumption,0.3302829285587444,month_2_mean,0.22982906256781432,month_10_mean,0.16132779846042491,0,0.3829108463016079,0.0233190667419416,0.275033312433708,LOW
CC7CD8099481117169416FFCC550E055,max_consumption,0.35476518546196506,std_consumption,0.3204727513244919,month_10_mean,0.26679736541465043,0,0.503056924012878,0.1599049244845201,0.4001113241543707,MEDIUM
57D483EBFC0D7852F22D56D9B0E5687F,month_7_mean,0.28264135834991505,month_6_mean,0.15432488300062083,min_consumption,0.10160140702360737,0,0.3685235154109597,0.006445021052027,0.2598999671032799,LOW
0D6B26B01B5AE0DF277F4B54C3BF6ECC,max_consumption,0.3722838955483365,long_term_change,0.23478856785472657,month_10_mean,0.18816974791742858,1,0.7030651077327437,0.0366583169162349,0.503143070487791,MEDIUM
F09DBA93B78BC3C9AAFF8A494EE1A12B,max_consumption,0.4520016278369224,month_10_mean,0.343080934488423,std_consumption,0.24893606381601294,0,0.616840687113731,0.1079628037300153,0.4641773220986163,MEDIUM
C9C6F2F73D77E47B3AD49CF7BEC7DAB8,month_10_mean,0.26114999481937085,seasonal_std,0.09416032551629011,month_5_mean,0.09181121698959097,0,0.2495637454445833,0.0662489925896099,0.1945693195880913,LOW
B1F3EE69B05E9B893A3ED39090ACE5FA,month_11_mean,0.07010883663907498,month_6_mean,0.0534819675205879,seasonal_std,0.04212098870267108,0,0.1122030022391003,0.0354329132149496,0.0891719755318551,LOW
FF0085DB515B9646CC215D23870E17EF,std_consumption,0.46453843215659285,zero_rate,0.34968584031890954,month_4_mean,0.2534330873655355,0,0.3305348460340684,0.0909066599047611,0.2586463901952762,LOW
086E95A1A09E2B560EC099848EDCD705,min_consumption,0.43964617635202974,zero_rate,0.3439988874350091,max_consumption,0.33698177910284877,0,0.479466129662037,0.0355784179292381,0.3462998161421973,LOW
3764AF50360BF7A5E9385CE8849D46D1,month_11_mean,0.13398699159672828,max_consumption,0.05387151706756674,month_9_mean,0.05372647366854759,0,0.1559064693192572,0.0233349751341535,0.1161350210637261,LOW
CC247372C5E39E332DC1DC624CA2FFF1,month_10_mean,0.22206245282351617,month_6_mean,0.11749160864629447,seasonal_std,0.055634029949080434,0,0.1985292575799161,0.0202613830030933,0.1450488952068693,LOW
DEDF82E43ED196EB112486EB123BC157,month_7_mean,0.21236637725910126,month_6_mean,0.1503415472749134,month_11_mean,0.0833106398414941,0,0.0741347503826049,0.028933092155854,0.0605742529145796,LOW
8C864A692CC5840072CF3BEBDA3CA8DB,month_7_mean,0.19742446748722042,long_term_change,0.1886530504101524,month_6_mean,0.18675162745070736,0,0.5092718593498835,0.0084753392969596,0.3590329033340063,LOW
8E73343D2EF45576F563DE273D029BEC,long_term_change,0.2240056929695275,month_7_mean,0.20843493005391486,month_6_mean,0.17067725478868537,0,0.3730253748820941,0.0054854698129827,0.2627634033613606,LOW
329D54A56FF4680939A245EB82076624,max_consumption,0.81920305982013,missing_rate,0.6899956140651613,std_consumption,0.4407956153843703,1,0.9213781495756004,0.1796328355617355,0.6988545553714409,MEDIUM
B092A1C66018EFF9F9391D68B4FF6266,consumption_change,0.37898208276554174,month_10_mean,0.37832926267779265,min_consumption,0.25503607751781776,0,0.4982415151056337,0.0797128935661153,0.3726829286437781,LOW
8CE85221B636CB560DEA27838CEA8918,missing_rate,1.0000563924712216,max_consumption,0.5982022060992821,consumption_change,0.46274250861480337,1,0.8754907317648629,0.2332154504906428,0.6828081473825969,MEDIUM
E6398E92D46D5DF3CD05775D8D0115D7,max_consumption,0.4848281100205445,month_10_mean,0.3713163892161678,month_2_mean,0.18946667433127104,0,0.4762052955896912,0.0486346905097207,0.3479341140657001,LOW
F885CC3E4358357C2DBDBE6EAC2BBDD0,month_10_mean,0.15792094999029746,month_5_mean,0.15067079615686887,month_3_mean,0.08559390128200092,0,0.1622185479009111,0.0246762844308151,0.1209558688598822,LOW
986FB852126B50BBBFDB6983C459D452,month_2_mean,0.21966298891776792,max_consumption,0.12021860724693373,missing_rate,0.11353773342815528,0,0.2886899738106906,0.0386371719676859,0.2136741332577892,LOW
81CB40983BB89DF7185CC673517D9908,consumption_change,0.3373689201691614,month_11_mean,0.1435863804969203,month_3_mean,0.13357154444448358,0,0.1747597719337503,0.0292006227159244,0.1310920271684025,LOW
7A7C0A3C4C645010DD2D36786B947CF8,min_consumption,0.622821721248587,zero_rate,0.2754656773771724,month_4_mean,0.05720446259194177,0,0.2158520970053719,0.0730719808317561,0.1730180621532871,LOW
511A9D6BD7B3FFA6E60B21C0F79AA963,month_5_mean,0.09045370273586788,month_10_mean,0.08241001699223857,month_2_mean,0.0795157842149144,0,0.2755553954406117,0.0176674475676754,0.1981890110787308,LOW
ACCD40D7D24A2F0B1D038210F5E0C61E,month_2_mean,0.22443632299562252,long_term_change,0.17000157991108325,seasonal_std,0.14051294322503918,0,0.2261832604134776,0.0283878629701546,0.1668446411804807,LOW
4C3DF7898AA9D1CAF5C4F9480D422432,max_consumption,0.40442849372659856,std_consumption,0.2669680915579436,month_2_mean,0.12023540655888863,0,0.3597692153871091,0.051095625781055,0.2671671385052929,LOW
45DB4A25B8D0B0E444A92F384F0DE56E,month_7_mean,0.1512871819315135,month_6_mean,0.1240573789970192,month_3_mean,0.07203857307264117,0,0.1108592688246085,0.032195211981747,0.08726005177175,LOW
1261E20B8DAF004418403B9C537C4EC5,month_6_mean,0.21273910787081496,max_consumption,0.14806074529278074,month_7_mean,0.13842383344593484,0,0.3498176534391854,0.0158176103504599,0.2496176405125677,LOW
428EAB8BC762581DBF5EE393741A7934,month_10_mean,0.5422208428372828,month_6_mean,0.20371195673173736,month_5_mean,0.15131227054492463,1,0.586051621310679,0.0088600210309283,0.4128941412267538,MEDIUM
67408CFB4336DD4ECC8681B3AC9FAB90,seasonal_std,0.16834467882915707,long_term_change,0.11537172486705746,month_2_mean,0.07637327884165118,0,0.3440544980472739,0.0275488781817386,0.2491028120876133,LOW
7CB5E687240352412165444088EA74EF,missing_rate,0.7408024811877464,min_consumption,0.16753747140715655,month_3_mean,0.11620777287024578,0,0.4066391334947264,0.0616713670955036,0.3031488035749595,LOW
7916C1AB4EFB4D955F7846B65463FEFF,month_9_mean,0.11661983745087512,missing_rate,0.09978534883876546,month_11_mean,0.07212577533690581,0,0.2107799097577205,0.0171568351251177,0.1526929873679396,LOW
DDCA89C8CF4B01EB21A2699AE8FACD9C,max_consumption,0.4743957025431607,std_consumption,0.2201170239401124,month_10_mean,0.21255413108249663,0,0.562833620256471,0.054350984068819,0.4102888294001754,MEDIUM
98F96CC30FD574CE7D77BB20A03E3ABD,max_consumption,0.1618536015328671,month_2_mean,0.0695004163253961,month_10_mean,0.054054308133154975,0,0.2180519270400647,0.0091275102392348,0.1553746019998157,LOW
AFEBDE07CE95033C56742D89F6A6ABD9,month_7_mean,0.12368495843427393,month_6_mean,0.10449162771558361,month_8_mean,0.03644975657970162,0,0.1189376021911848,0.0193257933520726,0.0890540595394512,LOW
DBE64DE95274022567790BD363897CB1,min_consumption,0.44913379219834126,zero_rate,0.2262553770853299,first_half_mean,0.10029325300413545,0,0.1462051119982821,0.030054434736783,0.1113599088198324,LOW
220CBAC12FF6601DFEDCCA6504A651D7,long_term_change,0.15316647858827553,month_6_mean,0.12449425342093852,seasonal_std,0.09887515778155366,0,0.2867414359587262,0.01358977216695,0.2047959368211933,LOW
7686613DA977C8B5A5EED830A07EF213,missing_rate,0.10628802900043804,month_11_mean,0.06428731073371256,month_9_mean,0.05954997637060962,0,0.2026480219365529,0.0163327031321799,0.146753426295241,LOW
41F23CC97310B6DDB9BD5D72C705DB21,max_consumption,0.20944157174128575,long_term_change,0.20491822889357889,month_6_mean,0.20236559226991072,0,0.5030061348721049,0.0319055963588082,0.3616759733181159,LOW
00FDE29464F6BFF957ED9DDC0AC92FAE,min_consumption,0.4012996712689096,zero_rate,0.2147415492088119,missing_rate,0.09819091783849665,1,0.2134981541149342,0.0383220341827077,0.1609453181352662,LOW
4C96767A8B040A90B8F89925DA624B24,month_7_mean,0.22184971517947735,min_consumption,0.14560134066216185,seasonal_std,0.11682207524447745,0,0.4290105182398862,0.0209409400794648,0.3065896447917598,LOW
5418F3968391C3C6AA86BCFB071B41FE,min_consumption,0.5015588890548753,month_6_mean,0.16605695929319902,consumption_change,0.15287614732085783,0,0.205210885037415,0.2632275443099626,0.2226158828191792,LOW
A3AE3379BD266F229AE078664E8064A7,missing_rate,0.4671708383999049,min_consumption,0.3961560655487165,zero_rate,0.21658132500102517,1,0.2881470340014819,0.0566031344162808,0.2186838641259216,LOW
967BAD5A2280DAD14F44A63BA1E2DBE9,month_7_mean,0.22136522373688047,month_6_mean,0.19963507695261035,min_consumption,0.18574348993755413,0,0.3488464798048158,0.0172179432784594,0.2493579188469089,LOW
3AEDBD1B437F90C314E993B41E73EDB5,min_consumption,0.5007884187488272,zero_rate,0.24397150169480225,month_6_mean,0.14540412044856976,0,0.1847437556709493,0.0489756884889127,0.1440133355163383,LOW
012E9D46D3773353F210CD51DAC26C40,month_7_mean,0.1350900473668994,month_6_mean,0.11433134529399085,month_11_mean,0.10723139864557196,0,0.1376393282813069,0.0257845624288788,0.1040828985255784,LOW
6210F8A679B1E3CEB38EDA68E5ECC546,min_consumption,0.5301158259020855,max_consumption,0.41107875626671964,zero_rate,0.3615419383145914,1,0.6375671666916636,0.0989690323309209,0.4759877263834408,MEDIUM
37F9BE7303208F2081C964ECBA9DB208,min_consumption,0.35204420412723175,missing_rate,0.22099110074790895,long_term_change,0.15909537991747982,0,0.3539997754725126,0.0292865869947108,0.2565858189291721,LOW
A6CDB79C3460592AEC04338F77B75B88,consumption_change,0.3912185611991878,min_consumption,0.31321497431460626,month_6_mean,0.12597921167624174,0,0.3199643985648098,0.0379614171428181,0.2353635041382122,LOW
D78298701BC9D1CCF00A998C54643E97,min_consumption,0.3389075495330021,first_half_mean,0.07691216738741927,month_6_mean,0.07656115019830033,0,0.0757558936461473,0.0413795684300123,0.0654429960813068,LOW
F9B8E1B5F9900DC4AEAEF2EA8A004596,min_consumption,0.34474211081865663,month_7_mean,0.13779962036034704,month_6_mean,0.08255073073673237,0,0.1055556378255987,0.0278762688479115,0.0822518271322926,LOW
9F50441B64ED6B56BB9A6464A917E284,missing_rate,0.2047114741478761,month_7_mean,0.14402446560895055,month_6_mean,0.09907010758690502,0,0.2696215853788223,0.0305801088302616,0.197909142414254,LOW
4EAE1CBD44483977BB58C1D348985948,month_6_mean,0.15989444945857068,month_7_mean,0.15088642229573881,seasonal_std,0.104691762330127,0,0.2643990004099328,0.011803210997768,0.1886202635862834,LOW
7903A0DE5B5371B00B4A0CF7E66057B9,month_6_mean,0.1697996219554979,month_7_mean,0.11192280415892816,month_3_mean,0.0897001527704668,0,0.1526402212104694,0.0228297475231307,0.1136970791042678,LOW
3B563CAD5EA58FEDA796BA5CB114E9A4,min_consumption,0.47692420059385704,consumption_change,0.2921188088338912,zero_rate,0.20768696380931503,0,0.3265288605042197,0.512917467175206,0.3824454425055156,LOW
2AA69C583F2998A578FBC64AEE860587,min_consumption,0.4012996712689096,zero_rate,0.2147415492088119,missing_rate,0.09819091783849665,0,0.2134981541149342,0.0383220341827077,0.1609453181352662,LOW
B15C46E7900781D483359BFAB58E6158,max_consumption,0.5156733667778313,seasonal_std,0.14639765773929594,median_consumption,0.05037479106714374,0,0.4050257001865737,0.0245745405111075,0.2908903522839338,LOW
3D8C4A58F44F0BAB0885BDC13A82392C,missing_rate,0.7034443722174157,std_consumption,0.2423793610824406,max_consumption,0.12777458042432555,0,0.3302433645614419,0.6439867825828484,0.4243663899678638,MEDIUM
46217C46DF5264ABDC51FCA84B749236,month_10_mean,0.3760053179036208,month_11_mean,0.11258780033402521,month_5_mean,0.11025820868753987,0,0.4738138228837479,0.073091265160276,0.3535970555667064,LOW
7672E01F9BA5CBCAC6720B9DE18AF367,max_consumption,0.4556897747193994,month_6_mean,0.19377925149391176,long_term_change,0.17873273371461232,0,0.5286825833504879,0.0163765019181624,0.3749907589207902,LOW
B4E897817CE80A52196E697A0B204587,month_6_mean,0.1894177340722745,month_11_mean,0.09419846242843939,month_8_mean,0.06513019767961992,0,0.2102698364018218,0.0101051240858423,0.150220422707028,LOW
ED34A2F3C0CA1581A6247E6156F1116D,month_6_mean,0.18479801092098033,month_3_mean,0.10165073695617756,month_7_mean,0.0945974551699902,0,0.2318130040216483,0.0242171796799803,0.1695342567191479,LOW
8EE86B78AA64B6BA14A8F738DA6E6251,month_10_mean,0.29784668835815253,month_6_mean,0.12589794236920884,month_2_mean,0.08450992460200739,0,0.363242773593034,0.0196389609724192,0.2601616298068495,LOW
ED795F3AE6197B5B41F0476447519034,min_consumption,0.3584542004062708,first_half_mean,0.12712970821477618,missing_rate,0.11267203663788711,0,0.2100110936019661,0.0394700238526682,0.1588487726771767,LOW
5144D09F96C2FBC595EEAC9F63011203,min_consumption,0.5119402797458065,max_consumption,0.22649691099611,month_7_mean,0.16507075470961008,0,0.3409612832172588,0.0383151955576534,0.2501674569193772,LOW
2AFAA2CAE62895631D431EC2B0E2CF99,max_consumption,0.5437394723387073,month_10_mean,0.08749231855430165,recent_mean,0.051715286055323,0,0.2669717602073118,0.03000093417814,0.1958805123985602,LOW
22400788D55BB2D680B2CFE949FACB02,month_4_mean,0.40773973074119285,max_consumption,0.3493615467139284,month_10_mean,0.3473047378774459,0,0.584092171088982,0.0734732699074999,0.4309065007345373,MEDIUM
2D4E7F224B81E69178DF7140EAD46E17,min_consumption,0.42164105900989407,zero_rate,0.12240461773680988,first_half_mean,0.11235131910581159,0,0.071126288182906,0.0466185327785102,0.0637739615615873,LOW
B6816E6D4578B8F9363286B3F3AA727C,month_7_mean,0.2017322958518896,month_6_mean,0.16434087342887757,month_3_mean,0.10992285513248685,0,0.269394822782587,0.0136060459823461,0.1926581897425147,LOW
278CE92B8AD42DBABC68B95E01731864,min_consumption,0.41733395216312774,month_6_mean,0.0775322631387289,first_half_mean,0.06866649204195664,0,0.1616770099061661,0.0254622508433435,0.1208125821873193,LOW
F75D3D2ABE2A4F98BB5730F05577CA6B,max_consumption,0.5494965835649367,std_consumption,0.25410180653223036,min_consumption,0.1203061458673972,0,0.4631814118860819,0.0537186351556031,0.3403425788669382,LOW
130447AF8C1896174B69101EE32E5175,max_consumption,0.426544239971161,std_consumption,0.206552254628287,early_mean,0.12836376861024776,0,0.6485063832372909,0.0434861573420361,0.4670003154687145,MEDIUM
575A46AC7232FD60EB45C567B344C53C,month_6_mean,0.08739445907880816,month_11_mean,0.06708339029263376,month_3_mean,0.05357113924177279,0,0.1073852948259847,0.0090219841150152,0.0778763016126939,LOW
952CFEBAF521E88F4C1AE9508033E8FC,min_consumption,0.2513375929533215,month_6_mean,0.1599365613119335,seasonal_std,0.08884662711362595,0,0.2640472492000978,0.0102968434603787,0.1879221274781821,LOW
2888645FAB5F470F01E038368E3F8B95,max_consumption,1.0193068383424366,std_consumption,0.6215207157408196,month_10_mean,0.48326126173360695,0,0.7701991487510454,0.4706023455311221,0.6803201077850685,MEDIUM
5CDC4CDAFB7CA003115A13CE3832E327,std_consumption,0.32173921572607367,missing_rate,0.17211889271220854,month_11_mean,0.08564643404035953,0,0.1978525688247161,0.0584954208421625,0.15604542442995,LOW
4AF95A5D4316C79A1ABA6FED9DC5DB58,max_consumption,0.40444290054124876,min_consumption,0.2527705780345617,month_5_mean,0.1710697980786964,0,0.4089689800386042,0.0333434373800932,0.2962813172410509,LOW
41130E3F5C697387EF0C81D1EAA83346,month_2_mean,0.1726966087087247,month_10_mean,0.15228339137015315,month_11_mean,0.14043456548818475,0,0.3126150505859892,0.0513103835833577,0.2342236504851997,LOW
5C6AF31C4D675B667DB7D6BD0E7796A8,month_10_mean,0.46183121463157106,max_consumption,0.41967618478329544,consumption_change,0.34612828737938045,0,0.7361144954450591,0.0974712121346909,0.5445215104519486,MEDIUM
DD7DB94D0EB8DEEF0229075D62180BC8,min_consumption,0.24383522011999384,month_6_mean,0.11152569433367963,month_11_mean,0.09140216284724846,0,0.2051817590764537,0.0076227201841653,0.1459140474087672,LOW
C92835A76EB9D7985595DB418D19963B,max_consumption,0.41539668904036126,std_consumption,0.28153872586849304,early_mean,0.15427003699435451,0,0.6403161810958327,0.2676644700337318,0.5285206677772023,MEDIUM
F09DA0F21DB9419CF1B04A1FFA76B6D9,min_consumption,0.19744380877617013,month_6_mean,0.14375929179630037,zero_rate,0.08607676072663668,0,0.292194742937751,0.0243446650191744,0.211839719562178,LOW
C08B376BF71030852A193B65480B43EA,min_consumption,0.5855759225275559,consumption_change,0.2734129481691259,zero_rate,0.23194606130713294,1,0.6154794318534954,0.0223514989498895,0.4375410519824136,MEDIUM
2907FFEC564468129F7076272652A3D8,month_7_mean,0.33104038454161633,min_consumption,0.3309937748352904,month_3_mean,0.18387240326502802,1,0.5847459211557378,0.0486068502940703,0.4239041998972375,MEDIUM
5DE41A457FEB82D3CAE204894830F01E,min_consumption,0.4439714725617568,zero_rate,0.14210070889153326,first_half_mean,0.11990093949144473,0,0.0482533006352619,0.0431939137690089,0.046735484575386,LOW
27F68BF2390B119C49CE1F18CA445001,month_6_mean,0.16400289806963628,month_7_mean,0.16334831209944917,month_3_mean,0.08967287805301159,0,0.1641341243544994,0.0390619271091447,0.126612465180893,LOW
2551A64A5F5A03F5C4041B74AF3BAB98,month_7_mean,0.2248958268385892,zero_rate,0.19095319877609107,seasonal_std,0.16976513737780904,0,0.4969658057739579,0.0368983106002906,0.3589455572218576,LOW
2E5234937CCF8B7B22327CA21C2D724A,month_3_mean,0.15344003380237642,month_7_mean,0.14289506756104786,month_6_mean,0.13291994285700034,0,0.3592437925848534,0.0293424655562756,0.26027339447628,LOW
879FF0C700B2EF195655361B8921A17E,month_7_mean,0.1483106609463314,month_2_mean,0.13178810083848883,month_6_mean,0.13018018936499257,0,0.2655168666363994,0.0106507370706254,0.1890570277666672,LOW
FA370BE62ED0A9A183FF9AA56BCFCB03,min_consumption,0.26904677298758617,first_half_mean,0.13869313129252722,long_term_change,0.09864910517958984,0,0.1813950385016522,0.0303440476904495,0.1360797412582914,LOW
A9FBF055837EB499C593C096600E0664,min_consumption,0.24383917767874888,month_7_mean,0.1741308901757725,month_3_mean,0.0964387035927165,0,0.2935189772702596,0.0204369249932847,0.2115943615871671,LOW
2490B00BED59785049440DB7F9B69738,month_7_mean,0.146198970682711,long_term_change,0.14247580795297604,month_6_mean,0.14068360129720162,0,0.1828068583713122,0.0411418853269288,0.1403073664579972,LOW
DD98238D4DCD5E85710AB64493B2DA70,min_consumption,0.3675955097660465,consumption_change,0.29931850554277456,month_7_mean,0.17108689310253775,0,0.3535107200992514,0.0784932053769599,0.271005465682564,LOW
7629F6B21DCC68356448A8F65D644815,max_consumption,0.26605373753919725,zero_rate,0.2393326181937916,std_consumption,0.2294987325382865,0,0.2055752140744195,0.3570816529882335,0.2510271457485637,LOW
2630ABEBA1FBA79522FD393A57149A50,min_consumption,0.3379030174776944,month_7_mean,0.281623899366244,month_6_mean,0.15460146011510442,1,0.6405622839119677,0.0314641889429132,0.4578328554212513,MEDIUM
939A9913A851544DB6C03F1400213519,consumption_change,0.6071385265690661,max_consumption,0.5719568536400885,std_consumption,0.36871430923500925,1,0.7098770096288857,0.1503109388672502,0.5420071884003951,MEDIUM
E36CF9F2283F0E15AE95133702C16147,max_consumption,0.6099946733668377,month_10_mean,0.30952472474886933,std_consumption,0.2446729600526207,0,0.5818052504466036,0.0595911538238818,0.425141021459787,MEDIUM
A58E2AD78917223DD141861B41D61B98,month_7_mean,0.14630551482250043,month_3_mean,0.07095113037219021,month_6_mean,0.06965093929133837,0,0.09850595057307,0.0305240414273131,0.078111377829343,LOW
4CB5F2933EECE1317A80086B1BA6F8A8,min_consumption,0.42549584663056333,zero_rate,0.20962071281494676,month_6_mean,0.07076821755555868,0,0.1216254161622885,0.0550043892813891,0.1016391080980187,LOW
F5AD3EBDAE78792C0CC3EA02D12B74FA,min_consumption,0.3376921530811243,month_6_mean,0.22069442839805345,max_consumption,0.20383381970239628,0,0.1553756239180197,0.0631795134132161,0.1277167907665787,LOW
86575227F622C42D78FF3568CA94CBD7,missing_rate,0.5117355346313931,min_consumption,0.3656262346182911,consumption_change,0.23610228193169389,0,0.4335046599229232,0.2512958012661646,0.3788420023258956,LOW
E3DFF1C110602006EA704D044C7F5E8B,max_consumption,0.4112665620342618,std_consumption,0.27023377485588457,seasonal_std,0.11030502953038754,0,0.4151421334950437,0.0555855219640545,0.3072751500357469,LOW
70835749986B52CD90C8E694DEBB3B8C,max_consumption,0.3508340502987571,month_10_mean,0.27749100897673556,month_5_mean,0.1038754590972326,0,0.2989926400761221,0.0407171083933731,0.2215099805712974,LOW
6C78207D3EFE4FF727A4C8E7658878EE,min_consumption,0.2957315704536367,zero_rate,0.17050087335370556,long_term_change,0.12979366805384304,0,0.1975884874446412,0.0462460107530137,0.152185744437153,LOW
C2D44584BC46058B04CFD50CE71BD310,month_2_mean,0.24990959289985407,long_term_change,0.2411952428528537,max_consumption,0.2045637380986794,0,0.4523321766268304,0.0199323836879546,0.3226122387451677,LOW
9CEE1B33B9CF0E84764DB3DB62A8B73E,max_consumption,0.7370802543811289,std_consumption,0.35636042969546006,month_10_mean,0.34505498716123956,0,0.5797006957988093,0.3841752656559329,0.5210430667559464,MEDIUM
A6F7FF617D3C821ABC794139B104657C,min_consumption,0.44828392902532266,zero_rate,0.2247096735172912,first_half_mean,0.09984527177353168,0,0.1442090520522031,0.044812668892842,0.1143901371043948,LOW
4F2667E26EF19DB503630942BE8B8FD2,missing_rate,0.3750184716427057,month_10_mean,0.10807574168967625,month_11_mean,0.07887958472417511,0,0.3475626671304637,0.0517009886716238,0.2588041635928117,LOW
FC15190E36FD9E717BD45ABEE13DB702,min_consumption,0.45922279199099036,zero_rate,0.190530949203879,month_11_mean,0.12170002035450787,0,0.260577424985328,0.0376453102962536,0.1936977905786057,LOW
FBE141B4032C574BE6DDB953DCD352EB,month_6_mean,0.164982357958196,month_7_mean,0.14767498448852368,month_11_mean,0.0754680134858297,0,0.0622944913709618,0.035384346131348,0.0542214477990777,LOW
211CA4EA4819E1766C954F0CD8A92485,max_consumption,0.4830703386699757,std_consumption,0.33194035796076754,month_5_mean,0.13810376309325792,0,0.3776572661418774,0.0381336497931887,0.2758001812372708,LOW
CE6D37DD64E3478D5B74E3B52382A1E1,max_consumption,1.3783190217627,std_consumption,0.8462861917057566,month_3_mean,0.6250961029015742,0,0.8616675213529668,0.7991986718824261,0.8429268665118046,HIGH
6ABCF0A13296C69DD4196A908454AD4B,month_7_mean,0.22989549418758967,min_consumption,0.15842819729971608,month_6_mean,0.1573278885272618,0,0.3771277178228113,0.015184319410538,0.2685446982991293,LOW
166B381242508BB47C13D1E58E050406,max_consumption,0.7554491640298898,std_consumption,0.40745876927616215,month_10_mean,0.28046601468475424,0,0.5799588761354703,0.2044616728564641,0.4673097151517684,MEDIUM
720AF85B040D5769039E18451DA98AC8,month_6_mean,0.15656047215674931,month_7_mean,0.15554320157922746,min_consumption,0.1488880662959581,0,0.2817844232777248,0.028229275938389,0.2057178790759241,LOW
A27C13F7AE070B935D0EE93C2FF9BF23,min_consumption,0.26349027598455593,month_11_mean,0.1356609779371715,month_7_mean,0.13447758134275603,0,0.2368883100239903,0.0191106075461037,0.1715549992806244,LOW
1ED7AA51F1975EB404C8031FC25B5982,max_consumption,0.36996978414645054,month_2_mean,0.2600510737313187,long_term_change,0.21192563084502217,1,0.6924647172832489,0.0366898316533982,0.4957322515942936,MEDIUM
DB52818CB7739F65441623DB590607FC,max_consumption,1.1926108007175942,std_consumption,0.8969667221571219,month_4_mean,0.6644344550019725,1,0.9736381877291584,0.8023443239404405,0.9222500285925428,HIGH
74648E2E4D3CA867D38A42DF553735D4,min_consumption,0.47615242827559684,consumption_change,0.18158133121063819,long_term_change,0.17492130822809468,0,0.4111024779580978,0.0411959770704747,0.3001305276918108,LOW
DDC9894AF074FF0742D887343EDED2EB,min_consumption,0.25107131829851903,zero_rate,0.21651888006431472,month_7_mean,0.16697954395157913,1,0.4894281401621488,0.0082081455428835,0.3450621417763692,LOW
DD74BDDC910BEBF597E9CCA3F821692C,max_consumption,0.45558352937234836,std_consumption,0.28318148810609556,month_6_mean,0.18808086553704945,0,0.3812710138991638,0.0807474311284836,0.2911139390679597,LOW
233FCD40ED72934F71527F58357B8917,month_7_mean,0.20344067859205797,month_3_mean,0.1703002969973526,long_term_change,0.1543773961787662,0,0.388493433850167,0.0246240032514832,0.2793326046705618,LOW
5F876CF0005FE78F18B33BE587BF8133,month_7_mean,0.12033024617590789,month_6_mean,0.10470906471986001,month_3_mean,0.09991591566833909,0,0.0972212538473551,0.02771439826497,0.0763691971726396,LOW
63C84EDAF09D8CCC7312EE14B91C4402,min_consumption,0.4392169041662919,missing_rate,0.10791235563789917,first_half_mean,0.0966031330836939,0,0.158282159538005,0.0367054436460983,0.121809144770433,LOW
38E2AD7E26C376BE3156CE8D56108EA5,month_7_mean,0.13650083559886028,month_1_mean,0.12761271131917815,month_11_mean,0.1240627988795928,0,0.268323340961751,0.01059211282592,0.1910039725210016,LOW
C528DD36F123C3CAC81F99BFC579DF9B,min_consumption,0.4648069857244134,median_consumption,0.06293082195663587,first_half_mean,0.0591867434586526,0,0.0712588813579731,0.0356000552637604,0.0605612335297093,LOW
30F418644C7848A9E56398933096C899,max_consumption,0.22820060479739604,month_6_mean,0.18120424451101744,long_term_change,0.17257807350934834,0,0.5742864516802613,0.0394107007526397,0.4138237264019748,MEDIUM
0F3E77E3E56AE41BD9331C280A6E8E55,min_consumption,0.5350184402770565,consumption_change,0.4571324617379354,month_7_mean,0.24065452511164312,0,0.5018541843867143,0.0365979224527926,0.3622773058065378,LOW
4A49CF1B92FFF26B28206D894C41F315,month_6_mean,0.17109736046067223,month_4_mean,0.09629054614589426,month_11_mean,0.07751065835877093,0,0.1427759526611695,0.038593645671748,0.111521260564343,LOW
6B7FB81ABEEF039E636161C8BC1B7391,min_consumption,0.3815952155736761,zero_rate,0.12853630192162577,first_half_mean,0.11168344816989982,0,0.1007019853057524,0.4310443594075906,0.1998046975363038,LOW
7B40B5A249547FFE09E2B4BB453EA9DD,min_consumption,0.4278200543761683,zero_rate,0.34114298123407844,consumption_change,0.2459488143681745,0,0.1430591783141689,0.2610699639818213,0.1784624140144646,LOW
9F1B54C205B401DBE9CEA01401C51961,month_11_mean,0.0777255436642178,consumption_change,0.06271421967237442,month_6_mean,0.056074486938192884,0,0.090582852112721,0.0248925451494334,0.0708757600237347,LOW
6A9C6011581358A0CA198A7C405B3FC6,missing_rate,0.9287315343030492,max_consumption,0.473726197801198,min_consumption,0.3265356658348577,0,0.4566586064533753,0.0563328358182261,0.3365608752628305,LOW
81669C7ECA78F9928E896F94ECC5270B,month_10_mean,0.6856904485268768,max_consumption,0.4972035242857179,std_consumption,0.4133874583100492,0,0.6478000717277643,0.069582950586856,0.4743349353854918,MEDIUM
2E4D9D724E9ABF84B8DA90E790F163D0,min_consumption,0.42085610501335113,zero_rate,0.09968242010372837,median_consumption,0.07896639333831082,0,0.0429247676910228,0.0250695789147338,0.0375682110581361,LOW
385B1174DC3E2DF0FDEE9F011E7C2957,month_10_mean,0.12614783566194468,month_11_mean,0.12297620021294897,missing_rate,0.10380604872901558,0,0.2373803463305865,0.0404178121159433,0.1782915860661936,LOW
C3E83671AB1F14085AC25AC8C6173685,month_6_mean,0.10329431359651536,month_11_mean,0.07204260852202522,first_half_mean,0.038173988585922,0,0.1058973431183246,0.0303330304538726,0.083228049318989,LOW
4BB20AEB55D1DD0E0010133D5D243F6B,missing_rate,0.5688800262887604,consumption_change,0.446636147569757,min_consumption,0.27112301664275534,0,0.5976298637629525,0.171773004050769,0.4698728058492974,MEDIUM
B73F7670AC24E00D1C347200764EECF3,month_7_mean,0.19802781395887464,month_6_mean,0.16883373166902332,long_term_change,0.11742316713875663,0,0.3071210032214131,0.0190021616066506,0.2206853507369844,LOW
48C2DE53FC55C4567B8BEB441ECF0569,min_consumption,0.4012996712689096,zero_rate,0.2147415492088119,missing_rate,0.09819091783849665,0,0.2134981541149342,0.0383220341827077,0.1609453181352662,LOW
BBC5E7AC036C86A41EC14306D7811DF7,month_6_mean,0.3045087495536028,month_10_mean,0.22595095897142065,month_1_mean,0.14855391325706663,0,0.3745070885264377,0.0111230599474463,0.2654918799527403,LOW
138653987B445CD332C9AF1E0BDDC589,zero_rate,0.4927367769474172,min_consumption,0.3627980705029767,std_consumption,0.3343226927546736,0,0.706762611714361,0.0624775367345613,0.5134770892204211,MEDIUM
95A580E6F5C1F714E1A8298C0C2D3389,month_6_mean,0.16815191529499562,month_7_mean,0.1648202154682057,min_consumption,0.10847319342753277,0,0.2883564242691074,0.0171166914748451,0.2069845044308287,LOW
8FB20DA98B4FBCDF0DEE7224924C2F11,max_consumption,0.5887680177611238,month_10_mean,0.35421448411830386,month_2_mean,0.15023554736629421,0,0.5821823874814988,0.0562267356977735,0.4243956919463811,MEDIUM
37ECD2D1A4CEF1142BFD55FCE4EBA5F8,consumption_change,0.40058020884922657,min_consumption,0.2938521033018484,std_consumption,0.25488953059779823,0,0.260923717101252,0.1253302868754239,0.2202456880335035,LOW
41B9D68A864F208ECA477DE1AE1E3B4A,month_7_mean,0.2025838123615812,month_6_mean,0.15582019866387983,month_3_mean,0.12555962934074305,0,0.3823075791467604,0.0093378726228028,0.2704166671895732,LOW
E99295E7D3FC45D31E9E8D2BE3D0E519,month_11_mean,0.06459483486540787,month_6_mean,0.05062917821892195,seasonal_std,0.036092363795434186,0,0.1089700199995759,0.0243429679066542,0.0835819043716994,LOW
46EA231EAC6D22A8F5A3DE257C3BC20A,missing_rate,0.5063068448794149,consumption_change,0.37738809357517866,month_7_mean,0.19464274744794877,0,0.4672937627741163,0.0417748679297627,0.3396380943208102,LOW
0E523CFFDDB5ABDCABCACCB10CF07DFD,max_consumption,0.6441951954955111,std_consumption,0.4547782049650703,month_4_mean,0.2941032776474678,1,0.6915437807965628,0.1595194069735001,0.531936468649644,MEDIUM
5077166EBEACFC90897CA2B4AB66EA5A,month_6_mean,0.114087159920449,month_3_mean,0.0936585434844759,month_9_mean,0.06625230760008759,0,0.1311164951200523,0.0089324500513958,0.0944612815994553,LOW
4D9992665C622758DE629E732FEB0BCB,month_5_mean,0.11560799029257413,max_consumption,0.10508458576469502,first_half_mean,0.042260346557409074,0,0.1709729915726542,0.0210978578735479,0.1260104514629223,LOW
C55CB3712F9A508B94DB556ED3417AAB,min_consumption,0.5504014605711132,zero_rate,0.13392238516515878,median_consumption,0.0809872559597806,0,0.2125379703405461,0.0305535192773255,0.1579426350215799,LOW
F4C3B809A41443D375593154803A73EB,month_10_mean,0.40076967539546515,max_consumption,0.3389074587121312,zero_rate,0.23737474128218927,1,0.7397679417031081,0.0506856301729476,0.53304324824406,MEDIUM
38D0F39881D623AA81C1417B92B2C79D,max_consumption,1.1840788771589885,month_10_mean,0.6204378732682393,std_consumption,0.4971501686190505,1,0.9291923976641664,0.4442479200866659,0.7837090543909161,HIGH
52C8443678E9CF0A4404AD2B8232D6C8,min_consumption,0.4556939581762707,zero_rate,0.14471379775715565,consumption_change,0.1281337326210836,0,0.1618187680242967,0.0696617551050739,0.1341716641485298,LOW
06F5FB2D44CA4F8CA21F595110D993BE,missing_rate,0.6794638216550565,consumption_change,0.23511241125937787,month_7_mean,0.22334864019580833,0,0.6432276438089416,0.0361250738395679,0.4610968728181295,MEDIUM
66B5F294DAEB7CE2658B52D9D7B18C55,month_7_mean,0.13586566676772377,month_6_mean,0.13036804565775004,month_11_mean,0.09830847603560115,0,0.135254134764701,0.0386908314621281,0.1062851437739291,LOW
D45E7843F4E2854F5E2E9FC6FA94F19B,min_consumption,0.4513110111352644,zero_rate,0.19623337491827272,consumption_change,0.09554489309784195,0,0.1876306718506893,0.040418157808672,0.1434669176380841,LOW
4925DC6FB3EAE3ECEF2884203B6E13A5,month_5_mean,0.11705861718242266,month_6_mean,0.10438546518821823,month_8_mean,0.05231702326881112,0,0.0607187951012503,0.0416670803792463,0.0550032806846491,LOW
3526C0B45B2A1E8BB119C3286CC00BAB,month_7_mean,0.10227329665054849,month_6_mean,0.09127442820027895,month_5_mean,0.07569270599588397,0,0.1010585207841196,0.0505909010544909,0.085918234865231,LOW
5AEB905F6BF45BEA5605E5E53561F44B,max_consumption,0.40888471559666595,std_consumption,0.28341172075868504,month_11_mean,0.11010255657884573,0,0.2943180447678847,0.0497698477313085,0.2209535856569118,LOW
5AC5F87A02F85DD1BCF504617B948879,missing_rate,0.1058798362949635,month_6_mean,0.10256172999122568,month_3_mean,0.08677005670550474,0,0.1772253857030037,0.0384439328630234,0.1355909498510096,LOW
2552F72883D82CC0729B564B99FCB9A0,min_consumption,0.49185400250999534,max_consumption,0.24178318157704237,zero_rate,0.21414609884283412,0,0.3728297756029635,0.0424304509697176,0.2737099782129897,LOW
A322067FBCAA2B8AB45393DD6B2ED028,month_6_mean,0.17269310971277269,long_term_change,0.15543590755154435,month_7_mean,0.1180240949884972,0,0.3038906519140523,0.0229393044837725,0.2196052476849683,LOW
845A7A8456E95872859C6FD0461DCB5C,max_consumption,0.5064295622203973,std_consumption,0.3160233853416968,month_6_mean,0.11751635144471836,0,0.4473947320549328,0.0518494685680472,0.3287311530088671,LOW
6891003EC2354A7D047D37085C954C29,min_consumption,0.3163720109448883,zero_rate,0.10002956718707968,first_half_mean,0.06574193758865482,0,0.046120152585777,0.2146438550983343,0.0966772633395442,LOW
D968595D83ADBB67D41505ED27C00BCD,max_consumption,0.6249143344998058,zero_rate,0.6065673059410523,std_consumption,0.366176274177364,0,0.8175204105928616,0.0810969010277836,0.5965933577233382,MEDIUM
9F1605F68777BE15520CA957A81D56C1,missing_rate,0.5609194771340649,max_consumption,0.47563150915493396,month_10_mean,0.4466318371922477,1,0.8078527046764814,0.1893807394065949,0.6223111150955154,MEDIUM
727C29BFF51580D9B85793CF993A6B09,missing_rate,0.5623564746586734,month_9_mean,0.07637469927582577,month_11_mean,0.062441610818798274,0,0.3638609032970879,0.0319479750328889,0.2642870248178282,LOW
DCAB6C736D5CE31CFAA1A8B6EBDE9AEC,min_consumption,0.44292125424119944,zero_rate,0.19085332221959464,median_consumption,0.06753427072127491,0,0.073751111815202,0.0473397698477339,0.0658277092249616,LOW
54024FA20B5BF947335DB563F393947D,max_consumption,0.8499765856418559,std_consumption,0.4302891345310989,month_4_mean,0.4111508920123983,0,0.6551037262689,0.1925034735214324,0.5163236504446598,MEDIUM
7697C6BE7C4FE5CE2B9B6E14A6A908E8,min_consumption,0.5183312993052608,first_half_mean,0.059545008236634896,median_consumption,0.04652841751800111,0,0.1565878431136324,0.032143446334147,0.1192545240797868,LOW
0D0521065DD42805399486F70E295BE5,min_consumption,0.3827148942685494,zero_rate,0.2871429259452682,consumption_change,0.15791024075684953,0,0.0993375814867112,0.2008846622925697,0.1298017057284688,LOW
E26A892FB122F1172012449F13CDABD3,max_consumption,0.5235187937214628,std_consumption,0.33018324650983993,seasonal_std,0.07066272699286401,0,0.3096862414147967,0.0407651610104663,0.2290099172934976,LOW
F0EEC56D502C8E015A81727FF98EFBE9,month_4_mean,0.1789847257974783,month_10_mean,0.10989815142670468,month_11_mean,0.07680745038105387,0,0.2487239651916435,0.0164957101024466,0.1790554886648844,LOW
B0763EEBA236A4BA51BF01F289EFD24B,missing_rate,0.44203607340868,month_10_mean,0.14496397660043195,month_6_mean,0.14356357950491966,0,0.3874657587761175,0.0390505887165516,0.2829412077582477,LOW
44E87048864CE27823E66AE5B6E8A72B,min_consumption,0.3989479643418244,zero_rate,0.21095439157653453,missing_rate,0.15426210621028705,0,0.2134981541149342,0.0400354016790532,0.1614593283841699,LOW
A47B1185F437284860CE165CA4A5CF2E,month_5_mean,0.18426644567856956,max_consumption,0.13372520112572683,month_10_mean,0.09907923693112469,0,0.3219089924875136,0.0123647033978414,0.2290457057606119,LOW
58521ADBF2C258EF0C3EEAE67183B26A,max_consumption,0.48934528365624647,month_10_mean,0.3144072445023958,std_consumption,0.30632337620707795,0,0.3394916723930842,0.0558932562633994,0.2544121475541787,LOW
AA07403F0DB9C7BE032F98C4FA664876,consumption_change,0.34341767905649945,month_10_mean,0.2617264315238561,max_consumption,0.16317089784823388,0,0.6160912721200378,0.0284633463772319,0.439802894397196,MEDIUM
0DF6434E392AC7F20DA15EE7CE8DF024,consumption_change,0.35949966440372455,month_10_mean,0.2283690094099128,month_11_mean,0.1691658975474517,0,0.4790357894753785,0.0185648727859404,0.3408945144685471,LOW
602BDE32819F6154510C657850DAB425,month_3_mean,0.031499281290272976,month_11_mean,0.02623308224662959,recent_mean,0.006525384485143622,0,0.0435135220064069,0.0208755858932074,0.0367221411724471,LOW
B8A3F2B536E2184612A2369393B7B5A5,max_consumption,1.3666610747193866,month_3_mean,0.6052514497779298,std_consumption,0.5960603300666101,0,0.8195306322158364,0.6706593856105361,0.7748692582342462,HIGH
AB8BABC12B2FEFA3D95CA3D1743BE9FA,min_consumption,0.4482848189291262,zero_rate,0.22461554730190084,first_half_mean,0.09983654013179293,0,0.1378872665538858,0.0545620840150233,0.1128897117922271,LOW
7A1CFEEA19E8788EEF53E98593C322B3,missing_rate,0.37483027308204075,month_6_mean,0.14555725686419715,month_10_mean,0.14253324154461067,0,0.3872203706284439,0.0327842670047922,0.2808895395413484,LOW
63024FD46AED0A45F9C827B574359794,min_consumption,0.4161081823646403,max_consumption,0.2437450907443961,long_term_change,0.14474880463210787,0,0.2244594901974352,0.0336084418841142,0.1672041757034389,LOW
0D908494A73898C11FFC365647CD4B83,missing_rate,0.3732839420377502,month_7_mean,0.19551512649471328,month_6_mean,0.17934079844125783,0,0.4636134029768914,0.0498279366946266,0.3394777630922119,LOW
7EF23879E832324C66416BAD2E5693CC,month_6_mean,0.2163218243465776,long_term_change,0.2008189114469642,max_consumption,0.12231147014844766,0,0.3963068318384844,0.0153519477542328,0.2820203666132089,LOW
2B31E92B6B04427F77351BDFDDC48BB2,month_3_mean,0.20938242524567674,long_term_change,0.19517608691605276,month_6_mean,0.1731646997242817,0,0.4447944783541259,0.0054138840540689,0.3129803000641088,LOW
0DCE8A4A9AC082206C06A4E1E772D108,max_consumption,0.6762386792015169,month_10_mean,0.2993183550993804,std_consumption,0.26661746128110086,0,0.6291977766854457,0.1195621928067795,0.4763071015218458,MEDIUM
CAB2021BF39771275EA48D46861F1718,month_7_mean,0.19702823463385416,month_1_mean,0.14832276296303215,month_6_mean,0.14435720363974477,0,0.4273269968466855,0.0070424438624968,0.3012416309514289,LOW
D2C4D5706F501C68356C71693CE33AFA,month_10_mean,0.501067405328424,max_consumption,0.35142511184187136,month_6_mean,0.2992056729818124,0,0.3899612079074375,0.0256318829089402,0.2806624104078883,LOW
5A48C271FCB70126BA6714E02B8594ED,min_consumption,0.4012996712689096,zero_rate,0.2147415492088119,missing_rate,0.09819091783849665,0,0.2134981541149342,0.0383220341827077,0.1609453181352662,LOW
AF17EE30023618F0871FF270D352E73C,month_10_mean,0.20131434053729957,month_11_mean,0.05479413118866576,recent_mean,0.04507750701333412,0,0.1326735360851794,0.0405501081047823,0.1050365076910603,LOW
DF9DD8ADA4C927060D4620AD17D5A3E8,month_7_mean,0.1795680826082517,month_6_mean,0.16819986616041419,month_1_mean,0.14669113915197274,0,0.2937533906694784,0.0301231363461152,0.2146643143724694,LOW
9A8E5248774F30F9880541FF5C083861,month_10_mean,0.17325612494897696,max_consumption,0.10140806683785991,month_7_mean,0.09840656580527497,0,0.4390239713482003,0.0219789584912828,0.313910467491125,LOW
1A6C9A18A351C9F1E7C9F99D9E20BE48,max_consumption,0.4088985320458065,month_10_mean,0.22047118604630883,month_5_mean,0.15130869970755625,1,0.5383047965009943,0.045891379636959,0.3905807714417836,LOW
17A81A3E62D872156A4AF0AD091BA587,month_6_mean,0.20648363028391772,month_9_mean,0.07756932941743658,month_11_mean,0.058229842616401566,0,0.180578146247657,0.0093160526546748,0.1291995181697623,LOW
B53BFFEF397D25250E435760DC7BCF9C,missing_rate,0.8401276930115512,month_6_mean,0.4079312323713874,month_10_mean,0.30528654005181016,0,0.7473561015572119,0.258434986185306,0.6006797669456401,MEDIUM
48F5D2FF6B8A9EAD112AAA1F33130600,min_consumption,0.3414456491588381,first_half_mean,0.13062328912350812,month_11_mean,0.11421070725584252,0,0.1434110468144035,0.0388019561227995,0.1120283196069223,LOW
24B44C5D0DFF49BBA525FAEE39A2B763,min_consumption,0.33483465635946336,first_half_mean,0.1343371745316939,month_11_mean,0.12168051649497773,0,0.2132382947648292,0.0426511599038269,0.1620621543065285,LOW
7980242D02AD4BFD53F93E562A54BDE5,min_consumption,0.430965214168272,zero_rate,0.14020316517884746,month_2_mean,0.0993007975680003,0,0.0501994391517425,0.0814077543247564,0.0595619337036466,LOW
4181D713518EE9A80CCA20040E0903C5,min_consumption,0.3850979768271864,zero_rate,0.16258993257783538,long_term_change,0.16258187216303352,0,0.1374458746514202,0.1798027824462952,0.1501529469898827,LOW
B217C4D085411794E3979073DD8B2BC7,max_consumption,0.24376443493716002,month_5_mean,0.14170192571956472,seasonal_std,0.07766847069329454,0,0.2327343818434551,0.0277647081932648,0.171243479748398,LOW
928F8FDB842219373D6317BF730B5F06,min_consumption,0.4579607947410514,zero_rate,0.22643763860220908,first_half_mean,0.09960211669267363,0,0.1568501125906395,0.0289395418308152,0.1184769413626922,LOW
7470C1F7B0AF04C82D6C70069E5D02F8,missing_rate,1.0588835484735,month_10_mean,0.3411433763103973,month_9_mean,0.11708531067607261,0,0.6291556937744587,0.0604421681198887,0.4585416360780877,MEDIUM
8558F0B19608BDBDDB7A4B65A00912FC,max_consumption,0.5280331208976956,month_4_mean,0.3383382186389817,std_consumption,0.3317565567945357,0,0.5041621346173741,0.1818252206393956,0.4074610604239806,MEDIUM
A52EE0493FAFCAC0400179EA54F9FFC9,min_consumption,0.46770234207123024,zero_rate,0.13490392608217414,median_consumption,0.04668701596152453,0,0.0544320778161708,0.1058017633222119,0.0698429834679831,LOW
B670A0984C2743214594B5D2F5A67B18,max_consumption,0.7691299033960934,std_consumption,0.37081835303177013,month_10_mean,0.3338597281972561,0,0.5316319437895088,0.2557328989684132,0.4488622303431801,MEDIUM
ACCBB44E5A9694648E925757CED326B1,month_5_mean,0.09918392876975753,month_10_mean,0.07766377011565731,seasonal_std,0.05123484937623011,0,0.0861898776391756,0.0289375980417858,0.0690141937599587,LOW
A3FCA8B00BE9054174E85AAA68B1A43C,month_7_mean,0.21045434978039348,month_6_mean,0.13849951829232557,min_consumption,0.13270695827538204,0,0.3246978278261672,0.0208356720599818,0.2335391810963116,LOW
9BF6A8B5DC74706CE2840858D4E8AAB1,month_6_mean,0.13884956812505278,month_11_mean,0.11841252191017794,month_3_mean,0.10359237057016749,0,0.2136907404906071,0.0100809468133967,0.152607802387444,LOW
8C13681235D01B2743FE2BF1020D2111,max_consumption,0.23708579495011609,long_term_change,0.1907480723032747,month_7_mean,0.14592765471123004,0,0.3976180522336653,0.0244058205890636,0.2856543827402848,LOW
E4CAF902B54A6CC34B7F5139D9779205,max_consumption,0.5474963606823336,std_consumption,0.3248297679821394,month_4_mean,0.3211804588748356,0,0.5849931536925983,0.094470969516107,0.4378364984396509,MEDIUM
77973ECF015C50D625908E0233764D9F,month_6_mean,0.1833105940992627,long_term_change,0.12912164063319545,month_7_mean,0.11705470422494382,0,0.1903021958069649,0.0028958950363663,0.1340803055757853,LOW
72160CBBDF253CBF8FAE05D59A766320,max_consumption,0.6369150779602675,std_consumption,0.30905771708506674,month_10_mean,0.2939537025814283,0,0.4923104034852766,0.1168878523311962,0.3796836381390525,LOW
98970C07AFC8E16304EAE768F71CC2F8,max_consumption,0.36735332747640875,month_10_mean,0.25808288506386107,month_2_mean,0.20009418157342382,0,0.50870729225086,0.0471665861238835,0.370245080412767,LOW
0DC71F04F1F519F58C497EC6510AB68A,month_7_mean,0.18687306218798105,month_6_mean,0.159723024598695,missing_rate,0.15420610453463884,0,0.324742263774035,0.0189843022177491,0.2330148753071492,LOW
2C7430C7F429F88EAB47E99069E372FC,missing_rate,0.28683975369758924,first_half_mean,0.16374486400887517,month_11_mean,0.11505655125369633,0,0.0978999950273803,0.0501679277896428,0.0835803748560591,LOW
17551819B03E6998ADEA6CF25571B789,min_consumption,0.24402109178788206,month_7_mean,0.12844110721647536,month_6_mean,0.09793863105319926,0,0.1877271134548874,0.0260643315333223,0.1392282788784178,LOW
218144181E1295F512142B1C0EAA9F3B,min_consumption,0.4012996712689096,zero_rate,0.2147415492088119,missing_rate,0.09819091783849665,0,0.2134981541149342,0.0383220341827077,0.1609453181352662,LOW
FB6B2E17DF98F8AEF51DA18B0EB3F499,min_consumption,0.4892357200521848,max_consumption,0.32614405218927034,month_7_mean,0.20793665628584154,0,0.2024899679186027,0.1389205178758855,0.1834191329057875,LOW
7E268C29F33EAA9B3C48E460AEB5BE0E,max_consumption,1.5024683745664225,month_3_mean,0.6404091737914381,std_consumption,0.5675743532832872,1,0.9051541872681392,0.6823451073161757,0.83831146328255,HIGH
89FC3A472B495645F34B01605BF73581,min_consumption,0.46014356749110485,missing_rate,0.1422874388371201,month_11_mean,0.09595572344939508,0,0.187708714342094,0.0395764512380731,0.1432690354108877,LOW
F84E9586007CFE86C30FC5DCF2DB2273,max_consumption,0.570643697277511,std_consumption,0.25682496869775034,month_10_mean,0.12585468230592164,0,0.3167507810230321,0.1260200995274781,0.2595315765743659,LOW
39A14BC0E1C25E6190488139D77E9207,consumption_change,0.24301336793853542,month_6_mean,0.1852287805865247,month_11_mean,0.17180090816216656,1,0.3790702971137923,0.0233784640707823,0.2723627472008893,LOW
665E97DE6C20540DD8062E1EF3AD087E,month_10_mean,0.1472435357186437,max_consumption,0.10308812770426456,seasonal_std,0.08964598663486832,0,0.1239887038545702,0.0269876025812294,0.0948883734725679,LOW
2D87CF22000AD1AA0FE8031260BEF6EA,missing_rate,0.9241092782739924,month_3_mean,0.20704504333105897,month_6_mean,0.15735627978438652,0,0.5128701095229224,0.023039851974733,0.3659210322584656,LOW
3A6BD2F55E37EAB05D8194D2A8D51789,missing_rate,0.25752167258124253,month_7_mean,0.1402415652514835,month_1_mean,0.12015783412116927,0,0.4082632627958947,0.0295249782306507,0.2946417774263215,LOW
043CE7E89921FFC804B63B2CAA583EB7,month_7_mean,0.10321420850662745,month_6_mean,0.10081861711815514,month_1_mean,0.06522156749333756,0,0.1369203334103272,0.0195101425508352,0.1016972761524795,LOW
62AE4A3D52CF7B1B14C225FE44FDBD1A,max_consumption,0.3703543726363774,min_consumption,0.26409006197353524,zero_rate,0.17603676831852125,0,0.242405753597308,0.0647271521717796,0.1891021731696494,LOW
59AA295020BDAE7486CAD3E28FB8EE1E,min_consumption,0.36010812239831147,first_half_mean,0.08707311664891199,month_6_mean,0.08522170166255992,0,0.1072673731492445,0.0311811823894184,0.0844415159212966,LOW
93660642B54374DDB4A7032F079AA834,max_consumption,0.1721577739545484,month_10_mean,0.13820625242089354,missing_rate,0.1096878765642413,0,0.410403237731159,0.027440950440529,0.29551455154397,LOW
B4F7C5AC3AD58A3703BB2E376CE146BC,min_consumption,0.4579607947410514,zero_rate,0.22643763860220908,first_half_mean,0.09960211669267363,0,0.1568501125906395,0.0289395418308152,0.1184769413626922,LOW
919774E11ECCD3A19656C2E63D4A35BA,min_consumption,0.2547183717940619,zero_rate,0.1930233726183284,month_7_mean,0.15882210759590948,0,0.193077491684718,0.0359185079052042,0.1459297965508638,LOW
6DBF038D96EC2C187012EF3DE156D106,max_consumption,0.3055422489464596,month_2_mean,0.19489708952005103,month_10_mean,0.16752446298844673,0,0.2836630814939733,0.0434897958197109,0.2116110957916945,LOW
BE361EF353EA9060568BB28485D3786E,max_consumption,0.7233886346126924,min_consumption,0.4170643143179167,early_mean,0.3857989644172281,1,0.7838918536878047,0.2900166083805782,0.6357292800956367,MEDIUM
C1F2C9C3EB171B56E98E9D044BE067F6,min_consumption,0.5706195556523905,zero_rate,0.16124566572997076,month_7_mean,0.1557883627136628,0,0.2715172463285558,0.0325675561343944,0.1998323392703073,LOW
A7FD6F7AC6E3C149B23254C5F95E1838,max_consumption,0.5291303568047617,month_10_mean,0.450757774704284,zero_rate,0.2863059861412789,1,0.8207284366468995,0.0939577086761769,0.6026972182556828,MEDIUM
E728A103CB663EF01CB4B6631B19B4A7,month_6_mean,0.16973929633793197,max_consumption,0.12182217360679577,month_7_mean,0.08148396497711644,0,0.2832063604618254,0.0111670620391797,0.2015945709350317,LOW
5D40924B8C31532D3A7927CA71FD1309,consumption_change,0.2678314191986892,max_consumption,0.162570611840181,month_11_mean,0.15226497941779293,0,0.3083277529617005,0.0329048193236117,0.2257008728702738,LOW
62ADC2AFCC441D3B61F23B5BCE9FEEF7,max_consumption,0.5965487481166521,month_10_mean,0.43543049085691987,month_2_mean,0.1457941446606216,0,0.5889476490745136,0.0637614168845002,0.4313917794175095,MEDIUM
6E6231C6D42BBA1E7D5071229F511223,max_consumption,0.10507760943355747,month_2_mean,0.08986362251050561,month_11_mean,0.07113086185434465,0,0.1652518505278759,0.0224983148864431,0.1224257898354461,LOW
3ECE1970FB3AEEE0BB653D931B613C80,month_7_mean,0.16376901927846782,month_11_mean,0.12927666180303518,month_6_mean,0.10366824509692309,0,0.1582962456221543,0.028009710792147,0.1192102851731521,LOW
7481EF712ECE58C24D5D2AEE61DFA0FA,min_consumption,0.34852983065353726,month_6_mean,0.17304569199893557,month_7_mean,0.09317799606438786,0,0.3058008884334696,0.0193301952595192,0.2198596804812845,LOW
8859572EF53F6456E5F469A2C4FCB486,max_consumption,0.4880013407092586,month_4_mean,0.2689971624287924,month_10_mean,0.22160986517806308,0,0.3785178732050082,0.077520601170672,0.2882186915947073,LOW
260BB441E4CA9ABFB4479A12B4790161,month_6_mean,0.19753140792397025,long_term_change,0.1795592061338701,month_7_mean,0.12882189774299144,0,0.2427964614502005,0.0071627526506967,0.1721063488103493,LOW
2E493CAFFDFCBBA052F23B2F91ED656E,min_consumption,0.25559457212125886,zero_rate,0.20884207965591314,long_term_change,0.08069372943391889,0,0.1669203019160113,0.0298445674945944,0.1257975815895863,LOW
2EA64EFFBB5E33E2D045848073E886B6,max_consumption,0.24891294121903168,long_term_change,0.14984103022922363,month_5_mean,0.1207480216145603,0,0.6381617764828701,0.031948503763194,0.4562977946669672,MEDIUM
F1776B4C2CAC73B70E687612CBD12705,month_6_mean,0.22259251173580716,month_10_mean,0.12287845986387132,month_7_mean,0.08922556208653593,0,0.0991058993963343,0.0284105591221545,0.0778972973140803,LOW
0423B85CF459B9CE6650B33783A68FFA,consumption_change,0.22303324297927563,month_6_mean,0.20440563599076655,month_7_mean,0.20133964191476797,0,0.4187721346248321,0.019925363893993,0.2991181034055803,LOW
FD7F949C21802626849C15215F2FADB3,min_consumption,0.27318708093473065,month_6_mean,0.17407691085008464,consumption_change,0.15162153073777823,0,0.4546243171670233,0.0321644624443125,0.32788636075021,LOW
E79CC8D1104BF1403892A352DF4AFC3D,min_consumption,0.4048596424329649,consumption_change,0.36624723493666883,month_7_mean,0.2064028155117831,0,0.4097623663047814,0.0717226635619453,0.3083504554819306,LOW
48CE87B4825D4AFD060262B250306B8A,min_consumption,0.35239609135754024,long_term_change,0.12987678492293525,month_7_mean,0.11624651135824839,0,0.3633929541985305,0.036087357243354,0.2652012751119775,LOW
38AB82B7CA4E328FFFAB747E7112852E,month_5_mean,0.13965125160496472,month_2_mean,0.12918883292798714,month_8_mean,0.07069298411314179,0,0.1376242743772193,0.0397506804490113,0.1082621961987569,LOW
1FD48CAA17931E5BDC558DE21D27B43D,month_7_mean,0.22567201851202576,month_6_mean,0.1548209326351694,month_4_mean,0.08644030545280199,0,0.322567825035315,0.0240180748020899,0.2330028999653474,LOW
C6C35C8072CDEEE6908B9725C83FAF24,min_consumption,0.48108299435470236,zero_rate,0.09808999122282322,month_7_mean,0.09562884718703536,0,0.3226114671797251,0.0355711443270256,0.2364993703239152,LOW
8658FFFB30634AF15E3220A3ABA26ABE,month_6_mean,0.1018135395356978,month_7_mean,0.0793014929381774,month_3_mean,0.05757047904346903,0,0.0983884346393434,0.0340145690984917,0.0790762749770879,LOW
2ED18930D66D9A7C954B638FE59B61D6,min_consumption,0.29150891722458633,max_consumption,0.12572374378215798,month_5_mean,0.12379200418495365,0,0.402655723662105,0.0236267962357322,0.2889470454341932,LOW
E8DB501785182E62BE104B8CD8AD2F96,min_consumption,0.3139301860604684,month_7_mean,0.15909517248801605,month_11_mean,0.11186083961537398,0,0.1105572094523396,0.0996024145830721,0.1072707709915593,LOW
486C49D00D9EE1E7C4EFF172389A77C5,min_consumption,0.4007327005739554,zero_rate,0.21437556568398858,missing_rate,0.1004316176722648,0,0.1761736005997112,0.0467668961131499,0.1373515892537428,LOW
D3C667A02ECEEBD518715EBF47CDD132,min_consumption,0.32950534535477305,long_term_change,0.11873712110267061,month_11_mean,0.08516813469671676,0,0.1840672715224154,0.0191577582732795,0.1345944175476746,LOW
047E8CD02FBA4B85A78EBA0154EB477F,min_consumption,0.4798728846191866,month_6_mean,0.06496313094079581,first_half_mean,0.04543902744870447,0,0.1105789043695709,0.03101650853086,0.0867101856179576,LOW
9FE060236515F09DFF91ADE6FD848095,min_consumption,0.39153574825981285,zero_rate,0.20349056229384976,missing_rate,0.09425737655543426,0,0.1861076841791237,0.0499854164648866,0.1452710038648526,LOW
576CE349FB2D779D6DE1E3D2F98DE833,min_consumption,0.45716376895233357,month_7_mean,0.22610274387612697,zero_rate,0.18712593438925873,0,0.3621454087552347,0.0232425264069767,0.2604745440507573,LOW
B352DAD34FB76E85043B39ABBA5F90D7,max_consumption,0.40612809669626,std_consumption,0.2294518732969023,month_10_mean,0.1694019021642861,0,0.5006823743060487,0.0669599705750883,0.3705656531867605,LOW
CCDFA4DC34E70FFD882ADA038232516A,min_consumption,0.38208047732852646,first_half_mean,0.07556212756718804,month_6_mean,0.07098924233631641,0,0.0883379550253524,0.0342384176397329,0.0721080938096666,LOW
3A68FE48AE1A09E00A19FF86BA5006F7,std_consumption,0.269217644466486,max_consumption,0.21115443720966412,min_consumption,0.17541376388951307,0,0.2680501865303595,0.0744188212961457,0.2099607769600953,LOW
9BE112DA112FF41890B3A9C345CE5B20,min_consumption,0.35480008826053694,first_half_mean,0.07871265898295318,month_6_mean,0.07824974840671291,0,0.078481073292547,0.035754392341653,0.0656630690072788,LOW
5C97572DA02E071F955FE5F7B1AD44A3,min_consumption,0.6115448843917081,zero_rate,0.3453106192913991,long_term_change,0.15168243538841472,1,0.6613892264640049,0.0292812025878427,0.4717568193011562,MEDIUM
4C2AD7074BEF12159BD7DC06F71398BB,max_consumption,0.49959749400333486,std_consumption,0.28824507505945446,month_10_mean,0.20387230938567513,0,0.5261359569679189,0.0420563207625787,0.3809120661063168,LOW
91C72F6B98BD7418FC6D983424B43555,min_consumption,0.20868878055618462,month_6_mean,0.1547265249254349,month_7_mean,0.1257683150217232,0,0.221296797300014,0.0322668231346973,0.164587805050419,LOW
F250D8574BA98FAEC16FD80C291881A1,month_10_mean,0.6234249482599655,month_6_mean,0.13728279539145785,month_11_mean,0.09323390450796115,0,0.4107587805727392,0.0173079549463884,0.292723532884834,LOW
F77ED24A1AED28471CE819DD392D41AE,month_10_mean,0.11498011208921012,month_11_mean,0.10641977187296708,missing_rate,0.07481651252088212,0,0.3328113598612063,0.0214936482941127,0.2394160463910782,LOW
279B1BF11D42B9C9F9A815D26D670490,month_10_mean,0.31761327131971906,max_consumption,0.12992165344214884,month_6_mean,0.09165787433394318,0,0.2725222528242277,0.0151658817366934,0.1953153414979674,LOW
BA02ED69ED214053F12C3A7031412022,min_consumption,0.3968245746258039,consumption_change,0.17327071178183406,month_11_mean,0.11955215167852988,0,0.1451858520567199,0.1250159058205862,0.1391348681858798,LOW
789DBEC01F25F6DC7B6202768C5479CC,min_consumption,0.33923795244880145,consumption_change,0.25848290787171124,month_7_mean,0.25152802853161765,0,0.5140570970584317,0.0240161723429501,0.3670448196437872,LOW
FADAB67300B8D5CFBA2D353EE0B4461C,max_consumption,0.13559693362430328,month_5_mean,0.13351653609508277,month_10_mean,0.11355473808782243,0,0.2713839825204918,0.0148627736452408,0.1944276198579165,LOW
85224515E37AFBCE69E3CA0D17C3C69D,long_term_change,0.24479435386089118,month_7_mean,0.16450053191949038,max_consumption,0.14309061565006864,0,0.4417474802845344,0.0224638308609736,0.3159623854574662,LOW
46D467C511AF1D6C3ACEE265C4C6FD73,min_consumption,0.35615654927802176,month_7_mean,0.19755777220661,month_3_mean,0.14611624249578342,0,0.395288550514457,0.01683307192825,0.2817519069385949,LOW
29399DA48CB2326B35CB82D42D93547D,min_consumption,0.3097526317895146,month_7_mean,0.23048775738973185,month_10_mean,0.20148232714516298,1,0.5848089048141103,0.0179886343827258,0.4147628236846949,MEDIUM
34690F728F1090B361DDE94AEB0F871B,month_7_mean,0.1534263987684956,max_consumption,0.14005442831898968,month_6_mean,0.13285967290473974,0,0.4227260938228218,0.0255001185569294,0.303558301243054,LOW
79DE142B23A2CB70F900DACD58493DB6,month_7_mean,0.12127050804285366,month_6_mean,0.10785853489903,month_11_mean,0.08645130475034944,0,0.0976911286554104,0.0258967156511682,0.0761528047541378,LOW
9E57592F3282E645F1349421BB96D5CD,missing_rate,0.2258955777056872,month_6_mean,0.16914536814377396,month_3_mean,0.13769546938875205,0,0.3723329745270837,0.0177155485522751,0.2659477467346411,LOW
77D902D33A35E5081309AD1A0AC7F93C,max_consumption,0.7955721479205248,std_consumption,0.3984995998203217,missing_rate,0.37589487319269926,0,0.6698964572965111,0.1812263150101827,0.5232954146106126,MEDIUM
CFA15C46F3C8F7FFDEBED740BBF1F656,max_consumption,0.45792563217305476,month_10_mean,0.3719101449781294,month_2_mean,0.16884379256343673,0,0.4292909122834871,0.0427762710364753,0.3133365199093835,LOW
0EFFB2DD2EA6B0C94DE65406D09EBC15,max_consumption,0.6189174155017193,std_consumption,0.30108517998790957,zero_rate,0.2784372131889163,0,0.6474843232647363,0.0962957492205617,0.4821277510514838,MEDIUM
E63501BE0D76948DF6B95E0C70AFD542,month_10_mean,0.22485978506208462,month_7_mean,0.20268788285528813,missing_rate,0.1772784321026809,0,0.4330386572702777,0.0235093712679002,0.3101798714695644,LOW
F147F8CAB50F0359F7641D7E9F6AD731,month_10_mean,0.22454494992923346,min_consumption,0.2239778231556541,month_5_mean,0.14667352646563697,0,0.3466088200190882,0.0591190502454182,0.2603618890869872,LOW
491BDD4FAF5F8D0490CEA298D32E3F88,min_consumption,0.45020763486205884,median_consumption,0.0820618213013245,month_6_mean,0.06357417689105418,0,0.1009961473323256,0.0521774683757641,0.0863505436453571,LOW
F0DECF7E9B251F191DDBEEE001AA67F4,consumption_change,0.40739269133323114,month_6_mean,0.15061941874748233,max_consumption,0.1355009901398432,0,0.2891176865465606,0.0753429826494739,0.2249852753774346,LOW
322725AAD4110D4F1229103DB386765D,month_9_mean,0.0934263609702531,missing_rate,0.0882016577188514,month_3_mean,0.08132766123813379,0,0.1705703529347836,0.0165044927012029,0.1243505948647094,LOW
DDA8CD2E0F92DB697980430B8B64CA6E,min_consumption,0.22405062310339896,month_7_mean,0.18265519275026285,month_3_mean,0.07888146611816045,0,0.1481219087107197,0.0302350665884331,0.1127558560740337,LOW
495E66CFAB1E1F9324BFCFEF20209A09,min_consumption,0.5104316728040401,consumption_change,0.15985922506786046,second_half_mean,0.15591296520794706,0,0.2288115715891167,0.0350676475980974,0.1706883943918109,LOW
158BD408CDA166D75105F5371BE471DA,max_consumption,0.7013380918204595,month_10_mean,0.6214124607146592,std_consumption,0.27250806779068276,0,0.5470384354020928,0.4573028849478311,0.5201177702658143,MEDIUM
79460FE8E7F050420AD99509718FDA8D,zero_rate,0.38406558148227293,max_consumption,0.25932972401873877,month_7_mean,0.2510654854347453,1,0.7461569812007457,0.0254440838855772,0.5299431120061951,MEDIUM
3FE9BF5F5C5910AB008C12119028793C,max_consumption,0.4943849498626753,month_4_mean,0.25779707876680114,month_6_mean,0.15780506345862977,0,0.5046909681388116,0.0919799019549643,0.3808776482836574,LOW
90483BF01B4BA5B5069E3A9222870494,seasonal_std,0.14120959597697702,month_3_mean,0.12315964845459129,month_11_mean,0.059612158810538676,0,0.1236974540826276,0.0145981615872805,0.0909676663340234,LOW
6FB7B4A70C5586940B782E2B5AFE9D2C,month_6_mean,0.09351489499870126,month_11_mean,0.0693464556991587,month_9_mean,0.05705612518026516,0,0.1630196409259451,0.0081872144295955,0.1165699129770402,LOW
558DD85FB1DE2EA3409D1040BCB110E6,min_consumption,0.4084470023996245,month_7_mean,0.22594263178237878,month_6_mean,0.22059825459882135,0,0.4108995994799826,0.0238852102846167,0.2947952827213728,LOW
AAD4C7AEACEE265E3AFE4AAA74059192,missing_rate,0.5008890843831952,max_consumption,0.14273152060509203,min_consumption,0.12127526110912784,0,0.4284263760043025,0.0660262780490537,0.3197063466177278,LOW
C6C61D716D680CD7C2541478CAB32D2C,month_3_mean,0.10537711538851452,month_6_mean,0.0713867979981855,min_consumption,0.07062007153660599,0,0.0942964710873148,0.0218015088475177,0.0725479824153757,LOW
21852E8E4825E9210E03FB23F062DF99,missing_rate,0.6914503406951334,consumption_change,0.16848030259410907,max_consumption,0.13532662310094432,0,0.3340326320457927,0.1936997754317412,0.2919327750615773,LOW
99A68D88445743D24161CCABFBC52A63,min_consumption,0.19215822629220766,month_7_mean,0.13658769997588063,month_3_mean,0.08305826342713178,0,0.0921773706686638,0.0594657521616489,0.0823638851165593,LOW
2A4268E58781179755393B86D1B57EF8,month_6_mean,0.23003187007181197,max_consumption,0.14979171864412408,month_7_mean,0.1248504200891319,0,0.3248104302296857,0.015019029836584,0.2318730101117552,LOW
F5A088F9D8D184393B908209317C64A7,consumption_change,0.4522247920447314,month_7_mean,0.20952140290386195,month_6_mean,0.13655325347049507,1,0.5842134832452903,0.0215395890844827,0.415411314997048,MEDIUM
45F555B3FF466FA9D24B09D796DD0EF3,max_consumption,0.5389627281377587,month_10_mean,0.5356990688977696,std_consumption,0.3271483695612627,0,0.5542978960698147,0.1116717400028093,0.4215100492497131,MEDIUM
1EF48390E2F0668D4B514A1135BF4FE2,month_7_mean,0.21553770372038397,month_6_mean,0.1523203852922752,month_11_mean,0.09804226994872511,0,0.2142142326303223,0.0229189050176973,0.1568256343465348,LOW
F64F2DB75E5794D3F3A2EF9E6A4F75FB,max_consumption,0.6268618240305533,month_10_mean,0.28253771488781965,month_5_mean,0.18653857509355376,0,0.5129473123428758,0.065010755950673,0.3785663454252149,LOW
B1CEDD5D7E3B50493FC877DFAB216DA6,month_7_mean,0.1322457839958253,month_6_mean,0.13149066535491793,month_1_mean,0.07746217465214947,0,0.2257409382492808,0.0279329719513213,0.166398548359893,LOW
A7B3B68B653D57CD9E9632B55E5A2A4E,max_consumption,0.5298934568821884,month_10_mean,0.27478298565039067,std_consumption,0.27390637612999263,0,0.6607313157426871,0.1188884185972323,0.4981784465990506,MEDIUM
C1DA12527F21833224D966B8FE839503,min_consumption,0.4482848189291262,zero_rate,0.22461554730190084,first_half_mean,0.09983654013179293,0,0.1378872665538858,0.0560509649734429,0.1133363760797529,LOW
C60348BD1B5D1D588BC2C4A1E7505118,max_consumption,0.517212343968988,month_10_mean,0.3211577742861474,missing_rate,0.31668407795728737,0,0.6697418358573195,0.2628302765245462,0.5476683680574875,MEDIUM
925030A5B5AC14E09CFB0CC622F17ACE,max_consumption,0.37413786911901503,month_10_mean,0.36642198707967477,std_consumption,0.2755013144416801,0,0.5053494684286165,0.1116486441370873,0.3872392211411577,LOW
C1F80C452F414D94ED6D0FB79C82681E,min_consumption,0.4012996712689096,zero_rate,0.2147415492088119,missing_rate,0.09819091783849665,0,0.2134981541149342,0.0383220341827077,0.1609453181352662,LOW
B7950E69B9268B47A12538B1E717C46E,min_consumption,0.4579607947410514,zero_rate,0.22643763860220908,first_half_mean,0.09960211669267363,0,0.1568501125906395,0.0289395418308152,0.1184769413626922,LOW
D1E4F2EC00143F8D365ACDB385DFD3C0,min_consumption,0.3427020510840132,zero_rate,0.21372627918734874,median_consumption,0.08813716761714772,0,0.1021665361370489,0.0234756559707135,0.0785592720871483,LOW
E8975D87100E4FAAE88A8C2E0AF9049C,min_consumption,0.33339834812924257,month_5_mean,0.3100373272445435,max_consumption,0.06518768384306992,0,0.2819334827185916,0.0211440452387163,0.203696651474629,LOW
C64FFDF15F40AA5926E110885718FABC,min_consumption,0.2616678885042468,month_7_mean,0.2044914359756605,month_6_mean,0.14104437048313978,0,0.3214068420504883,0.027116018398811,0.2331195949549851,LOW
F3A0E5E9765A54E684505A45E8FB00D2,max_consumption,0.20732850331128463,min_consumption,0.20621651060353394,month_5_mean,0.1760608970242601,0,0.3311437053288642,0.0352339541592569,0.242370779977982,LOW
B0E5ECAF5319ECFE777354527C80BA61,long_term_change,0.21351743086059854,month_7_mean,0.20665458934849634,month_3_mean,0.11444268213679924,0,0.2896962284948399,0.0241862786022936,0.210043243527076,LOW
A4C5F363D148312494FC0B1C24162477,max_consumption,0.676337859001484,std_consumption,0.35527218674676236,consumption_change,0.2173990558488141,0,0.3491066327426351,0.2142880274697306,0.3086610511607637,LOW
E3DE0692A859EA3FB3D6AECF8C78E6A0,first_half_mean,0.11009189699761654,month_6_mean,0.08171321684058733,median_consumption,0.04350777517573323,0,0.0278858469495122,0.0380990842617521,0.0309498181431842,LOW
3EC636F14FBB809C83316685EFAD66C3,std_consumption,0.21058226660867108,max_consumption,0.16294030907891754,long_term_change,0.13493256997381395,0,0.2685930566516235,0.0562070304986227,0.2048772488057232,LOW
35D06AC6D69F503FA2EEB981D9A2E9C1,month_7_mean,0.12283545651610502,month_6_mean,0.11962737634963216,month_3_mean,0.10338285288089011,0,0.0989554676046554,0.0257502892298529,0.0769939140922146,LOW
27B186D80B813F65CFEA4C96B2723DDF,min_consumption,0.4489845243841736,zero_rate,0.2237656225893342,first_half_mean,0.1014085185809882,0,0.1532207304676726,0.0329783726632249,0.1171480231263382,LOW
EFF946665A2B2B0E64428037B9205238,month_2_mean,0.16255230173394294,month_11_mean,0.1105973807573652,min_consumption,0.10310639902614299,0,0.3604624408983957,0.0353360639961418,0.2629245278277195,LOW
9BFC7A46D5975758F461B599F1681074,month_11_mean,0.15075988642200971,missing_rate,0.13794208671992647,max_consumption,0.1168468439595971,0,0.3479142158402636,0.0410072599222593,0.2558421290648623,LOW
9F99D73220B72B74E0D454D2F768F3F1,min_consumption,0.4012996712689096,zero_rate,0.2147415492088119,missing_rate,0.09819091783849665,1,0.2134981541149342,0.0383220341827077,0.1609453181352662,LOW
E2A9E1920A5CCBEF0FE83E446F39F6C5,month_7_mean,0.17814754198791974,month_6_mean,0.13642891467923168,month_4_mean,0.08034767830639762,0,0.1377283865384933,0.0111447788319882,0.0997533042265418,LOW
F2F3583CE0E399D4C9085C27219BBC3D,min_consumption,0.4334425417354112,zero_rate,0.37479170461082495,max_consumption,0.2712476134043923,1,0.6564621026140011,0.0388479764483593,0.4711778647643085,MEDIUM
49F519564CE1F82A62A15B590116A505,min_consumption,0.29824238619473875,month_6_mean,0.1319602351134437,month_7_mean,0.08304788995749464,0,0.2393886357260859,0.0187516681353742,0.1731975454488724,LOW
5C4C769A30058F5158EED9657757269A,first_half_mean,0.09566090435445401,month_6_mean,0.07765787206378148,median_consumption,0.056431576623256055,0,0.0359345078952143,0.0371460070882101,0.036297957653113,LOW
C6FB71D927F2BD4699E4D9F6C9E9368F,max_consumption,0.1322471101767039,month_10_mean,0.09985634799329639,month_11_mean,0.05262913702153903,0,0.1717418330301075,0.0112529620048758,0.123595171722538,LOW
32663D1D148661388D1ACAFDEFA2833F,month_7_mean,0.21659842770582857,month_6_mean,0.18376109522564388,long_term_change,0.1309235695532012,0,0.3392085340515362,0.0078081122031619,0.2397884074970239,LOW
65F1E975EFBA7DD67081E31115B1C833,min_consumption,0.4712548028045259,long_term_change,0.2963304957044868,consumption_change,0.13043379060684587,0,0.3217780315286584,0.0325109109276358,0.2349978953483516,LOW
00932FB959A61AAA0D647DEB1D2DFE83,max_consumption,0.08320428725100774,month_11_mean,0.04966055142082824,month_10_mean,0.03638876997444501,0,0.1129659851174749,0.0140343860891685,0.083286505408983,LOW
8D2F5AA3613251D5F506FA99841DA858,max_consumption,0.4812978461375322,month_10_mean,0.33797138215863515,month_4_mean,0.3352385583219115,0,0.5679141203523436,0.0754471431339013,0.4201740271868109,MEDIUM
FF61BD44ED4E7902D7302E9E8844286F,max_consumption,0.409023846883779,std_consumption,0.2952903629993463,month_3_mean,0.10324506722623417,0,0.4122674842578946,0.0720476494531819,0.3102015338164807,LOW
F3CF53FA4090B4DCE6890313FDB8CB6E,min_consumption,0.19561461951983763,month_6_mean,0.19394837741190404,month_7_mean,0.18285835549401538,0,0.3534404195401317,0.0124104696554674,0.2511314345747324,LOW
24AF82ECAA23D18D5199EE866A8731D9,missing_rate,0.571837656942774,max_consumption,0.42956408967313253,std_consumption,0.4169903954144309,1,0.8098253189967834,0.1488991151053559,0.611547457829355,MEDIUM
7089C8D2705D2BAA5A47D2534902E9EB,min_consumption,0.5650447495255518,consumption_change,0.3024778397200524,max_consumption,0.1939883591617678,0,0.3491526391775067,0.0459302202660042,0.258185913504056,LOW
38BFD71E95D478BFC68FA71149FBCADB,min_consumption,0.386037279610001,month_7_mean,0.3005568539096266,long_term_change,0.12713717595978394,0,0.3504208503043363,0.013910564661781,0.2494677646115697,LOW
6E110DF778E03EF774C20770B2CA4A62,consumption_change,0.44932654283633233,month_6_mean,0.15130495129827737,month_9_mean,0.08102451926867116,0,0.1661061646704025,0.0256598133411206,0.123972259271618,LOW
F65B7DADFA95AF2786D1153D92C72162,month_6_mean,0.20260060613475472,month_3_mean,0.1336395059462823,month_9_mean,0.11659709897486832,0,0.2703777105211226,0.0039436073330917,0.1904474795647133,LOW
FD7763040E57A9002FBF1B90CE0C09D3,month_6_mean,0.21507602069492426,max_consumption,0.17529644756496468,month_3_mean,0.14658743676071462,0,0.4919023619464732,0.0159353070179365,0.3491122454679122,LOW
3C6DAB8CB336BAE58F81F2D1EE54ACD7,min_consumption,0.33781849729342295,max_consumption,0.14568507578913098,month_3_mean,0.09426219936235913,1,0.3797906326214645,0.0206514159131276,0.2720488676089634,LOW
2C6D955C3D39B2965A765D52F1126E23,min_consumption,0.4603198188318124,long_term_change,0.10596425232228522,month_6_mean,0.07940216002950976,0,0.2068890058885329,0.0288854029958636,0.1534879250207321,LOW
7913DB0C7CB4BE016992AE3B61E0AC22,consumption_change,0.46858794645402413,month_5_mean,0.2639853047198271,std_consumption,0.26114732028810433,1,0.8008705316244168,0.0526442340644596,0.5764026423564296,MEDIUM
B965BFCC3D50176A3D239C8227C7F7E3,std_consumption,0.3064928825610065,consumption_change,0.2705735403308782,month_10_mean,0.1123823707706645,0,0.2454289319128079,0.0592726126555159,0.1895820361356202,LOW
0B8560878CBC9CDB7DA3B9071F919F32,max_consumption,0.39472471850204266,month_11_mean,0.12199153855173414,month_2_mean,0.09669263656366597,1,0.5135613561059692,0.0427583799424704,0.3723204632569195,LOW
F8F7DE12BD5AF6A19C71C101E917878A,min_consumption,0.5038290722157642,zero_rate,0.2565753932189745,median_consumption,0.07656502465138856,0,0.1575336365276581,0.0262375323138114,0.118144805263504,LOW
F912512B2C4C1AD16C1188EE8EC94CED,seasonal_std,0.09444129705690421,month_6_mean,0.09415843185009058,month_10_mean,0.07903052662567521,0,0.2989911829445052,0.009753913850897,0.2122200022164227,LOW
AFA1EA87D7DB7682B0147D0BEC7C422E,min_consumption,0.392216698006545,zero_rate,0.18874905219565907,missing_rate,0.08808273990883157,0,0.1581552748159433,0.0505562889804545,0.1258755790652967,LOW
0C5821BBACAD0237AC2DA2083082DE2D,min_consumption,0.29291849295168554,month_7_mean,0.18838688148146174,month_6_mean,0.15750183069746454,0,0.3370537761111202,0.0142577526393056,0.2402149690695758,LOW
CA6F453F3A6ADE259BAFB0E1EB0CFDCE,month_3_mean,0.22383327711533307,month_7_mean,0.12620987837588396,month_6_mean,0.10490691089128416,0,0.1384651701560782,0.0226067743855245,0.1037076514249121,LOW
11A4ADD1AD48B707D98527C6B3BB3BD8,min_consumption,0.2181733332401633,month_11_mean,0.10174177954656473,month_10_mean,0.07634725734759427,0,0.2586595304113111,0.0247128665897477,0.1884755312648421,LOW
A2299BD3468824B0AA68CF0CBD2EF4C9,max_consumption,0.16187865421778497,month_3_mean,0.10008722366717651,month_6_mean,0.07347456843399022,0,0.2031871918594748,0.005791275248595,0.1439684168762109,LOW
E90A898AC2CEA005A65F00D58C2048C3,min_consumption,0.4939507698574195,month_6_mean,0.11965225474422411,median_consumption,0.0723958545100383,0,0.1940256145218227,0.0457065510386101,0.1495298954768589,LOW
88AFD87ED97F5EDA8E6A9B9902868F71,min_consumption,0.4012996712689096,zero_rate,0.2147415492088119,missing_rate,0.09819091783849665,0,0.2134981541149342,0.0383220341827077,0.1609453181352662,LOW
E3C0FAA27DE808E5130D83EA58B7D754,max_consumption,1.3915459424177572,std_consumption,0.6252996466799832,month_3_mean,0.49428636021842337,1,0.9265090579593568,0.5967062270573374,0.827568208688751,HIGH
0124726D3551DEBDAEDE73ECD06DBA50,max_consumption,0.5827105722420706,month_4_mean,0.3979887417335656,month_10_mean,0.3337439941916749,0,0.7806690257720051,0.1715851717272439,0.5979438695585767,MEDIUM
41F9D4ACA002BD89EEB8E5F0CEA677D9,month_11_mean,0.22115695379325115,month_6_mean,0.11490264299259519,month_3_mean,0.08600095836825894,0,0.2996714216930518,0.0065480103180357,0.211734398280547,LOW
E8C22F4E1C488F3A13180DAD68ADDF6D,min_consumption,0.4126057850053179,zero_rate,0.14567431014432553,first_half_mean,0.1064354321435664,0,0.0896395114073934,0.0438129514747073,0.0758915434275875,LOW
E49F8E036751B836137C9CEAD28BFD2F,max_consumption,0.5398189759985202,std_consumption,0.24614564042579823,month_5_mean,0.09119311160714204,0,0.3616013340994496,0.0589626573071751,0.2708097310617673,LOW
30BB5FCF85BF1F0DE10F2CE959AD3330,month_6_mean,0.2116090014392253,month_7_mean,0.12202825736125114,month_8_mean,0.10422665926133659,0,0.240446342459727,0.0058193655143916,0.1700582493761264,LOW
CF107138F654D3BC1EFB2443BBFF9271,min_consumption,0.4012996712689096,zero_rate,0.2147415492088119,missing_rate,0.09819091783849665,0,0.2134981541149342,0.0383220341827077,0.1609453181352662,LOW
71E8F110EE2E079B11A072A3E01AC4C3,min_consumption,0.3592251580005598,first_half_mean,0.08188736985898591,month_6_mean,0.06942905612356792,0,0.0923558095186126,0.0324157168687297,0.0743737817236478,LOW
52749649401352111C145B6D41DDFFB6,month_6_mean,0.22525939476272153,month_7_mean,0.19762717899033802,month_4_mean,0.16640043966218315,0,0.5332856550483421,0.0165711695201435,0.3782713093898825,LOW
42CA1530E81D18761E41F89D9FBDBF0D,month_7_mean,0.20035720257236245,missing_rate,0.16624097024614642,month_6_mean,0.08322733235454903,0,0.2012388657827289,0.0233338408493703,0.1478673583027214,LOW
4CFFAA6302BBF14C1F77A9D8122365CF,month_10_mean,0.09867164167627124,month_2_mean,0.08735913665089283,max_consumption,0.07832830047937822,0,0.1971758289049157,0.0054848813854707,0.1396685446490822,LOW
BE1F3D04A87EDDD0045B9CE05B17EA8C,min_consumption,0.5208006036453235,zero_rate,0.1347315063188105,long_term_change,0.10815492456736849,0,0.1235081651221166,0.0345435481377115,0.096818780026795,LOW
0E770BB34C676B5057F5305A33BD3180,min_consumption,0.44889151108292735,zero_rate,0.18610724952438068,first_half_mean,0.08866567994893587,0,0.1397234679415566,0.0449883638757689,0.1113029367218203,LOW
3FB5653DD901268FC2A01A0799098C91,max_consumption,0.31161706820332896,month_6_mean,0.13838910476596566,month_7_mean,0.10468386070444362,0,0.2545180577097431,0.0256175608801808,0.1858479086608744,LOW
950CA8E8D9F1042FF8B7EDD0A6011835,min_consumption,0.15305187435506243,month_7_mean,0.1419907469437159,first_half_mean,0.14037046958721797,0,0.1828537795012977,0.0344931876552433,0.1383456019474813,LOW
567F77D9CC99BEF23B8EDD9801330519,month_7_mean,0.2305731723259173,month_6_mean,0.17127300416779032,month_3_mean,0.07756960943189893,0,0.3006953916356537,0.0046067441420941,0.2118687973875858,LOW
692A8485E54B3B58C2577A23E41A3F43,min_consumption,0.45321463154042685,zero_rate,0.29314515572586325,missing_rate,0.15149364320234113,0,0.3228089257293957,0.0373222090693576,0.2371629107313842,LOW
3307232391E49ADE737B82E4E67DEA32,min_consumption,0.3790232823854398,zero_rate,0.2275345496007219,month_11_mean,0.09207219942810621,0,0.1037805703396563,0.0680506968071683,0.0930616082799099,LOW
9B3B5121E0C7B63C966E7AA52CD5E525,min_consumption,0.4355241268593022,zero_rate,0.17249508019552898,long_term_change,0.09461077244795905,0,0.141058873643499,0.0314754707105569,0.1081838527636163,LOW
EEADACD81D114873157DEF2A83D39B02,max_consumption,0.6823214424654189,std_consumption,0.3101779974993701,min_consumption,0.29018830468327517,0,0.2851023903728601,0.2772172420553334,0.282736845877602,LOW
70A64D3E46772CC9A10807D5B834866C,max_consumption,0.49794654562882995,month_10_mean,0.3219480035692789,min_consumption,0.10060107731843931,0,0.5008660091612218,0.0481018977344205,0.3650367757331814,LOW
703E215191957A29F769DD09B4007F58,month_11_mean,0.13055608163822074,month_9_mean,0.12125835293327082,month_3_mean,0.11954433788249809,0,0.2451299048574305,0.0162662832150077,0.1764708183647036,LOW
512E92DC7FA714EDB11399316D91B8FA,max_consumption,0.30099626983190936,std_consumption,0.2861389880214083,month_9_mean,0.1498016453529373,0,0.3688872172187664,0.0823736645474705,0.2829331514173776,LOW
AA343E552B9C249C3654917EFBFC291E,month_7_mean,0.26605287403560546,month_6_mean,0.15019981366015517,missing_rate,0.13533940247193565,0,0.3957301038235138,0.020010568807548,0.283014243318724,LOW
40C3FE56B037717C2D0A0B773DD1245D,missing_rate,0.18485007463722009,month_7_mean,0.17996727647182553,month_3_mean,0.15065291669366665,0,0.1897213262759101,0.0290625279031058,0.1415236867640688,LOW
969192EBDB1104DFF75AB4365BDC4A19,max_consumption,1.4933957409498455,std_consumption,0.5285971780440641,month_3_mean,0.5035953285240067,1,0.8816355783921536,0.3774832452593928,0.7303898784523253,HIGH
DB8CD069BDB72B627A50DD9285A55B0B,max_consumption,0.43102609499766437,std_consumption,0.273512019232819,month_10_mean,0.18246923370307253,0,0.5308786471699063,0.0591619132007177,0.3893636269791497,LOW
A335401FDA7D6F8975660E9286C2BE79,max_consumption,0.429359515521802,month_10_mean,0.402309232161454,std_consumption,0.28168164781932037,0,0.6050809934201588,0.0478798724444144,0.4379206571274354,MEDIUM
BBA785717BE266EEFFBE7919172433D7,max_consumption,1.2753007104589102,month_3_mean,0.6924889724032454,std_consumption,0.6041357343288524,0,0.8493005483313776,0.7011721003812398,0.8048620139463363,HIGH
1D292833F7CEBC38F46FDBCCD9D352B1,min_consumption,0.4482848189291262,zero_rate,0.22461554730190084,first_half_mean,0.09983654013179293,0,0.1378872665538858,0.0560509649734429,0.1133363760797529,LOW
11C7DC7AB09829B2CD81889371FADF06,min_consumption,0.44913379219834126,zero_rate,0.2262553770853299,first_half_mean,0.10029325300413545,0,0.1462051119982821,0.030054434736783,0.1113599088198324,LOW
D9DBFEBCBA08735F5578A90557FA9F24,max_consumption,0.6165956398098681,month_10_mean,0.5900659558117451,std_consumption,0.3978903830993965,0,0.595205455053996,0.1238232603228991,0.4537907966346669,MEDIUM
9176FD0DA195EAB3978E713E6153487D,min_consumption,0.47297684016610614,zero_rate,0.14337574375293177,second_half_mean,0.12276702446983168,0,0.0539094882917958,0.0353234042760839,0.0483336630870822,LOW
EC3675FF8A8B8A91EA05AEA7749EFBE0,max_consumption,0.45728749596163226,min_consumption,0.2781138811716931,month_6_mean,0.19331348787581737,1,0.5787414726135539,0.036362415733231,0.416027755549457,MEDIUM
79FB9314814A91180F631403C0DCC7D9,consumption_change,0.5131748509617705,month_10_mean,0.3518560275854448,min_consumption,0.17234721313302534,0,0.4861250731254048,0.0600811876117406,0.3583119074713055,LOW
945EA1D6E2C5EB95B4130D5CD6801748,min_consumption,0.3929365605771296,zero_rate,0.20583419406978487,long_term_change,0.1711386340449243,0,0.2424453924749191,0.0521873786282439,0.1853679883209165,LOW
2EF1F79BA09C44AEE69FD1E2627A7118,max_consumption,0.30599075648676943,min_consumption,0.2960780528777861,zero_rate,0.20805011346026572,1,0.541628919883072,0.0507509181572338,0.3943655193653206,LOW
D6BDCCDD7F6FAFC1045F3BAE45ED096F,min_consumption,0.48233864454866743,zero_rate,0.2378634771683998,long_term_change,0.15781008474799127,0,0.2486154646468943,0.0410634943050947,0.1863498735443544,LOW
A80BB8EACEA182699B0C5671AF254962,month_7_mean,0.19380777340659347,month_6_mean,0.12873033225265312,month_1_mean,0.10503155599501493,0,0.3563970768579391,0.0236598626288677,0.2565759125892177,LOW
ED58E17F7385A5FB73ECF8D1AA7775BF,month_6_mean,0.08996789556030292,seasonal_std,0.08412741743610022,month_11_mean,0.08360793134306363,0,0.1880210726818067,0.0198311584006472,0.1375640983974588,LOW
4D45174BA1F8A950ABA6577BFF4CD694,max_consumption,0.4828552829695138,month_10_mean,0.47553456312989023,std_consumption,0.2940995709361828,0,0.5123093656819584,0.1004907057699727,0.3887637677083627,LOW
D172C1575B9F46F9E83EB5854CE06FCE,seasonal_std,0.07819271031882524,month_8_mean,0.05174324436504967,month_2_mean,0.04800674947752866,0,0.1707101304850152,0.0282883271523693,0.1279835894852214,LOW
77D7A5EE6A3198A0A44E43413B8B8806,max_consumption,0.6143552950344034,missing_rate,0.5293916733253552,std_consumption,0.4012209826775266,1,0.8597961389265042,0.1500176932044862,0.6468626052098987,MEDIUM
88712A0868DA07A344AF9D8B526EFBA4,min_consumption,0.3949260608894856,month_6_mean,0.09038710695126723,first_half_mean,0.08026436187485136,0,0.1037738909000625,0.0370356648709394,0.0837524230913256,LOW
0BCADBF187194004CCE0A2A228033752,missing_rate,0.8834376416214141,month_11_mean,0.09699389062068929,missing_count,0.08635144415123276,0,0.4199071934502484,0.0351404063288475,0.3044771573138282,LOW
528A81D59362209BB1261095E0E0536A,max_consumption,0.3450702280664714,month_2_mean,0.24655541311365053,month_10_mean,0.20178953747616926,0,0.3852981452421248,0.0418791142707477,0.2822724359507116,LOW
2E476BDA6B3932508E75546CA93D0BDE,month_6_mean,0.23224687696216967,month_7_mean,0.17208619709447534,month_10_mean,0.11359671950806004,0,0.1575897397458162,0.0096851090885831,0.1132183505486462,LOW
1AAF69AC166C4B2DCC53041AA6252F4C,month_7_mean,0.12992148615284885,month_2_mean,0.1082913516382395,month_10_mean,0.0945280279510697,1,0.4611205390448254,0.0096347539818131,0.3256748035259217,LOW
15A0B528A596BB9BD14283C4878B343C,max_consumption,0.5801827414221248,std_consumption,0.39580584045930367,missing_rate,0.32867128040162336,0,0.6469256707928864,0.0884962803168447,0.4793968536500739,MEDIUM
FB4D004F92BA2460911DB8B9819BEED8,max_consumption,0.3530519246749464,std_consumption,0.3119754976677596,month_4_mean,0.2525901315087549,0,0.2227539561006642,0.0637608950950256,0.1750560377989726,LOW
3B3C2C823B4F7E649936B3E29CFC831E,missing_rate,0.47295476480323984,max_consumption,0.3654022935623375,std_consumption,0.3338088221490899,0,0.3468442714985244,0.0945668206739203,0.2711610362511432,LOW
4EB3D679BFCF8CD500654C13C90B4933,month_4_mean,0.33994005753985723,month_10_mean,0.29152074959542507,max_consumption,0.21742186750639342,1,0.6624142072210858,0.0652263625922697,0.4832578538324409,MEDIUM
E88F9FE49174FED7348D83AC352B5D75,min_consumption,0.45844558338235764,month_6_mean,0.13560163787530488,long_term_change,0.1232388499178326,0,0.4206182756673599,0.0270337863400127,0.3025429288691557,LOW
21C03C392277536AD754FC3E506D4810,max_consumption,0.723910707512883,missing_rate,0.6112240879928093,std_consumption,0.36405977884404855,1,0.8474041895129817,0.0695288205703909,0.6140415788302045,MEDIUM
0025C93F9219B6AABE30D6A1005898F2,max_consumption,0.28893993394744216,month_2_mean,0.1755111028375019,month_10_mean,0.16386686429588385,0,0.3385964115534237,0.0425109005367991,0.2497707582484363,LOW
D164BC280145292E5754AA1928135C9A,min_consumption,0.3543705198304045,zero_rate,0.17254342683456672,month_11_mean,0.08919837096080867,0,0.14942313436712,0.0660534936153983,0.1244122421416035,LOW
DDA538BA945A07CD158908C3931C13F1,month_6_mean,0.21876558807888857,month_7_mean,0.1386120570110802,month_10_mean,0.12145483487050039,0,0.2328055653459259,0.0083709343683122,0.1654751760526418,LOW
930A6544AD44CC7F4B043D401F28F6C7,consumption_change,0.500519679800244,max_consumption,0.4048966111684468,std_consumption,0.2805622296697507,0,0.5597377311317222,0.1054744857202883,0.423458757508292,MEDIUM
BCC505297B3587F16883F90E631FDC87,min_consumption,0.38804367823090347,zero_rate,0.24013631548309836,long_term_change,0.14626312393094246,0,0.4655478345961858,0.0395547904227341,0.3377499213441503,LOW
B73257770E9DAEF8E794F0386E1002EC,max_consumption,0.5539905582658771,month_5_mean,0.1632474002315711,month_6_mean,0.1291947100926331,0,0.5327177351340409,0.0060253343547187,0.3747100149002442,LOW
438B8B081AB7E047330358C905EB77AB,month_10_mean,0.45692330235937495,min_consumption,0.24941660950642694,std_consumption,0.18908271489818587,0,0.1199756448140841,0.3244493162829575,0.1813177462547461,LOW
C6B35E9DEF79B8DD91D870C0EE6FE04F,min_consumption,0.30501878375133035,month_6_mean,0.23171209817807545,month_7_mean,0.22181908438806186,1,0.5307737675906555,0.0072886758744063,0.3737282400757807,LOW
B855D6F1A92E4FE41169948C3F079BF2,month_6_mean,0.1613378792767542,month_7_mean,0.12194888316383144,month_10_mean,0.04295467240578177,0,0.1193822671641372,0.0312576600209502,0.0929448850211811,LOW
9AF7BCA45477B11877E561C40559C862,std_consumption,0.33455884523493595,max_consumption,0.21789222610731765,min_consumption,0.21325131802461136,0,0.2816108471812146,0.0523565616397563,0.2128345615187771,LOW
6D94364057C7A5C19B7AA92DA2E69DA7,min_consumption,0.35490459734933927,consumption_change,0.3399446782861476,max_consumption,0.13845000058409118,0,0.2601161423053094,0.1347413321819413,0.2225036992682989,LOW
DA6E84442C9D6BDFAC89D2DB9AE931E4,month_6_mean,0.23898495211033705,month_7_mean,0.2037618012570004,long_term_change,0.16249824847494246,0,0.484671817489884,0.0045047397218509,0.3406216941594741,LOW
B8A1FDCE11F8B583A828E3E700876E7E,month_7_mean,0.2313318902805619,month_3_mean,0.11434327218445348,month_6_mean,0.09022771446026111,0,0.1115646138307893,0.0263464272318149,0.0859991578510969,LOW
A9AB629DD9E103330484FF4796A0981E,month_6_mean,0.1490336645379805,month_9_mean,0.10375823915858153,month_11_mean,0.06453842581007947,0,0.1126014582143995,0.0043114096576188,0.0801144436473653,LOW
191DB95B7E42CCCF4614076B126B017B,min_consumption,0.37096569319651634,month_7_mean,0.21770522519537078,consumption_change,0.19796141700377046,0,0.1167896783184256,0.0422456958676664,0.0944264835831978,LOW
3D9F83B270F1C1617CC3D07C1215F25D,min_consumption,0.28239234456229395,zero_rate,0.09317068212427611,first_half_mean,0.08359412087190475,0,0.0796008000984099,0.0368253556132732,0.0667681667528689,LOW
E8E027F377A6DBAC102A5FF936BB3317,max_consumption,1.3684755608966326,month_3_mean,0.6498778418263965,std_consumption,0.6297216358807194,1,0.9448963333538848,0.7088139376901166,0.8740716146547544,HIGH
E0A5840FA12C41E7584CD61A5E408291,min_consumption,0.31224915375449086,month_7_mean,0.16581936133646008,missing_rate,0.15438759704582167,0,0.2832054935986607,0.0366911611027095,0.2092511938498754,LOW
D3EE8488308A1FB22C611956B416E124,min_consumption,0.16606165478519805,month_7_mean,0.15459596220505575,month_1_mean,0.09081947722739056,0,0.3745255500663497,0.0178167445356009,0.267512908407125,LOW
94C489B0937E9EF860F78E5BAFBB226B,consumption_change,0.42359249629506335,month_5_mean,0.1507109818199311,month_4_mean,0.09956291011383893,0,0.2770217567545275,0.0425051206058742,0.2066667659099315,LOW
CCC17B9CE00E48ACD896BF4D3DEA059D,month_6_mean,0.17851221177726018,month_7_mean,0.17572624463034855,month_1_mean,0.07116129556869424,0,0.1919262647654081,0.0174849621337868,0.1395938739759217,LOW
A2031133F54DE20BDA4AB3AEA1758D95,max_consumption,0.9021256057944225,month_10_mean,0.38708021030963324,std_consumption,0.3072132213811329,0,0.7209555591648845,0.3059526961062147,0.5964547002472835,MEDIUM
2E482784D308FC01365F0CF7CE1D15DE,seasonal_std,0.07986337379727255,month_11_mean,0.0396083965776786,month_8_mean,0.035737168393126496,0,0.1521842187890777,0.0165259120844076,0.1114867267776767,LOW
A7A91A546B164497C125ED069298AB33,min_consumption,0.3989479643418244,zero_rate,0.21095439157653453,missing_rate,0.15426210621028705,0,0.2134981541149342,0.0400354016790532,0.1614593283841699,LOW
7FF2F80DB21DE39636A42788F6746C2F,month_10_mean,0.4119054308069414,month_4_mean,0.28703246601870824,month_5_mean,0.271811167144139,0,0.3173883934858156,0.0592843789558612,0.2399571891268293,LOW
27B2CCB69E5E363716E85648C200E33C,month_7_mean,0.21185301948499463,month_1_mean,0.13764836086368498,month_6_mean,0.12779269829146508,0,0.3430533244637532,0.0243342904353166,0.2474376142552222,LOW
391ECEAEE3F5E1C52C9A6595DD51C1C6,missing_rate,0.2033356257654443,month_6_mean,0.11440252499224783,min_consumption,0.09233651756134006,0,0.2974302402590058,0.0381038429029072,0.2196323210521762,LOW
3DF457487774C42091493BC5014C6624,max_consumption,0.5719655435470198,std_consumption,0.42802717689328923,month_10_mean,0.4002590487713884,0,0.6860826108357833,0.1593933819719341,0.5280758421766285,MEDIUM
F8E3DDDCCFB2AFAF7B8452D671F15C6C,min_consumption,0.46852361776550133,zero_rate,0.16638549352752227,consumption_change,0.12757656472128878,0,0.1528564074311672,0.0469822684448916,0.1210941657352845,LOW
76AECD30610C563A9F769E581EFD4EAD,max_consumption,0.4468107869328349,std_consumption,0.33509612858277127,month_11_mean,0.07451550320838517,0,0.2683321953553931,0.1218852989651904,0.2243981264383323,LOW
07F2898EDE7EA5EFA5125BE15289EC5B,month_7_mean,0.24992433774862838,month_10_mean,0.19040807159645495,month_6_mean,0.1728286596381715,0,0.4642357513181261,0.0162393666081327,0.3298368359051281,LOW
49A8CDF7DDC56D01E8068FD839965FE0,month_6_mean,0.21765243429335018,month_3_mean,0.17603770782042952,max_consumption,0.16904298706428353,0,0.3820381072498664,0.0312695001346781,0.2768075251153099,LOW
DD33F56B3003BE03221389BC73A0A53B,month_10_mean,0.4097190896340753,max_consumption,0.3132098556225203,month_2_mean,0.17278222654710185,0,0.5223814373013632,0.0450070507017063,0.3791691213214661,LOW
E59DAF566D88DBFB49C9FA208710353F,min_consumption,0.44913379219834126,zero_rate,0.2262553770853299,first_half_mean,0.10029325300413545,0,0.1462051119982821,0.030054434736783,0.1113599088198324,LOW
DEF16531675BB0BFF280D5D0E3205C67,min_consumption,0.45915321742379295,long_term_change,0.14437313829733714,zero_rate,0.11160773714582717,0,0.2330817692701341,0.0396118519373652,0.1750407940703034,LOW
CE5CEF83E9CA38B8EBDAF3AA9A55175D,max_consumption,0.42505355388908467,month_10_mean,0.4001496826466739,std_consumption,0.2885097127501549,0,0.5656290675920894,0.0787646507328506,0.4195697425343178,MEDIUM
B08110D2939ED19740BA762B2AE9ACE5,max_consumption,0.25973861021683226,std_consumption,0.24655149220050301,month_6_mean,0.1253181823471799,0,0.348116082818249,0.09725620883398,0.2728581206229683,LOW
70A16ACEF888B3E7E8F41AEF2156B138,min_consumption,0.4059918169478882,month_6_mean,0.07603547180210572,first_half_mean,0.05979583449005829,0,0.1279152414152705,0.037094206731044,0.1006689310100026,LOW
D1564B1CCA3A861D482044EBA726E78E,std_consumption,0.362429426923649,month_5_mean,0.23303898753111724,month_10_mean,0.22656751583163476,0,0.2381479329988278,0.0464976062620099,0.1806528349777824,LOW
25B5C5C8599267F9CDE0C6139F9A8FC0,consumption_change,0.41467247055290707,min_consumption,0.3606678514924808,max_consumption,0.20753839440043692,0,0.415091750501444,0.0474062839115443,0.3047861105244741,LOW
17225AB4B89F646A594419FCA6BE260A,max_consumption,1.293390641557031,std_consumption,0.8860715453819455,month_4_mean,0.6410553605381539,1,0.9172195620319822,0.862196284290206,0.9007125787094492,HIGH
D738035E9FD5C04BA359AEF4F35CC827,month_3_mean,0.06946864406309536,month_10_mean,0.06578900810464143,month_6_mean,0.06502462344361565,0,0.1530374564431052,0.0109364380031977,0.1104071509111329,LOW
622EC15032E75516BA0294B7ADC3B62C,max_consumption,0.47408360902048535,month_10_mean,0.3269996085792568,month_4_mean,0.3097324175846506,0,0.465394823546009,0.098541829868265,0.3553389254426858,LOW
AE15DC9B20E53D554653F873BC7BA4B8,max_consumption,0.45514106815578953,month_4_mean,0.4187363352289504,month_10_mean,0.3025792150213182,0,0.7448898931636152,0.0709302802124539,0.5427020092782667,MEDIUM
E1615CDF7140EFB24ADB8AC2B8B3E221,max_consumption,0.16310814890145514,long_term_change,0.1581574309154118,month_6_mean,0.144702715839066,0,0.2018053106606719,0.048973632214756,0.1559558071268971,LOW
31EC1DF569A193612AA894EB22CC0759,min_consumption,0.37007460023498606,zero_rate,0.20202458069778995,first_half_mean,0.08768583323802714,0,0.1051007442088154,0.023996000096494,0.080769320975119,LOW
E4AADE866A7B28FCAC564922FBD1D63B,month_10_mean,0.2033864304824813,month_11_mean,0.10408875199403886,missing_rate,0.09367182079248547,0,0.2043677967990189,0.0233514561382554,0.1500628946007898,LOW
015D656B4320BA678024CCFF965E934C,month_7_mean,0.20328682079254276,month_6_mean,0.11534999831529354,month_1_mean,0.10196447019908067,0,0.1844782524463868,0.0121250077481547,0.1327722790369171,LOW
942C90BBE609C500AD2B6F2B8FFF72F1,max_consumption,0.5169441628595726,std_consumption,0.2571278226032915,month_3_mean,0.12252814646212079,0,0.5057693413088628,0.0832289421829981,0.3790072215711033,LOW
64C4E4CE022CC5BFA0F062AFE9EA189F,min_consumption,0.47024299800073177,long_term_change,0.1671566552655084,consumption_change,0.1015648904801262,0,0.2804296197787846,0.0397905111468929,0.2082378871892171,LOW
8DDDDC8BAF2249E8015D5C92AAA595CD,min_consumption,0.4657323667185356,missing_rate,0.12247976396193913,month_11_mean,0.10353800311045715,0,0.2239459250797229,0.0492868811187966,0.171548211891445,LOW
BC163A0C461A909E19DE724AA66CF1E6,min_consumption,0.49989374699991673,first_half_mean,0.09009182293237336,month_6_mean,0.06052765410459523,0,0.1312782458753581,0.0297213711381495,0.1008111834541955,LOW
33C7F754C29184B6AAD9092D0222AB60,max_consumption,0.3317370551296741,missing_rate,0.25477137284545825,month_6_mean,0.16388734592583723,0,0.4675387656939477,0.0495852707417066,0.3421527172082754,LOW
348F3EEDD995918F286059EA07AD9824,min_consumption,0.4676924482134722,month_7_mean,0.18099977377223497,zero_rate,0.06281953066661733,0,0.1218291245714256,0.1466983072434551,0.1292898793730344,LOW
419739FFC9255CD61E55263374857D1C,month_10_mean,0.508147199975519,month_2_mean,0.29289290669863327,max_consumption,0.1814130669167156,1,0.5941034338560716,0.02993484671505,0.4248528577137651,MEDIUM
37B40342CC43A898B11BCB495EA87731,min_consumption,0.1835927569783375,month_6_mean,0.13906004055315868,month_7_mean,0.11613809639685031,0,0.1269227372219542,0.0158321087144834,0.093595548669713,LOW
586ABC62339513DBBCEAC41609FA5D27,month_10_mean,0.08773619088436979,month_6_mean,0.05075667246841361,month_5_mean,0.037288389734571124,0,0.1748076952552963,0.0421076223010704,0.1349976733690286,LOW
29BAA2E4C1CB28996F655FC9B0845DAF,min_consumption,0.39040989550351657,zero_rate,0.20464624579565252,missing_rate,0.09359831239256886,0,0.1954934470654237,0.0499854164648866,0.1518410378852626,LOW
DEEC85D9C3A67B3BB5DD3AB8DE00E821,missing_rate,0.2017764121753382,month_7_mean,0.18086977754126576,month_6_mean,0.1431777748387892,0,0.2534064979701578,0.0377850166134122,0.1887200535631341,LOW
9376C54A9223D21C34B456483EE0373A,month_7_mean,0.10503609346322906,max_consumption,0.08707295300244206,month_11_mean,0.07650085382384782,0,0.2301877940964121,0.0126620536186569,0.1649300719530856,LOW
0DE0E24522939CBBA467CC90FCC22224,min_consumption,0.2610150887397587,first_half_mean,0.12853119202361385,month_3_mean,0.09846941432323,0,0.134583620411833,0.0323921040012421,0.1039261654886557,LOW
CAC662222F6CA2DC7DD571164EEF044A,min_consumption,0.3835289457978046,zero_rate,0.30410092364367164,first_half_mean,0.0865006767511206,0,0.1723513080016653,0.163828715681374,0.1697945303055779,LOW
4BD60BCCA85B9E0BF2C50AE6FF2A86D4,min_consumption,0.3457076143871046,month_7_mean,0.23245417992460132,month_6_mean,0.182857244689046,0,0.38688283019004,0.0264437584121876,0.2787511086566843,LOW
7DD29286690FFA49C5D68573A88094FC,long_term_change,0.19439071015577572,month_6_mean,0.16543469512779413,month_7_mean,0.11233207360919352,0,0.3008243639478767,0.0219268386518377,0.217155106359065,LOW
3EBD29075F25665FC330B22FF7DCEA0E,min_consumption,0.19376487909140508,month_7_mean,0.1555639482561953,month_6_mean,0.12045428240141659,0,0.2161219267961509,0.0128391812605951,0.1551371031354841,LOW
3EC76D79868EE814D9C5798EA1402EA8,min_consumption,0.27459664057972966,month_6_mean,0.18796623538953014,month_7_mean,0.1562325993207164,0,0.2392298227032732,0.0436850004372849,0.1805663760234767,LOW
AF13127B3127DE31AB24EC1ADD9CB41B,max_consumption,0.39427512334927334,month_10_mean,0.15716904727119843,month_11_mean,0.11050752196845397,0,0.4120519331849957,0.0419710538199555,0.3010276693754837,LOW
24DF1CAA8FC1F34D022E3143040246E7,long_term_change,0.17388551773441946,month_7_mean,0.15948088219028406,month_6_mean,0.1401863959884938,0,0.510356379493673,0.0168780377697713,0.3623128769765024,LOW
7AE4802181ECBB0DA3503508E96910DC,seasonal_std,0.10755326332681697,month_5_mean,0.05087093057628135,month_8_mean,0.04217703032459002,0,0.1901458532105658,0.0300561930552014,0.1421189551639564,LOW
F327C393AFA36D53869AE1E9C56F1E38,zero_rate,0.41936400673848506,std_consumption,0.4119355039720942,min_consumption,0.22237702869879314,0,0.7305464008639221,0.0555572796964145,0.5280496645136697,MEDIUM
558997D215361A96CD97EF2ED6642378,month_6_mean,0.2564729802724935,max_consumption,0.213697099274042,month_7_mean,0.1575734791114699,0,0.3656318844658484,0.0088703489562243,0.2586034238129611,LOW
C40089E452948C16DA7622B313393008,max_consumption,0.7961970859917566,missing_rate,0.6161480742857145,std_consumption,0.4446630819149561,1,0.7889194799652012,0.2370543438248754,0.6233599391231034,MEDIUM
96E247D1FF0CEF07F7356CD7B2518EF0,max_consumption,0.5217781423140825,month_9_mean,0.11221739777580074,month_6_mean,0.04228643540695059,0,0.2406766189299649,0.0362343029355411,0.1793439241316377,LOW
F189027AA52EF57ED7F29190BC0CFA95,min_consumption,0.38151659237339025,first_half_mean,0.08972800139601368,month_6_mean,0.08200297775361913,0,0.1177081397049352,0.0331845415804591,0.0923510602675924,LOW
6B48ECD5ADA74C9A003F95872392CC1B,min_consumption,0.3945338725717436,zero_rate,0.19370860689515207,first_half_mean,0.09111962549801213,0,0.1200239488247755,0.1484350459214425,0.1285472779537756,LOW
BE90750AD8A4DDA840D81664092B1B0C,max_consumption,0.9488432589781809,std_consumption,0.3276889902934482,month_10_mean,0.28521732578220477,0,0.3834243474440174,0.3129856917016893,0.3622927507213189,LOW
7CF816037FC6988F0F368EABA892F2A2,max_consumption,0.5397425172199877,month_10_mean,0.4997915375153929,std_consumption,0.30536486429536325,0,0.4998631419108448,0.1162596446753116,0.3847820927401849,LOW
D9678E84CBFDF53DF3E989BED0647DF8,max_consumption,0.4111228219936354,std_consumption,0.23553559051359912,min_consumption,0.1408890836509943,0,0.2918137424055337,0.0409649039955913,0.216559090882551,LOW
FD2D487A68EB9505914C27EAE9338F7A,month_6_mean,0.20246673675902332,month_7_mean,0.19111566455456208,long_term_change,0.17222960994494713,0,0.3771460998073754,0.0065528263170895,0.2659681177602896,LOW
501C9D426C9017CF2556D35A1FAE17A9,missing_rate,0.4201106493380122,month_8_mean,0.10677471909160421,month_7_mean,0.10391842397309357,0,0.1692772115160608,0.0697428279334242,0.1394168964412698,LOW
CDB6E39AE5768E54839CF14B4F0253EA,min_consumption,0.32595416118723025,month_7_mean,0.2544254299037234,month_6_mean,0.12451890865354735,0,0.3188351878180819,0.0709818079304072,0.2444791738517795,LOW
61B058172AAAE4ADD459B96CCDDD8118,month_6_mean,0.17414881654069356,month_7_mean,0.14169358048214775,month_3_mean,0.12477767013452451,0,0.2180099058172187,0.0080705162039709,0.1550280889332444,LOW
1873CFB127219E67E1DE72556FDAF144,max_consumption,0.6101038130412736,month_10_mean,0.40858093746580537,std_consumption,0.3469531837791156,0,0.5844889753407654,0.1124916128525915,0.4428897665943132,MEDIUM
99ABC370C3256A9F9235100DE0576329,min_consumption,0.37393018606158146,month_7_mean,0.27289156031663314,month_6_mean,0.22709984443128475,0,0.2410478450268906,0.0417267313514614,0.1812515109242618,LOW
88DB6407C76546F6EF672E348B4C9F0B,month_6_mean,0.14670165290817924,month_7_mean,0.14436966836384293,month_2_mean,0.0839683993213886,0,0.1752479451900307,0.0341039995126352,0.132904761486812,LOW
B7F7362EBBA0893E2AED3ACDA06712F7,missing_rate,0.1885295760059116,month_7_mean,0.14151043843491237,month_6_mean,0.10241242219819122,0,0.2580347662879358,0.0314060498550324,0.1900461513580648,LOW
9E46CB372D83D442E1627F54A4FCCAA7,month_7_mean,0.13527876509209508,month_11_mean,0.08971509438742874,month_6_mean,0.08336041913438508,0,0.0489206108474408,0.0549738992612539,0.0507365973715847,LOW
F1ADAF44A0EA0B8B1F27E4249CA0A668,max_consumption,0.7764986408658373,month_10_mean,0.378477605929797,std_consumption,0.3164389353316081,0,0.5235797422007223,0.2191925584965359,0.4322635870894664,MEDIUM
34487264B4FD0D5CC2C9CFA6178143BF,consumption_change,0.5088247456363655,max_consumption,0.38953814619343835,std_consumption,0.2621571317190839,1,0.732568114487385,0.0636371934953634,0.5318888381897785,MEDIUM
07535F682A329B991DADD7E3B63F3135,min_consumption,0.4445759873802473,zero_rate,0.22943147577021597,first_half_mean,0.10006121801693596,0,0.148779107166946,0.0306490978761,0.1133401043796922,LOW
C889F926096F4E08B1788E978C77CF3F,month_6_mean,0.20936929849730201,month_7_mean,0.09465915535231977,month_11_mean,0.05058708042289998,0,0.2086263923572335,0.0066913674005387,0.148045884870225,LOW
C5DB0AEE3975AED4C129EB6D35FA69A3,min_consumption,0.4012996712689096,zero_rate,0.2147415492088119,missing_rate,0.09819091783849665,0,0.2134981541149342,0.0383220341827077,0.1609453181352662,LOW
C7E723E4892288EC59A46B6B0BC5F8CE,min_consumption,0.4033800589855068,consumption_change,0.20888255239180986,month_11_mean,0.12215243725629377,0,0.2182757278451859,0.0454446023112333,0.1664263901850001,LOW
03CAC158830408ED7809A4D5E974D598,max_consumption,0.46596225060326807,std_consumption,0.15590711120598572,month_11_mean,0.07498196695865522,0,0.1398712931480214,0.0404931756670434,0.110057857903728,LOW
0C8FA3BFCBC8EDAFFD4627F9DFDE7595,min_consumption,0.3859918339603665,zero_rate,0.15044311987636294,consumption_change,0.11852663068511488,0,0.1796724514311301,0.2469276008772739,0.1998489962649732,LOW
BEB5608F2B4EAF23B48B38ABA9D50566,month_7_mean,0.16527347411289472,month_6_mean,0.11385490421337176,month_8_mean,0.08969924804259076,0,0.1403529892095268,0.024405687464008,0.1055687986858712,LOW
E2DDF0526A1428A1AA21F9140A075D63,missing_rate,0.5199875999726247,month_3_mean,0.08407139031431234,month_11_mean,0.0831522813393982,0,0.3079294653491889,0.0434950974779123,0.2285991549878059,LOW
2F6292650EECB99DC188E211B4CAF590,min_consumption,0.40963471573605537,zero_rate,0.3353331270452186,consumption_change,0.2507762464801717,0,0.2877682900756005,0.4722686776898867,0.3431184063598863,LOW
34108357B58B077D60346531C1B20B87,max_consumption,0.28568266837918643,long_term_change,0.1852289751343274,month_7_mean,0.17539548753049025,0,0.4066926408290842,0.0274494878709798,0.2929196949416529,LOW
D542A964656C3A108F3E8204FB9224A0,min_consumption,0.3984907128559526,consumption_change,0.2415713575208169,missing_rate,0.14329167601814624,0,0.1299435647309528,0.0582130918999985,0.1084244228816665,LOW
6A907475F4F22A194B79A1AE9CCA245E,min_consumption,0.3418108545989699,missing_rate,0.1135304291807403,month_7_mean,0.10084536231046042,0,0.2612780398717272,0.0424144066166862,0.1956189498952149,LOW
1E2E00089529AB4AC4698E8E62850372,min_consumption,0.3371936371633038,first_half_mean,0.09690070282700695,month_3_mean,0.08352181159662769,0,0.1738845628524941,0.0355734450010672,0.132391227497066,LOW
AA2FEF6F30DF90EC1ADD6C72E9881C3C,month_7_mean,0.19662071611043058,month_6_mean,0.1428425123019017,missing_rate,0.11427349829306623,0,0.2758853835086475,0.0252502895747224,0.20069485532847,LOW
1263663E140161AB149B6E1A3A6CAF23,min_consumption,0.40228455798288115,missing_rate,0.12440659321222251,month_11_mean,0.11196682957423637,0,0.1200171480413379,0.0481280679674345,0.0984504240191668,LOW
92714BA295DBC32A5B9527D1D164EC27,long_term_change,0.2611590237145856,max_consumption,0.23130737562150308,month_6_mean,0.19895980095872023,1,0.5448095214773633,0.0137982978826471,0.3855061543989484,LOW
807F034D4A275F7E993C4EDF378AB3E9,max_consumption,0.3569561137156493,month_7_mean,0.18772182272878443,month_6_mean,0.18208885922882576,0,0.5633912055786318,0.0405611597544893,0.406542191831389,MEDIUM
40A080967BEB33EBE069C0E5A1ADC57C,month_6_mean,0.1619489264318882,missing_rate,0.09818951049784576,month_1_mean,0.09505574050641823,0,0.2735312106814979,0.0168998337364873,0.1965417975979947,LOW
78314B9F6B87DBD9CB31475BEDF96F74,month_10_mean,0.27049589353830666,month_11_mean,0.12682015582689277,month_6_mean,0.11497027027952034,0,0.3659249588361254,0.0288751153334379,0.2648100057853192,LOW
DBC2B71D557D3B74248FEE3366FCA736,min_consumption,0.2981335688478375,zero_rate,0.2047760823939874,first_half_mean,0.13245132774252424,0,0.4876013883158447,0.037724794319885,0.3526384101170568,LOW
C6286A7A57C5955B909E14FCCE82768D,min_consumption,0.4241158301001314,zero_rate,0.24363521560106977,month_2_mean,0.09888373179184205,0,0.089556704446267,0.0785133988469411,0.0862437127664692,LOW
C9FFDCA29ED68A2E3FAD5F1F2C71DD5A,max_consumption,0.35297021119341504,std_consumption,0.3112726106277095,month_4_mean,0.29525689139498085,0,0.2857775394197226,0.1377427645245828,0.2413671069511807,LOW
FB75125EBBE5E5D9AA4258E19CF5CC24,min_consumption,0.41629323975476407,long_term_change,0.17231821934083338,missing_rate,0.13862834321682038,0,0.2662791233895606,0.04833587359992,0.2008961484526684,LOW
DE555FF8451951B65C8A6C3711EF975A,min_consumption,0.36908819719367414,month_6_mean,0.08060870458447734,first_half_mean,0.07291892271813609,0,0.1529368713725173,0.0274342303959808,0.1152860790795563,LOW
16B7A3CCCF7199B98045C067E4CAA1BF,min_consumption,0.43775800700454826,month_2_mean,0.13586697026022518,zero_rate,0.13310700972484632,0,0.0837603122233923,0.125065033366269,0.0961517285662553,LOW
41EB5C2E5AA99ACCFCCFCCA43D7264C4,max_consumption,0.5223879167816194,month_4_mean,0.3491955714553266,std_consumption,0.2589313606827571,0,0.6163416312032524,0.1036878554642422,0.4625454984815493,MEDIUM
CADF2A2666F7705BFF8155A8F8D486A5,std_consumption,0.2848200531237949,max_consumption,0.2611301857610149,month_6_mean,0.1860004631254521,0,0.4842345168339343,0.0419792166128259,0.3515579267676018,LOW
788B3C2430C8C2742973B1B38DAB377C,consumption_change,0.6692350270123549,month_10_mean,0.5303661628871993,max_consumption,0.2853712995913108,1,0.8122644815461493,0.0928867940462431,0.5964511752961773,MEDIUM
420CA2A7713AC0A095B9D4EDC34B4B26,missing_rate,0.41030268216520843,month_7_mean,0.12592321462997777,month_6_mean,0.11891952506444937,0,0.3992796971183781,0.0323564188102796,0.2892027136259485,LOW
82D00E556AC5061494F2033ADEED1202,month_10_mean,0.5313796881761171,month_6_mean,0.3763341157754367,month_2_mean,0.21535907638630847,0,0.6303098032523502,0.0257569258445985,0.4489439400300246,MEDIUM
29FF6D18B68E3AD554AEDD12D1811035,min_consumption,0.4654504788409341,zero_rate,0.17183239301935338,month_6_mean,0.11343733391860346,0,0.1321479209121487,0.0356897637113307,0.1032104737519033,LOW
7CD4E5FF521B0E7E0616EBC57A70DB6D,min_consumption,0.17248802864880136,month_11_mean,0.14982831689921197,month_6_mean,0.13205807477201156,0,0.2783258310776316,0.0304930754531252,0.2039760043902796,LOW
1A4B36A412034BABC143CC90A03BCE03,max_consumption,0.6504211571063058,std_consumption,0.36529489266581894,month_10_mean,0.35727719337221897,1,0.7003077790555496,0.174942554647525,0.5426982117331423,MEDIUM
D9A623CBF4FCC310DBAF8F83B53A4F60,min_consumption,0.301368598357868,month_6_mean,0.1334706163182485,month_7_mean,0.12444047790659676,0,0.2773365176063444,0.0158534743907056,0.1988916046416527,LOW
84FAEC171A9CFA0A9BABB9FBB7F61008,month_7_mean,0.21716077381479476,min_consumption,0.2073687878570681,zero_rate,0.15140138595107758,0,0.3706446681481529,0.0437390784661153,0.2725729912435416,LOW
C2902A2FB51BD2B76C20698C13353D27,month_6_mean,0.17297307911257997,month_7_mean,0.14679845975396136,month_11_mean,0.11079419683023581,0,0.1824191176465394,0.0070572883027065,0.1298105688433895,LOW
5D2B629D0F2280396432A2984713DBC6,min_consumption,0.38671345697401216,consumption_change,0.38326488647827267,month_7_mean,0.1705814439346463,0,0.3261641405565325,0.3816219285301711,0.342801476948624,LOW
C6E262229B8C144CF04D992151C51409,missing_rate,0.5716000289827692,max_consumption,0.4262525474079529,month_10_mean,0.20048267119536345,0,0.5209266866251661,0.0799839783900287,0.3886438741546248,LOW
715358614974C70AC8A8A1ECCF134314,month_7_mean,0.10522963390986716,month_8_mean,0.08565333027668626,month_9_mean,0.08277923595094412,0,0.1585424724286941,0.0068617573819939,0.1130382579146841,LOW
8E077B5AC0B65E88E98407EE7A2AB5C6,min_consumption,0.45905168415407555,long_term_change,0.1477057182847164,consumption_change,0.11986586979821608,0,0.1103046294991865,0.0548498952804574,0.0936682092335677,LOW
48C9B5AEC1E66138CCB64CE04C91A760,max_consumption,1.4272625423279313,month_3_mean,0.5603288865179419,std_consumption,0.4674994071861476,1,0.8510096768587955,0.4474657500233778,0.7299464988081701,HIGH
D4BBB4818D042B54C06DB55754AF260B,max_consumption,0.3268078389719286,month_2_mean,0.17967164084245785,month_6_mean,0.1770646395399063,0,0.3632493112489762,0.0177639000108756,0.259603687877546,LOW
4F8C944C5D739D7C83E3B71EA168A6D9,month_6_mean,0.172177008912487,month_11_mean,0.09807606968799844,month_1_mean,0.0764995352991141,0,0.1617407623927939,0.0039435511490004,0.1144015990196558,LOW
BCDCA2E1FDF75C8F2203042D8A2A3ECA,min_consumption,0.15886671106914446,month_3_mean,0.1326016563562516,month_7_mean,0.11254614032983713,0,0.1669116620476357,0.0246349491804039,0.1242286481874661,LOW
8F63D9B86B5A2433A7E070FD92513273,month_6_mean,0.12231272181071101,month_3_mean,0.07852934366681211,missing_rate,0.07822000600582824,0,0.1456115606960768,0.0180017768743871,0.1073286255495699,LOW
C92E3189828799637A7B47DF4309E08D,min_consumption,0.4639297820699134,zero_rate,0.1190256512790746,mean_consumption,0.07077073537665055,0,0.1144305824899805,0.0416216681713838,0.0925879081944015,LOW
CE971E5A3CEEC2D747BA733CA354E421,min_consumption,0.45628066454672794,zero_rate,0.17096152084703892,long_term_change,0.14246959534728218,0,0.1557069696598393,0.0524107976556585,0.124718118058585,LOW
E6C9F9D072E80AD25AD605F31E208952,max_consumption,0.5626444057717194,std_consumption,0.28270688358205825,month_4_mean,0.27887493306880345,0,0.6364290438113362,0.072215375856417,0.4671649434248604,MEDIUM
AC2B16ECC32E3B3F198E9B079AB08C65,long_term_change,0.2030490415818134,month_7_mean,0.19803078945714903,max_consumption,0.18762331044628966,0,0.3010446422097447,0.0072337234154856,0.212901366571467,LOW
6CB8FD93E93FFB0BDDA61246F3602614,min_consumption,0.4095776059848865,month_11_mean,0.10605480223013804,zero_rate,0.09927107112753172,0,0.0765130243298874,0.18776461560846,0.1098885017134592,LOW
32122C1304EEE1621390D228F557DAA1,month_7_mean,0.14834069570443845,month_6_mean,0.1458198703598953,long_term_change,0.10410658900241172,0,0.1175662847329696,0.0118945128528731,0.0858647531689406,LOW
D75A455601BE1CF49109BED8BF367083,month_9_mean,0.12027806165211435,missing_rate,0.1057222450955798,month_11_mean,0.08403918449586398,0,0.2888425960014608,0.018701852066093,0.2078003728208504,LOW
3338C77D8BA34DCAFA82E96BCE33B16B,min_consumption,0.46649833482644576,long_term_change,0.19109708445937437,zero_rate,0.12702348034744404,0,0.1772502245641439,0.0581846638688662,0.1415305563555606,LOW
5D92D275A885194AF8CEBD788E945B44,max_consumption,0.6612065545251637,std_consumption,0.285449532446386,month_10_mean,0.19249796494121407,0,0.5255339707066039,0.1186944757615896,0.4034821222230996,MEDIUM
907AA11AC240EA3E779B6299CDEC22E4,consumption_change,0.16884078181152073,month_7_mean,0.1588961174425803,month_3_mean,0.13261858304048213,0,0.2356124636386702,0.0258443315337407,0.1726820240071913,LOW
B79B7D8D4C6567975B217F1C9C29445C,max_consumption,0.5434804447384172,month_2_mean,0.12364423330102899,seasonal_std,0.10161241891279767,0,0.2843016033912868,0.0300524416610595,0.2080268548722186,LOW
ED4343C7318826332957E3FDCCE809FA,month_6_mean,0.1420097188477584,month_11_mean,0.11721593096050764,month_3_mean,0.09518059430416935,0,0.2559288570235157,0.0030035664198421,0.1800512698424136,LOW
A1D5D628D7A5C42185EE734B8F0072EE,month_7_mean,0.1403668345767405,month_3_mean,0.08950409569990858,month_6_mean,0.08749417664439661,0,0.0669604615890478,0.0277135073719432,0.0551863753239164,LOW
5FEB3511F997273BBFAA44A847235F2C,min_consumption,0.3309767164786105,month_7_mean,0.1273881798650407,month_3_mean,0.1235612544188614,1,0.2711084283541362,0.0270490470423959,0.197890613960614,LOW
1C2A4DF23C405E0C982BCFBA771575C8,min_consumption,0.4579607947410514,zero_rate,0.22643763860220908,first_half_mean,0.09960211669267363,0,0.1568501125906395,0.0289395418308152,0.1184769413626922,LOW
47C2933E7488951EB6A61757F2057A77,consumption_change,0.39383068621706174,zero_rate,0.3913555148488231,min_consumption,0.30037159395940505,1,0.6939641679496401,0.0614834350697486,0.5042199480856726,MEDIUM
EC333FC5B725472A9FB76058C5C69050,min_consumption,0.3917762713705608,zero_rate,0.20010370957870457,missing_rate,0.16407533368925928,0,0.1661624499404504,0.3833988965563976,0.2313333839252346,LOW
7ABC937B5164E526A1ECCA54D2B79302,month_10_mean,0.3257662070858595,month_7_mean,0.2942395319235446,month_6_mean,0.1957767781288504,1,0.5976665563028951,0.0064915162251204,0.4203140442795626,MEDIUM
DCCD28381A2FAE25D1BC4F7C6AFF2278,month_10_mean,0.22035757680562892,month_3_mean,0.13730746649359038,month_4_mean,0.057042071342909714,0,0.213613972738448,0.0396342511403897,0.1614200562590305,LOW
FBE764399448E3DA9178E232CA7AFE36,min_consumption,0.2519313248026509,month_6_mean,0.14146954743140974,month_7_mean,0.12996092535464704,0,0.2058662591774309,0.0170085492085205,0.1492089461867578,LOW
435310A075D8D817C0F99CAAE80AF910,missing_rate,0.11222889905204471,month_11_mean,0.09595542702131918,seasonal_std,0.040090122686357275,0,0.2188570248702072,0.017945344022598,0.1585835206159244,LOW
BC1E7C3275A4E74AEB09B36A906D5B63,max_consumption,0.4154683240638345,month_4_mean,0.4087559116270224,std_consumption,0.3043637484014039,0,0.4513084864953164,0.1688468528634297,0.3665699964057504,LOW
4EDBE2C37D0EFF741E33F38B93F97D91,month_6_mean,0.14406772950196609,month_11_mean,0.12241340038231377,month_3_mean,0.10186650603996714,0,0.1859197145794067,0.022996252461267,0.1370426759439648,LOW
6359ABA2C87A66A4F6DD6C18030C9BF9,missing_rate,0.5585959896185191,month_3_mean,0.1230039582083672,month_7_mean,0.10538759265676224,0,0.2062539685233051,0.0458649147630405,0.1581372523952257,LOW
4AB4765B4F51CB104ED1BE89F8947393,min_consumption,0.41083505446525387,month_6_mean,0.21938185967888638,zero_rate,0.209159887766223,0,0.5136475545302279,0.0135559918845278,0.3636200857365179,LOW
F487CE047CEE85EAD628DEDC324F76C0,max_consumption,0.5681229213147304,month_10_mean,0.3681239447035632,std_consumption,0.27107085980093976,0,0.700186978528991,0.1225231149768045,0.5268878194633351,MEDIUM
791C3C48C435A0786D36BEC5F1072D5A,min_consumption,0.2683926488445154,month_7_mean,0.16709241813535664,month_6_mean,0.12825143770319536,0,0.2719413090735496,0.0210224572154881,0.1966656535161311,LOW
4E1BB3154EE9CC5C53BF08B310CC3D97,max_consumption,0.11839664480583548,seasonal_std,0.0807550707755987,first_half_mean,0.030117047955385858,0,0.0879279283327267,0.0215559674828933,0.0680163400777767,LOW
9EA78AE5576B4DCB6BC0A5FADA3527BA,max_consumption,0.15366612850962255,month_11_mean,0.08178414921654564,seasonal_std,0.05865928888401038,0,0.1703388135059346,0.0336928741025318,0.1293450316849138,LOW
8E560341DA7858DBD294BAB98032ED09,min_consumption,0.4280877816886381,consumption_change,0.0943179719255679,zero_rate,0.06736787558765545,0,0.0719981787179723,0.24940260113717,0.1252195054437316,LOW
2A3B3182B2DA0465E24B8697C032EFB9,month_7_mean,0.24688926574703074,month_6_mean,0.23557097515364317,min_consumption,0.23535039880426753,0,0.5319609289557505,0.0128743115836222,0.376234943744112,LOW
D431FEFC73C877AE0FDA7E694BBD8154,max_consumption,0.6708985805197321,month_10_mean,0.40808828505726596,month_5_mean,0.20146892239782302,0,0.3656869560399039,0.039370479095402,0.2677920129565533,LOW
BCCEFC1F94432AF32558867BC3F5EDEA,min_consumption,0.4608679231140887,zero_rate,0.21023964022776898,first_half_mean,0.07752200509890898,0,0.1422731444053522,0.044459271977424,0.1129289826769737,LOW
1F53680A10F8F103762D6C31B53209CC,min_consumption,0.4971934620376797,month_6_mean,0.05519629649586391,month_7_mean,0.04849679528758978,0,0.0387917898559346,0.0535571829894269,0.0432214077959823,LOW
209054723616A9DDB49C68794896F17B,min_consumption,0.4012996712689096,zero_rate,0.2147415492088119,missing_rate,0.09819091783849665,0,0.2134981541149342,0.0383220341827077,0.1609453181352662,LOW
CDA8B02433AD790556884C4B0AFDE70A,min_consumption,0.25544755311274125,long_term_change,0.16973259625211884,month_3_mean,0.11630240348028204,0,0.2104155630763217,0.0399846721363923,0.1592862957943429,LOW
191F89B0BFB1C4E1AB27FDFA6FEFC5F6,min_consumption,0.44900921472137656,long_term_change,0.23418233332498492,zero_rate,0.07129907847632122,0,0.1295278744866773,0.0398263780204376,0.1026174255468054,LOW
9DFE58377F61A3F422C1B93D224E8B3F,month_6_mean,0.27594994412577406,month_10_mean,0.21904614555746552,max_consumption,0.19391925744865982,1,0.6389883443549317,0.021040529396916,0.453603999867527,MEDIUM
0142DBF7EBE2B508ECF6B7762D037DDA,missing_rate,0.21508841697974918,month_7_mean,0.2133778304277829,first_half_mean,0.17576826909161397,0,0.1289916815585888,0.0415285088800982,0.1027527297550416,LOW
423A07CBF977AF848B24C937FF034BE3,consumption_change,0.28394796819180135,month_6_mean,0.22056879015463432,max_consumption,0.1764634299094021,0,0.5003484238668277,0.0133738210031612,0.3542560430077277,LOW
49553A5AF865EF91E4F2A743DD71E49D,min_consumption,0.48751727727240923,max_consumption,0.48607112895520216,zero_rate,0.17253601160368826,0,0.0655976924222258,0.0561192487439154,0.0627541593187327,LOW
A9866FBC7CF3A108C751EDDF0B71F01D,month_3_mean,0.16525789967750745,month_7_mean,0.10451076485707964,month_1_mean,0.09815459946337968,0,0.1287253302307871,0.0259602046787987,0.0978957925651906,LOW
EF933CE4A0B0DA6C48BD00CEB6D5AD78,max_consumption,0.5556602101141066,month_2_mean,0.14741304456952037,seasonal_std,0.09881453869728385,0,0.3407488527599202,0.0569396848842671,0.2556061023972242,LOW
CA1F608EF3E6D792C94C8650757D7AE6,missing_rate,0.11087754962903633,month_6_mean,0.09238172923807028,month_3_mean,0.08607330082070636,0,0.1121766309355134,0.0329631511750671,0.0884125870073795,LOW
2AAB3F3C6516856C18D39FD91588A724,month_11_mean,0.137476603177314,month_6_mean,0.05720634095563195,month_3_mean,0.039415934671516314,0,0.1462355781489003,0.008911794168927,0.1050384429549083,LOW
66BF3D8F028CEE8AD0F8AD9B83ACAAFA,month_7_mean,0.2260321785328733,month_6_mean,0.2197726106038406,long_term_change,0.21105591893113052,0,0.3238780482715101,0.0088492220369769,0.2293694004011501,LOW
A303628E9618F7A14B9B995BF1608EDD,max_consumption,0.7810789612793002,std_consumption,0.43610874491581353,month_10_mean,0.3063392919924355,0,0.7342661655157249,0.2233860606095975,0.5810021340438867,MEDIUM
0463BF404A3A656BA724ECA3495CAE8D,max_consumption,0.5366328658342188,month_10_mean,0.2935437182912713,std_consumption,0.29011092329428356,0,0.6626876288432186,0.0845741899819605,0.4892535971848412,MEDIUM
E3F40777AB5E7F39616A28BB267A0CFD,min_consumption,0.19959030159255436,month_10_mean,0.1443961866959723,consumption_change,0.0924619788576244,0,0.3199357721771623,0.1017141571421986,0.2544692876666732,LOW
42D92634F4BDE757017F61DC5D505220,max_consumption,0.8486761779635659,missing_rate,0.788779220295892,std_consumption,0.3697783284282296,1,0.8818409422041412,0.2317800199209299,0.6868226655191778,MEDIUM
8C6DCF16D64680B82911F9B7D3A22E9F,month_10_mean,0.5009255101289113,max_consumption,0.41081889259465093,month_5_mean,0.09424779113950338,0,0.3773521864179856,0.031745475769387,0.273670173223406,LOW
7ABC64CDE18F9B9AA95D765CA95A8E55,min_consumption,0.42150095623800066,zero_rate,0.1229392788871515,median_consumption,0.0696700232989072,0,0.0553034441117474,0.0548037093587471,0.0551535236858473,LOW
6896BFB3530F3ED59B94F6B747FC85C9,max_consumption,0.3917016243131619,std_consumption,0.273438923769305,month_10_mean,0.13083792073347206,0,0.2517504122963103,0.0544746676770597,0.1925676889105351,LOW
4D6B4ECCE075284BBB8DC13B40A5D15C,min_consumption,0.18222403719236607,month_10_mean,0.18216242102444855,seasonal_std,0.12266108242777093,0,0.1899937339561457,0.0514288112139024,0.1484242571334726,LOW
0471659712C912F159ABF2F34A51DBE1,month_6_mean,0.22420818219662025,month_7_mean,0.17848879911618512,month_10_mean,0.14513801608007354,0,0.4193251357512921,0.0155964112087467,0.2982065183885285,LOW
AA01281C6F579B3655EB2804438E64AB,min_consumption,0.11550083555732472,month_7_mean,0.09851926546418768,month_11_mean,0.0961269078677941,0,0.3289565668579301,0.0181485201297573,0.2357141528394782,LOW
85D8CBFE2E6962B74B7B8CB3BED5E265,max_consumption,0.28185558001599426,month_10_mean,0.11689748275139364,month_2_mean,0.11047239617020466,0,0.4382244446766714,0.0449363816519703,0.3202380257692611,LOW
B6B5B2D75292CB76DBB936CC66AC2EFF,missing_rate,0.9935310879861088,consumption_change,0.4654072120064818,std_consumption,0.2938929400696989,1,0.8499558727649819,0.6276641699544572,0.7832683619218244,HIGH
3FFEFAA63D0CA1310190EE318A7FC9A2,max_consumption,0.6979020558876259,month_4_mean,0.3375908446790513,std_consumption,0.32256933920264425,0,0.7400225965447216,0.1591123070747381,0.5657495097037265,MEDIUM
98A7BED7EF207C93B57DF9CF84EFB211,max_consumption,0.3212768377267887,month_6_mean,0.28606643039110147,month_10_mean,0.20907862462374496,0,0.6472240440421151,0.0257198579112185,0.460772788202846,MEDIUM
F2B9E76679DAC5C8DEFDFF57B031F3AF,min_consumption,0.498090555799951,month_7_mean,0.12128207733134441,zero_rate,0.05986107378360707,0,0.0308102545773272,0.087973590527745,0.0479592553624526,LOW
626A6BFC9C4988BED22ADBE0A0E9773E,month_6_mean,0.17389493044436202,month_7_mean,0.10885193784943528,month_9_mean,0.09243787961753723,0,0.1126220161272153,0.0090546904076349,0.0815518184113412,LOW
5D94C066F944A45CAB7B245738EFE3E1,month_10_mean,0.24463834600727502,month_11_mean,0.12144887270867444,missing_rate,0.10670374053842666,0,0.2829499554006651,0.0285637399375683,0.206634090761736,LOW
25628904CCFF73A939457468F52C3C6A,month_3_mean,0.1452292840195471,missing_rate,0.06715095123909352,month_11_mean,0.06309171416111596,0,0.1251326393373621,0.0251481373643291,0.0951372887454522,LOW
DCE5EC5AFCD17BA6D431CBC71B164452,month_7_mean,0.2509715593956828,month_6_mean,0.13919219628821616,month_3_mean,0.12377672544001801,0,0.3072873888722775,0.0082171013893957,0.2175663026274129,LOW
8A85FF0911E691651C92138337B3779E,consumption_change,0.54731524763171,month_10_mean,0.21809229659776316,month_11_mean,0.17108242699079704,0,0.4051663087420806,0.032553676503436,0.2933825190704872,LOW
B8B1010F9DCFFB80E8A141B626591254,missing_rate,0.8624229818566215,consumption_change,0.4295374104150384,max_consumption,0.36095280173589644,1,0.9043874066404256,0.063139212379092,0.6520129483620254,MEDIUM
FB3D68AAA36BA24B16AA7F88B4C79014,seasonal_std,0.14340677713338068,month_10_mean,0.10035092221422047,month_6_mean,0.08792177421494236,0,0.2743584400270897,0.023532926585316,0.1991107859945576,LOW
904FBE95682D0F7FE34190B9E775CFCF,max_consumption,0.2773941832729976,month_2_mean,0.19329894416424417,month_7_mean,0.15291569397033122,0,0.4732126083943162,0.0306426593471646,0.3404416236801707,LOW
AE971C561A62FA8888237ACFCF072036,max_consumption,1.5677224975699449,std_consumption,0.6635658948352302,month_3_mean,0.39319887218920807,1,0.8710588541634223,0.7558855021037362,0.8365068485455165,HIGH
3705AB0B1F98D45165AB9006F312D2EB,month_7_mean,0.1344144132730365,month_6_mean,0.11284568103990404,month_8_mean,0.05224129202418663,0,0.0852563581901994,0.0185048285335562,0.0652308992932064,LOW
B16198291F2481D231DBF65F71C353B4,max_consumption,0.990124485507015,month_3_mean,0.3871553051172725,std_consumption,0.3853809118093133,0,0.5885116456625678,0.4042044689160206,0.5332194926386036,MEDIUM
7EE05A6BCB35A1E6C19F06F636BDE527,max_consumption,0.6035940735699452,month_4_mean,0.4381595005106722,std_consumption,0.4190549020109286,1,0.7872126951821407,0.1266883627514873,0.5890553954529446,MEDIUM
963C514B4CD2DBFBAE9D4FD5B38C6255,missing_rate,0.10795217949201578,month_7_mean,0.10336251581844731,month_3_mean,0.08824917688708861,0,0.3096899785515405,0.0176921660953188,0.222090634814674,LOW
4E94EA3EC7CB82811D3F34D144A6E538,month_7_mean,0.17407826271103927,month_6_mean,0.11747221131826299,month_11_mean,0.09470737083719036,0,0.25420540280409,0.0112025640794581,0.1813045511867004,LOW
C12A35BDF0D83B1B2940093D28B38850,max_consumption,0.5943292915576456,std_consumption,0.3429682749826019,min_consumption,0.3286517046942497,0,0.4753170331658758,0.1123742419963184,0.3664341958150086,LOW
E62411A15BDA787AF0329F11391845A7,min_consumption,0.3148541415916013,month_7_mean,0.21782557842506473,max_consumption,0.14132730563525847,0,0.2792002601879843,0.0116343480067719,0.1989304865336206,LOW
B15D6AAE06F5CE4145A1C421638DB700,min_consumption,0.4626548280682449,zero_rate,0.22422713594360916,first_half_mean,0.11662880938541138,0,0.2237135245716772,0.0417013923733694,0.1691098849121849,LOW
BC05764CB8797E663424D316C5B0CCBC,min_consumption,0.48292503191270253,long_term_change,0.24032909617683915,zero_rate,0.14562801303666537,0,0.2948710067987239,0.0412470270901665,0.2187838128861567,LOW
72BC60A071708280C1BE39E1ADBE13BE,month_7_mean,0.21119784539311356,month_3_mean,0.09615378613720715,month_1_mean,0.09010202430358305,0,0.2141761554320547,0.0069747227170879,0.1520157256175646,LOW
7689877F0B3CCDBB7845E723649FD8C1,max_consumption,1.2618302035128808,std_consumption,0.48734048374912387,month_3_mean,0.4351395832849404,0,0.7920350501452612,0.464618101630693,0.6938099655908907,MEDIUM
0F408AB849DEB747DD0AA48EB5C28832,min_consumption,0.41991994476763983,month_7_mean,0.23687373878551424,zero_rate,0.22443861089556158,0,0.3555397404856562,0.1077446596698166,0.2812012162409043,LOW
5510252B444599DB698E1A689F12089E,min_consumption,0.4579607947410514,zero_rate,0.22643763860220908,first_half_mean,0.09960211669267363,0,0.1568501125906395,0.0289395418308152,0.1184769413626922,LOW
09899BAB0F5B6F214773105ECFED19A8,month_3_mean,0.1611018263277715,month_10_mean,0.15439577073274685,max_consumption,0.10172870746697685,0,0.1626285862657885,0.014497509768772,0.1181892633166835,LOW
6DEF36303731EBACE883F154532AECCB,min_consumption,0.39626569686564056,long_term_change,0.17488458193167014,zero_rate,0.16354317725612985,0,0.2030269517338132,0.0552300745506356,0.1586878885788599,LOW
21B133EFAB9F317B7606EC321537CCED,max_consumption,0.4650780852321243,std_consumption,0.2758937209227115,month_6_mean,0.1417838604768758,0,0.4206972480206156,0.0525144229716767,0.3102424005059339,LOW
BE83CA075484AA4E745961B1FC52BBE3,missing_rate,0.21898916422301393,month_6_mean,0.16353956264341468,month_7_mean,0.12580951450516667,0,0.2130760270334417,0.036296098656307,0.1600420485203013,LOW
E235A6674B04EDFBC23574443FFA8A6F,month_2_mean,0.15546339355168395,month_11_mean,0.12142712901945314,month_10_mean,0.11327477513956809,0,0.1801377329597488,0.0396341568220266,0.1379866601184321,LOW
38B0A625A93BD6262B6F188F86445F8D,min_consumption,0.4937052938246206,zero_rate,0.26882939987096743,max_consumption,0.19342598757500398,0,0.3514083003082495,0.0289630771355773,0.2546747333564478,LOW
A122B3093872C63EFD1C53387560D53D,min_consumption,0.4276233683428499,missing_rate,0.37655983854117936,second_half_mean,0.19365747379511603,0,0.3844021864332216,0.0583245011951817,0.2865788808618096,LOW
01E4DC3E3FA86459E01666188FBE984C,min_consumption,0.4012996712689096,zero_rate,0.2147415492088119,missing_rate,0.09819091783849665,0,0.2134981541149342,0.0383220341827077,0.1609453181352662,LOW
43324BA23D4CE706C93B79CAC37972C2,month_2_mean,0.27703619298719395,month_6_mean,0.21584175625422444,long_term_change,0.15361293937774181,0,0.4987266521336993,0.0117399801020984,0.352630650524219,LOW
15216BB9D3261BC3A7B41C21E21B0256,month_7_mean,0.23760555725575264,missing_rate,0.20185047555802033,month_6_mean,0.16328699113020476,0,0.4848724968298314,0.0287685471958863,0.3480413119396479,LOW
29227FA145DC3B220C7881C9D6EAB0D4,month_6_mean,0.11575258774844852,month_11_mean,0.10927036457071305,month_7_mean,0.10477330301219864,0,0.1732239419230503,0.0214012180881543,0.1276771247725815,LOW
7F70E1B5095FDDD51AA7BC3C2AC1F571,month_7_mean,0.16874587681083936,month_3_mean,0.12127321851148223,month_6_mean,0.0874176217770167,0,0.08869454446586,0.0421083710912762,0.0747186924534849,LOW
A3981A65A62231402A0E1F32195860CE,missing_rate,0.3375078900772048,month_5_mean,0.12635341941943376,month_11_mean,0.09813197010309661,0,0.3668126336140302,0.0367169103184819,0.2677839166253657,LOW
C1C3D1D3A7F023B99A7A96A73155397D,month_10_mean,0.5215959994222065,month_6_mean,0.3813465455418623,month_7_mean,0.16514695357308237,1,0.6829565806503423,0.0077833599969146,0.4804046144543139,MEDIUM
D914887C20A72524D39A529D56910094,min_consumption,0.30104601767486655,month_7_mean,0.2044007627195315,month_6_mean,0.19135216138899383,0,0.417617912175236,0.0102723958579936,0.2954142572800633,LOW
1964FAA5997341126002A44417FCD638,min_consumption,0.29627662782454545,month_7_mean,0.2108811721899636,month_6_mean,0.112364626078469,0,0.3121294622902706,0.0128178207168728,0.2223359698182512,LOW
21E80295851BF375A396D10EBBFC19C3,max_consumption,0.7484844985695874,consumption_change,0.3770548399219404,std_consumption,0.2613831235168578,0,0.3606810290147631,0.439322987724871,0.3842736166277954,LOW
DC97BC5E5420F902E50E9244EF5CEF8F,min_consumption,0.5589866527537338,max_consumption,0.14780055258649527,month_6_mean,0.1350220708529144,0,0.3351443335464572,0.0252255236541514,0.2421686905787654,LOW
9DEDF2DFF63B347896E608A28368DD11,month_6_mean,0.10750561876950487,month_11_mean,0.057816905754850934,month_10_mean,0.054085851424753736,0,0.1766321812646068,0.006569933373199,0.1256135068971844,LOW
C082EB6B3ACBD87BEDCEC9FF303F02BF,min_consumption,0.32503145338967476,first_half_mean,0.13390201458190676,month_11_mean,0.10223486504687036,0,0.1382787818513957,0.1096798545532717,0.1296991036619585,LOW
0CB9FE656D22A767173572B2B466BE31,min_consumption,0.3446947809304424,first_half_mean,0.1322049522936642,missing_rate,0.12016806543714373,0,0.20443208610792,0.0462197163958724,0.1569683751943057,LOW
B2F06EE234C30887A8FA0AE0112CCAB2,month_7_mean,0.2350180506393789,min_consumption,0.22294422024031502,month_6_mean,0.1589176688552311,0,0.3683014164927398,0.0205305645279075,0.2639701609032902,LOW
71AC7D740E647C469339CF8FFE3183D8,month_10_mean,0.31990084481610426,consumption_change,0.26090178056671165,month_6_mean,0.18946820083484373,0,0.4190707982577966,0.0438712283893151,0.3065109272972522,LOW
4D1974B7B8BBD3AE75B1FFD00558897C,min_consumption,0.3770330957122892,consumption_change,0.33872650578296515,month_7_mean,0.2128654247716965,0,0.306720674057948,0.0264309987087738,0.2226337714531957,LOW
7FBDE5F37CD458CED65038C576F61380,missing_rate,0.9608900511698095,month_10_mean,0.5357762095127068,consumption_change,0.3368705486423281,1,0.8902141561801908,0.0273550377925976,0.6313564206639128,MEDIUM
44F7E2290A2C8664E2455D2F5885ED7F,min_consumption,0.40919714946345404,zero_rate,0.18586140976587517,long_term_change,0.133708993519871,0,0.2010079300729438,0.0858546392127908,0.1664619428148979,LOW
5E7B16C9F5AD0BC2C03B134F185AFCC5,month_7_mean,0.1637627835524289,month_6_mean,0.12555824716210076,month_11_mean,0.12029138256707946,0,0.1308433073221402,0.0130720821840798,0.095511939780722,LOW
4C8DDC89D38BCCDFD608DBED9B6397B3,min_consumption,0.49697761690588754,month_6_mean,0.09120599110264538,first_half_mean,0.07348358028956828,0,0.1333975990384778,0.0350433347986551,0.103891319766531,LOW
FF77DBF2CF3D3B0F29DCC5AFD010725D,month_10_mean,0.11772442570719804,month_9_mean,0.11708221501495092,missing_rate,0.098528708021301,1,0.4227865860440005,0.0172264056408437,0.3011185319230534,LOW
BA3DB554BEC7052D328A56499AA8BF36,min_consumption,0.42289888024865446,consumption_change,0.21966155697851988,month_6_mean,0.19578269152960123,1,0.4415453512998585,0.0379505657092947,0.3204669156226893,LOW
325EFCFA348CFEBAC33F2A6428910DA5,min_consumption,0.4445759873802473,zero_rate,0.22943147577021597,first_half_mean,0.10006121801693596,0,0.148779107166946,0.0306490978761,0.1133401043796922,LOW
26699775E311CE99A14E2850AF038E1F,month_3_mean,0.11520276784966271,month_6_mean,0.0953710990614666,long_term_change,0.04734875510791316,0,0.0967126912707839,0.0257168059293213,0.0754139256683451,LOW
C514618E40235768224E4C1DEA1DD922,month_10_mean,0.24147833742349348,month_5_mean,0.16906516776457423,seasonal_std,0.09069917604480773,0,0.1233038528337699,0.0271941464647839,0.0944709409230741,LOW
A5A21D2AE91BBA86CCA9D1641005DFC3,max_consumption,0.1381388673161202,missing_rate,0.11353864380936653,month_11_mean,0.09003635088677263,0,0.2831699135324332,0.0148343455222732,0.2026692431293852,LOW
745D7970BFDFB6811FC049E9442096FE,max_consumption,0.7245653219793774,month_4_mean,0.4598398419716429,std_consumption,0.3381859705282947,0,0.5772340002801024,0.2808097709334124,0.4883067314760954,MEDIUM
5F3033ACD730651FC958AFCA2909BF7F,month_11_mean,0.05570231488454882,month_2_mean,0.05375276959865784,seasonal_std,0.05022727729391293,0,0.0927823741051299,0.0104736422551698,0.0680897545501419,LOW
0AABF731CBD9E093FA45C9654C7F483A,missing_rate,0.10164888544495039,seasonal_std,0.09259493231260554,month_9_mean,0.09024207464819875,0,0.1688101509021639,0.0163254695234773,0.1230647464885579,LOW
28DFDF2CDEAD666212B48266C02484F3,min_consumption,0.3702211544884895,month_11_mean,0.12854457616188658,first_half_mean,0.10913329332534,0,0.1943611175682024,0.0399495259029083,0.1480376400686142,LOW
E488C6CEACE1E1D5B1F4007D4FDD45B6,month_7_mean,0.1996986442507457,month_6_mean,0.19053157972235613,missing_rate,0.09362347707683127,0,0.3297876582782123,0.0197554648252253,0.2367780002423162,LOW
5EEB52757FA5D05DAAF6A9750FF0D55D,month_7_mean,0.2638447846873966,month_6_mean,0.10277707236995791,month_3_mean,0.08393906493915129,0,0.1274249707568254,0.0688497294611502,0.1098523983681228,LOW
C4E4729C8FCE896885A51050ABFB5EF8,max_consumption,0.5055708888554539,month_4_mean,0.4845751665094377,std_consumption,0.3551305231824287,1,0.7809018844247788,0.1281881827304952,0.5850877739164937,MEDIUM
79132F312AA725C889C013786FDEC09A,max_consumption,0.13876422744776878,month_10_mean,0.11262531119278432,missing_rate,0.0986469375984868,0,0.286213237260613,0.0305502395067082,0.2095143379344416,LOW
6FD14172C32104886096A828700EFA6A,max_consumption,1.5154082773080717,std_consumption,0.5347943524335691,month_10_mean,0.37388459196310553,0,0.9073778676552998,0.4582295755898568,0.772633380035667,HIGH
50BE84188E4F64AC8F49F2EC90AD02B8,max_consumption,0.34041849472903546,std_consumption,0.2738951697893224,month_10_mean,0.2494069821087715,0,0.4760654974971907,0.0705853421171186,0.354421450883169,LOW
062E3319685EACE26F3412BB776E0D1D,min_consumption,0.4021640499863244,zero_rate,0.2256423529989691,first_half_mean,0.11150055447907724,0,0.0936049136347732,0.0396953901685541,0.0774320565949075,LOW
DD6DB52335CD3D76F81EF7E58EE7F868,month_1_mean,0.151773699058078,month_6_mean,0.14786329955191388,month_7_mean,0.11878859982450812,0,0.2233687966842362,0.0137188221511196,0.1604738043243012,LOW
02245C52543CA139FD01F1653106D311,max_consumption,0.6113801509493917,std_consumption,0.40895010432098144,month_10_mean,0.25789113334951774,0,0.5452644365067111,0.1564712795618643,0.428626489423257,MEDIUM
5F8659EC9F49722FA7ECB5B23D020801,max_consumption,0.7966156238209394,month_10_mean,0.47774429629233717,std_consumption,0.3172277185739546,0,0.3323504701250461,0.2760943780520755,0.3154736425031549,LOW
F5B4F0CB1C7A7B3B09F13F7DAFC30685,month_5_mean,0.17401989378563876,month_10_mean,0.10962707395238075,max_consumption,0.0576208356867145,0,0.2239844718503027,0.0067115532322615,0.1588025962648903,LOW
F04B785391EBF9427D114F757CDB76B7,month_7_mean,0.1906770988309885,month_6_mean,0.09471433410412235,month_11_mean,0.07387589133927423,0,0.1356086063253517,0.022630840092542,0.1017152764555088,LOW
730EAE6CCE48E714AF7EF6E4DDAD84A5,max_consumption,0.4270176074286632,min_consumption,0.21981972393074503,month_10_mean,0.132912874198195,0,0.3217955697443537,0.0291106805023054,0.2339901029717392,LOW
6734EDCCCE8D36C0256C5E7047ADC0F2,min_consumption,0.467893349701458,zero_rate,0.17043947921571606,month_6_mean,0.06613063589775678,0,0.0260197645671468,0.0778717822110784,0.0415753698603263,LOW
C9DBA62E9AC208E28AC3DC483FD9D19B,max_consumption,0.4147328017079457,month_5_mean,0.15562022834800468,month_10_mean,0.1510673581199034,0,0.4270750746255208,0.0379746345187932,0.3103449425935025,LOW
64120B2FF0E7F99EFBF7E0A0CBB9CD3B,month_11_mean,0.07115165064883587,month_3_mean,0.057404613369695226,month_6_mean,0.053461660679172976,0,0.1477553126144483,0.0068618517934562,0.1054872743681507,LOW
A1B66E5C2266E7B12F3981531B2A99E5,min_consumption,0.423297936366501,zero_rate,0.16173687593890843,month_2_mean,0.11297891307525379,0,0.0699673849480762,0.3562406339037677,0.1558493596347836,LOW
709BDD40C0C42B16152EEF253B82702D,month_6_mean,0.149161780195667,month_7_mean,0.13195440439184747,month_3_mean,0.08375998792838432,0,0.1586341653019471,0.0199818458912298,0.1170384694787319,LOW
A1A9EB11156EF54FCB21BC254CAB0C55,long_term_change,0.20762532052735458,month_7_mean,0.16491697269261243,month_6_mean,0.14079155044114453,0,0.5431695629161145,0.0291785435849462,0.388972257116764,LOW
87A75CBEB55C0B9171DC5455CD13A6CD,month_6_mean,0.10176546619007192,missing_rate,0.08672251868922361,month_11_mean,0.07658069112360498,0,0.1985453535610268,0.0148342836311356,0.1434320325820594,LOW
AC7B41629279F7622CFB118B4C382434,month_6_mean,0.20001687884641361,min_consumption,0.19145094433300772,long_term_change,0.18164776135049485,0,0.3741312282906499,0.0216562462778938,0.2683887336868231,LOW
9F01F3A14F32E19FB9A4AB8F2ACCAACE,max_consumption,0.4981017270268775,missing_rate,0.2555142189749814,month_10_mean,0.1768750487594542,1,0.4852464254293767,0.036621945888625,0.3506590815671511,LOW
D1B3EAB87A00891E878F9F38BB26D04F,min_consumption,0.45824631855946657,month_7_mean,0.21409165641361783,month_6_mean,0.09734478048264174,0,0.1975974695850489,0.0249574316697908,0.1458054582104714,LOW
193F49B313438691DD29570CE7199CF2,max_consumption,0.0781758780845723,month_11_mean,0.04803621508801274,first_half_mean,0.02663164948405003,0,0.0779858323956069,0.0184999425608657,0.0601400654451846,LOW
A3379B6D3C0AD9A843ABA0D3638D6732,min_consumption,0.4579607947410514,zero_rate,0.22643763860220908,first_half_mean,0.09960211669267363,0,0.1568501125906395,0.0289395418308152,0.1184769413626922,LOW
BA5CCB0B18A8E703E784A6B322061FFF,max_consumption,0.0684694222232287,month_10_mean,0.04581944111207885,month_11_mean,0.04422320071196419,0,0.2435758455528208,0.0170956237867279,0.1756317790229929,LOW
5B0F165A673C52DD1DB958DC64FE358B,min_consumption,0.3989479643418244,zero_rate,0.21095439157653453,missing_rate,0.15426210621028705,0,0.2134981541149342,0.0400354016790532,0.1614593283841699,LOW
AF6D92067CE3C923028A084923FB9180,min_consumption,0.4579607947410514,zero_rate,0.22643763860220908,first_half_mean,0.09960211669267363,0,0.1568501125906395,0.0289395418308152,0.1184769413626922,LOW
1A2A1BD310CC9D093A1D5F38DE85A7A9,max_consumption,0.202334949172133,month_11_mean,0.11540046718463254,month_6_mean,0.11200366930379199,0,0.4229161346873838,0.0221940765862895,0.3026995172570555,LOW
B1D4B3A4CF4F3647F73C3974B94F23A0,first_half_mean,0.1608219757778821,month_11_mean,0.12186142080648463,missing_rate,0.11165731878626779,0,0.0628404878529707,0.0388084968101448,0.0556308905401229,LOW
C0E2536C4C2461C72DF6391738A949DD,month_10_mean,0.2311971064811985,month_11_mean,0.055450395957439884,seasonal_std,0.047022952710676066,0,0.1213369893256822,0.0197665653240697,0.0908658621251984,LOW
5E948B49DEE0777D6DB6D79974AEEFA7,min_consumption,0.5462778347290438,consumption_change,0.3168811264081,month_7_mean,0.23487808935082596,0,0.3908525730452324,0.0408607823094504,0.2858550358244978,LOW
83EAB1EFDCD305D9CAA1573C03FDD4D7,min_consumption,0.1932805153633985,first_half_mean,0.10119185602615778,month_2_mean,0.0923618051290054,0,0.1465052778393059,0.0289993779599871,0.1112535078755103,LOW
398BD1F2537B11E96E108CCFAF913651,missing_rate,0.454166109178317,month_7_mean,0.16201358544486033,month_8_mean,0.07964388397328753,0,0.2663253568345677,0.0474050308919556,0.2006492590517841,LOW
8471799B28FAA2FA1EAE89401FC9493B,min_consumption,0.18917720219212897,month_7_mean,0.17785277706058916,month_6_mean,0.14531739365813462,0,0.2338622342554886,0.0373344624441763,0.1749039027120949,LOW
909E89634F614A513EB4C2E04C04A5E9,max_consumption,0.6224210406957249,month_3_mean,0.5869294515101227,std_consumption,0.26558619080960355,0,0.4920589827780203,0.3313027280380841,0.4438321063560394,MEDIUM
D2900AC77905C9AC8177213D84784B46,zero_rate,0.6639077804427058,max_consumption,0.5953664203267495,std_consumption,0.3790359738417858,0,0.7164716531095041,0.0886329969907126,0.5281200562738666,MEDIUM
BBC3D18D83DC0B90CC6508E6BE591C11,min_consumption,0.4548682630346986,long_term_change,0.135732734682872,zero_rate,0.10089527092386001,0,0.1762680389496352,0.0422244867029409,0.1360549732756269,LOW
D1B7772A643B1DED5657F67F2BF07E4B,month_10_mean,0.6169430726805595,consumption_change,0.3583049944265807,month_6_mean,0.24797261737168114,0,0.5929948500133005,0.0215779528804222,0.421569780873437,MEDIUM
E9FF8A0C9D8C7B70E7AC52328FF5180B,min_consumption,0.4154599217694325,max_consumption,0.2885790926790479,long_term_change,0.09991343610885346,0,0.2680255868803083,0.0616208675270412,0.2061041710743282,LOW
A744C198C20EBE8B8D295A81A1575243,max_consumption,0.30797720074636753,std_consumption,0.284766503253121,month_2_mean,0.14498164570737096,0,0.5632711787961234,0.0455522105183689,0.407955488312797,MEDIUM
10D1EB6FCBBCCCDE9BC8E323C6D370A9,min_consumption,0.3276412465787865,month_6_mean,0.19755606988881222,month_7_mean,0.1263383727650769,0,0.3314888776148612,0.0132823763360355,0.2360269272312135,LOW
77E60D56CB3946A80D4785BFA79C2A5F,consumption_change,0.5599638379678484,month_10_mean,0.45361238240579943,month_6_mean,0.2114840032657406,0,0.5296573608057022,0.0561964408008189,0.3876190848042372,LOW
7B83FDE66A18C8E6B2150F738DF84FFB,min_consumption,0.4445759873802473,zero_rate,0.22943147577021597,first_half_mean,0.10006121801693596,0,0.148779107166946,0.0306490978761,0.1133401043796922,LOW
C26378CE79B4C3E19052112869FC7070,month_6_mean,0.23177903510680398,month_3_mean,0.19357338769566476,month_7_mean,0.12043774771222011,0,0.1664518502016299,0.0182276451420884,0.1219845886837674,LOW
B72567FA1A4B0A8463236E29EBF5F61F,min_consumption,0.4357670684405172,max_consumption,0.2684120499362604,long_term_change,0.13823581600041773,0,0.3301306136361776,0.0756338263893038,0.2537815774621154,LOW
6F61D7F65FA14139F1B65E745E0D3AD6,missing_rate,0.6306188056259442,min_consumption,0.39182547440126037,zero_rate,0.18742695028112344,0,0.3124397423332913,0.1714070885582037,0.270129946200765,LOW
F388E3E479877AD5B1350002ADE8072D,month_10_mean,0.38309961936597486,missing_rate,0.2604938729334398,max_consumption,0.21088737094262167,0,0.4812255496559824,0.0969883481084416,0.3659543891917202,LOW
E62E112E8509E71EB2E1215B7B085E36,month_6_mean,0.2821507772368405,missing_rate,0.27533377883657795,month_7_mean,0.18945306159566838,1,0.6462706251268607,0.0615231796673316,0.470846391489002,MEDIUM
9292E92D47ECBC146501CE79138FE2FF,max_consumption,0.6230127410443675,std_consumption,0.2790501827041289,month_10_mean,0.19864420138028277,0,0.5916036758250959,0.0759565058794906,0.4369095248414143,MEDIUM
D99D07A21B222972182EE8939A672B86,max_consumption,0.546540042347235,missing_rate,0.540212417100446,std_consumption,0.41169664299795533,0,0.665407743729147,0.0793614699311822,0.4895938615897576,MEDIUM
4CFB52D82BAF24C66B57ADD8EA007DCE,min_consumption,0.4445759873802473,zero_rate,0.22943147577021597,first_half_mean,0.10006121801693596,0,0.148779107166946,0.0306490978761,0.1133401043796922,LOW
857CE102DF5C10D37F243C1B3B6793B4,missing_rate,0.3994524705114118,min_consumption,0.3617582015297955,consumption_change,0.3124574704740042,0,0.2315988078864742,0.0779726717097371,0.1855109670334531,LOW
05766A09B7C3825B79C3F3B26705801B,missing_rate,0.6508793107895406,long_term_change,0.1600918808304589,first_half_mean,0.13669267611581293,0,0.3329362364086615,0.1739969009720819,0.2852544357776876,LOW
C179A5375BF605CFB7504EBEFFA26097,long_term_change,0.21082165829135877,month_7_mean,0.20489062611869202,month_6_mean,0.12061173929850583,0,0.1653860280844459,0.008670944353378,0.1183715029651255,LOW
64E846765A8B5C90BC2080295A96C4BF,min_consumption,0.44913262657346675,zero_rate,0.224657505255495,first_half_mean,0.10003711100522651,0,0.1442090520522031,0.0369796466120905,0.1120402304201693,LOW
C3F358A78A098BD866C380E55D0ABAA3,month_11_mean,0.08305811841612999,month_6_mean,0.07327779006319582,month_1_mean,0.04876874171226602,0,0.1285835185072983,0.0048384792002615,0.0914600067151872,LOW
CF386855D4B650EB620FC246C1BC6DE4,max_consumption,0.549032746232662,month_4_mean,0.3933374007521138,std_consumption,0.35726331538845707,1,0.7373529680097612,0.140607040773052,0.5583291898387485,MEDIUM
FAE96BB882D6B3818B9F4EC001DEF325,min_consumption,0.3289680399150968,month_6_mean,0.1832477352342882,zero_rate,0.1786656778949534,0,0.2223634498510872,0.0242631921546783,0.1629333725421645,LOW
A30C233A3ED451E946D21B0DB053268D,consumption_change,0.7800093337934597,missing_rate,0.7776067158705298,month_10_mean,0.6415841537275502,1,0.9409239288302832,0.2020798554320299,0.7192707068108072,HIGH
30C0EEDD30ECEB8D13FB68D129E15345,min_consumption,0.25988596646702555,month_7_mean,0.22343581825388067,month_6_mean,0.1790119176933683,0,0.4177520598154152,0.0082398054284865,0.2948983834993365,LOW
EAACC7282A01BDBA4CF854EF38BF2A85,zero_rate,0.23014003271931766,min_consumption,0.17254127661447136,month_3_mean,0.09749717295682668,0,0.2057969206803689,0.0313772073086513,0.1534710066688536,LOW
E24353C599171E52E0CE02C78C244D59,min_consumption,0.3989479643418244,zero_rate,0.21095439157653453,missing_rate,0.15426210621028705,0,0.2134981541149342,0.0400354016790532,0.1614593283841699,LOW
4F9E26CF78FF4EC7ADEC2D8B8CE89BB0,min_consumption,0.41629271383764466,consumption_change,0.24735250900182448,month_11_mean,0.23123925816055932,0,0.3327448780369176,0.6534728855116394,0.4289632802793341,MEDIUM
9CCE88A93284817798D40E73C42D1449,max_consumption,0.9890256685190368,month_4_mean,0.33169570450367925,std_consumption,0.29904126793487756,0,0.579589748283184,0.4738670727674299,0.5478729456284577,MEDIUM
893FB80E2035DB25F4D88BC1DCBA4A1C,min_consumption,0.2686577150400367,month_7_mean,0.1996969089205406,month_6_mean,0.16343921413641913,0,0.4032379031502868,0.0179484427103082,0.2876510650182932,LOW
C7FE4190E9EFBCB710D4D5BA711EEAF9,max_consumption,0.2710234950078525,min_consumption,0.2381248882347514,month_7_mean,0.12627834961330162,0,0.4614787597372557,0.0306090469076297,0.3322178458883679,LOW
C08A2CCA379F71BE27B1988C1A65A6D8,month_7_mean,0.2259328210892757,month_6_mean,0.1513598913117221,month_3_mean,0.08523770072719751,0,0.2789260733936808,0.0177195483107674,0.2005641158688068,LOW
CA9F9A1E7DA515F43645B629AA7BE236,month_6_mean,0.15950886728116329,month_3_mean,0.07605983793200416,month_7_mean,0.07524513410101002,0,0.1474398984020004,0.0194591805068969,0.1090456830334694,LOW
1AA9BA77277910C9EA72DFD488CFD00D,min_consumption,0.23255310877521346,month_3_mean,0.12124595814892151,month_7_mean,0.11547059727460347,0,0.1334123388853094,0.0266849574471845,0.101394124453872,LOW
DF0D893A49470CD2BAC37D29888DF061,missing_rate,0.25426029414452733,month_7_mean,0.20087957073615142,month_6_mean,0.15679723386884886,0,0.3523704188667741,0.0636599420128163,0.2657572758105868,LOW
EDA3D733D4948115AFC9A8182B8D2760,month_7_mean,0.22700826863037832,month_10_mean,0.19166300194435487,max_consumption,0.17569181467929137,0,0.5151986295932595,0.0381475852568064,0.3720833162923235,LOW
75B8E2A45B0270573A64851D3455B2EB,min_consumption,0.4795101086138309,zero_rate,0.17090908925609746,long_term_change,0.09839551739275547,0,0.1703453814226199,0.0449081171497584,0.1327142021407615,LOW
4724A15489A1745AEF685F831D4B553C,min_consumption,0.5010434257006885,second_half_mean,0.14930479637337832,zero_rate,0.14428026724728438,0,0.211354942073748,0.0439993345702729,0.1611482598227055,LOW
3D2ED006FA86E86EBDE43846F45393A1,max_consumption,0.5253487720425741,month_6_mean,0.2604600291816983,month_7_mean,0.23457834763583008,1,0.6785242680089544,0.0197113870418718,0.4808804037188295,MEDIUM
071918A92F63F30C8D1C6F1CF5E277BC,max_consumption,0.5349534178045601,month_10_mean,0.3364781556205432,std_consumption,0.28625201861435196,0,0.4090545385477084,0.1330507972522038,0.326253416159057,LOW
9D3C141D5AEA91E7F2C6E95685DBD8EC,max_consumption,0.2924357898797592,month_7_mean,0.18033797450676659,long_term_change,0.17286279297450052,0,0.3403119635881713,0.02803684341843,0.2466294275372488,LOW
3A901A7CFE03D3F345EDDC3B4096D8B9,max_consumption,1.3261534495259808,std_consumption,0.4871980916433315,month_10_mean,0.37749766923102746,1,0.8474996319773866,0.4912407250052267,0.7406219598857386,HIGH
8FDE8190C9A4152407CA8D749D087FBF,max_consumption,0.6995127371109031,consumption_change,0.5104398832218972,month_10_mean,0.46072845293304965,0,0.5090271812009538,0.4598192844022488,0.4942648121613422,MEDIUM
81979C20580CEECE9BC9CD915F27B13E,min_consumption,0.2788227026439966,month_7_mean,0.25657415435279557,month_6_mean,0.18341137515098987,0,0.4674190351195106,0.0080750733612145,0.3296158465920218,LOW
FBB9382FC3482FF0FCFD4838DD38BE5D,max_consumption,0.37566662504054815,std_consumption,0.34698560560201464,month_4_mean,0.2955337162972948,0,0.5524577108001203,0.1302157227016143,0.4257851143705685,MEDIUM
24CF671EEE2027D485A5BCAADCA471CF,min_consumption,0.4012996712689096,zero_rate,0.2147415492088119,missing_rate,0.09819091783849665,0,0.2134981541149342,0.0383220341827077,0.1609453181352662,LOW
33FA43FB3B2B3694376B9614010FE7E6,month_6_mean,0.2690897884150033,month_7_mean,0.2534256183367547,month_3_mean,0.19520277507891404,1,0.5955246446237067,0.0063487135888956,0.4187718653132634,MEDIUM
7BED995B5800C81B1A8E703C195394F1,min_consumption,0.36382843646640667,zero_rate,0.21864020444139337,long_term_change,0.09926666267725019,0,0.1420685878589838,0.0338657844712487,0.1096077468426632,LOW
51581BA240B17B17CE76E0CF71AFE4EA,min_consumption,0.3453259664483337,month_7_mean,0.21706869789969077,month_6_mean,0.17421718893553773,0,0.4355988136897133,0.0238773214568676,0.3120823660198596,LOW
17D4900163E01D8A43BF635E9B6B94B4,min_consumption,0.4444976221270015,zero_rate,0.2293472059542381,first_half_mean,0.10006121801693596,0,0.148779107166946,0.0325011688798776,0.1138957256808255,LOW
27172F007213D38ACDFBDB116FB71193,min_consumption,0.4200228893022147,long_term_change,0.13797206279438878,missing_rate,0.12039800455752622,0,0.1525598582420184,0.0462750986838414,0.1206744303745653,LOW
1593B96D8DEA6B829157CEF2FDB9F446,month_10_mean,0.22417724604022532,max_consumption,0.21573547022250578,consumption_change,0.21166686467045784,0,0.2900844592498353,0.0415097748603136,0.2155120539329788,LOW
B0C87847F9D632351FCFC27ADBC78A79,min_consumption,0.4579607947410514,zero_rate,0.22643763860220908,first_half_mean,0.09960211669267363,0,0.1568501125906395,0.0289395418308152,0.1184769413626922,LOW
06FFDA847EA9CC29C170D6C49C8FAB38,max_consumption,0.3485064806102589,month_10_mean,0.15781327578560156,missing_rate,0.11128611723846311,0,0.3111020361396549,0.0595556489598455,0.2356381199857121,LOW
B86CF4E7896C61FF7C17371C97E7A0A3,seasonal_std,0.11541705014156704,max_consumption,0.09032446871901577,month_10_mean,0.0821868792601195,0,0.2220632741202799,0.0200591054727585,0.1614620235260235,LOW
09BB313B17271E002F3B61AD4BC791BF,consumption_change,0.44334942511269443,month_7_mean,0.2287059436473846,month_3_mean,0.13639210742919813,0,0.4032929788994809,0.0224388865532068,0.2890367511955987,LOW
F3621D8B9E3B62F72C142671C6F2F46B,max_consumption,0.5130932226549078,month_10_mean,0.37261556395164536,std_consumption,0.24893474045793093,0,0.5558007599287283,0.1130638063600564,0.4229796738581267,MEDIUM
8BC977BF5EE7048C803C68F4D0D87B60,min_consumption,0.46027215491603496,zero_rate,0.3574601485750981,missing_rate,0.34896282966608544,1,0.6613704646204744,0.0572247283039967,0.4801267437255311,MEDIUM
289713F8188DC1D114B5713A75E65C2B,long_term_change,0.20833418262351577,month_6_mean,0.20235460312642128,month_7_mean,0.1867394973448919,1,0.5853857346195916,0.0178687520000294,0.4151306398337229,MEDIUM
798648181077E5B294957A2AFC1AFC8A,missing_rate,0.42822809361603986,month_7_mean,0.1903159916238731,month_3_mean,0.09746245151719546,0,0.2912986011870332,0.0684640446530851,0.2244482342268488,LOW
39EAD366A25CBB9D3B77FD742FEDE018,month_3_mean,0.21575664104693695,missing_rate,0.09874017749984365,month_11_mean,0.06879255135960483,0,0.1404144464946337,0.0384415303824854,0.1098225716609892,LOW
C07BF0577631C501AC9E065165E510A1,month_7_mean,0.23961454183406475,month_6_mean,0.17532878505556593,month_2_mean,0.13093370176845298,0,0.2744921050330761,0.0153309077742514,0.1967437458554287,LOW
C7CAEC2D0721C3A020646C8B23DCEB68,month_7_mean,0.22010536699613215,min_consumption,0.18551917101688795,month_10_mean,0.17705624595225047,1,0.6471240517929276,0.0179950295552216,0.4583853451216158,MEDIUM
DDD0B056E5A0C95ED6875CDDE7992171,min_consumption,0.558281587525371,zero_rate,0.2784735985012994,month_7_mean,0.21511264795398938,0,0.5768037316909677,0.0333451287473117,0.4137661508078708,MEDIUM
3AC07C55F5A6A498A5725BF9F698FC5E,long_term_change,0.24160007009319495,max_consumption,0.13626389962010635,month_7_mean,0.12015652174492492,0,0.3633559681974555,0.0181330416789871,0.259789090241915,LOW
9AC016946774382FE8DAA269D2F01B2F,seasonal_std,0.1343093455397355,month_6_mean,0.08758599660878962,month_9_mean,0.05785644208803005,0,0.1545845874695541,0.0051325033451316,0.1097489622322273,LOW
AB1959CD05D7C5845CD5F404A16943EA,month_7_mean,0.20006342798005353,month_3_mean,0.18873053133670759,long_term_change,0.16602487504523294,0,0.4051312193118788,0.0219141727747729,0.290166105350747,LOW
174DF63CEFD471E25CD296601D6F1B39,missing_rate,0.10813874230954502,month_11_mean,0.10468080856175456,month_10_mean,0.06124960831599606,0,0.306463893878681,0.0206405983145742,0.2207169052094489,LOW
4E0C0B56B2ECA1E00B13E8D658E5A94F,month_1_mean,0.14420278582153523,month_10_mean,0.09803032012237035,month_5_mean,0.09426693286699683,0,0.2962243757712566,0.0168124466770735,0.2124007970430017,LOW
60D3E3B16F14931B0FD85F7CDCA46DAA,max_consumption,0.5037684721707374,month_10_mean,0.43597322581035597,std_consumption,0.3115342853211402,0,0.6756321228105163,0.0952054858913354,0.501504131734762,MEDIUM
22E16A90F295FAB96266EE939F6DBD32,max_consumption,0.09471010518527206,month_11_mean,0.09075740091736557,month_3_mean,0.034165730507747114,0,0.1560918213358733,0.0363801112194486,0.1201783083009459,LOW
F1053F0ADF95C9E1536CA7205EC894CA,month_7_mean,0.1624913575660031,long_term_change,0.10348401113636148,seasonal_std,0.08542015024683311,0,0.1557071702695218,0.0067036261987933,0.1110061070483032,LOW
045B10B388BC3D1C2061DA76F68F853B,month_7_mean,0.1338605907996774,month_6_mean,0.09050022293337717,seasonal_std,0.08743155588642854,0,0.2622824098121109,0.0153928136123231,0.1882155309521745,LOW
7605C507F72D9C260F9AEF58F59C3C34,month_10_mean,0.17275171177115028,month_11_mean,0.0437536684936952,max_consumption,0.04147232573208392,0,0.150339845605171,0.0414727315507863,0.1176797113888556,LOW
81EAD9B2564EBD178A1012910EBA86CF,consumption_change,0.5595837327021981,month_10_mean,0.30213705512145855,min_consumption,0.20098979987529889,0,0.273012720683375,0.1013091487304711,0.2215016490975038,LOW
E1CDB4F748077F55B6C789C4F70F06FC,month_6_mean,0.2193574035751404,month_8_mean,0.101810795994584,early_mean,0.06256811535340202,0,0.210488135147096,0.0069168844711187,0.1494167599443028,LOW
D61011D3CB9CC2C9B200C527AD3D5CDC,long_term_change,0.20230961934828848,month_7_mean,0.18085387425357144,month_6_mean,0.1702324689700077,0,0.4712207203473893,0.0194859677383508,0.3357002945646778,LOW
4FBBC6E6B458A3355773DBD7D0939830,min_consumption,0.3079110144261365,month_10_mean,0.26972979667069685,median_consumption,0.11730621438611198,0,0.2941683961775268,0.1022400357501679,0.2365898880493191,LOW
6D031C2A136B9735D9B7CBBB9407C64D,max_consumption,0.1590226931389547,month_6_mean,0.12770452563481385,seasonal_std,0.1089736616008071,0,0.2680946243751643,0.0138005770920487,0.1918064101902296,LOW
E8600DA10DB7148521DCB96649BE5E3E,min_consumption,0.4489845243841736,zero_rate,0.2237656225893342,first_half_mean,0.1014085185809882,0,0.1532207304676726,0.0329783726632249,0.1171480231263382,LOW
FCBF981B10624C31A721810384D784DE,consumption_change,0.5744287670455046,month_10_mean,0.40494473521312324,std_consumption,0.28627008365841006,0,0.5491180553896242,0.1290600112459823,0.4231006421465316,MEDIUM
C3269EC741B3F51191E94F6E157A6A7B,missing_rate,0.24538483365702463,month_11_mean,0.09704235185420922,month_10_mean,0.08643970834675467,0,0.202266799262986,0.0376640243330865,0.1528859667840161,LOW
5963E7F0CCFB65506DAB1560ECC5B15D,max_consumption,0.644770702208069,std_consumption,0.2946155264039743,month_2_mean,0.09808857326079251,0,0.2784186632684154,0.1101389285207426,0.2279347428441136,LOW
548617EEDDE91CD5929811ABAED773D3,month_7_mean,0.24621094541306993,month_6_mean,0.18750356027216397,month_3_mean,0.15837421553894812,0,0.3337691707138809,0.0189857963383619,0.2393341584012252,LOW
14D2BE912BA5051D2C980462285954D7,first_half_mean,0.5837912355073952,median_consumption,0.19976603466612824,missing_rate,0.12121849690482947,1,0.408903317486711,0.0398993103471267,0.2982021153448357,LOW
09B3F635CDE8EB1859874A423904D119,max_consumption,0.37513365714911645,month_10_mean,0.2939484412517344,month_4_mean,0.2702838513769787,0,0.4663543748080262,0.1380683335829985,0.3678685624405179,LOW
B97BFB92C3BC1001857758287E2B011C,max_consumption,0.7904993842373723,month_10_mean,0.6419466657629481,std_consumption,0.3191927033310372,0,0.4497502253504488,0.3462946766470401,0.4187135607394261,MEDIUM
581625478AE8285F7F3511EB6DF0DE5E,month_5_mean,0.13986698354969068,month_10_mean,0.10807154911174914,seasonal_std,0.0723172981644227,0,0.1582170816876286,0.0072710095642583,0.1129332600506175,LOW
50CFFC741F4E7C129939C119C09F21E9,max_consumption,1.1489781993370771,std_consumption,0.4890642052631385,min_consumption,0.4428690528844835,1,0.8745572416055419,0.5315962227005722,0.771668935934051,HIGH
A893B86781593BD6E91E07D1F5148337,max_consumption,0.21974208121008867,min_consumption,0.17008489169179455,month_7_mean,0.10606221244996954,0,0.4726794665810692,0.062648889149724,0.3496702933516656,LOW
9F2B88EDDF430255DEB38033E06BADDB,min_consumption,0.31281152704434506,missing_rate,0.30866490541187414,max_consumption,0.2925616036514309,0,0.1824615969637321,0.0613640502264538,0.1461323329425486,LOW
184A690BC9F47F8B45B85970DCB71F28,missing_rate,0.6136477604247514,consumption_change,0.5364015905004286,min_consumption,0.28246708822127614,1,0.8148677722668337,0.0809904412570912,0.594704572963911,MEDIUM
5C49BFC24EDE91F5734E39C7133ABDF2,min_consumption,0.4012996712689096,zero_rate,0.2147415492088119,missing_rate,0.09819091783849665,0,0.2134981541149342,0.0383220341827077,0.1609453181352662,LOW
6D0D40FE8FA1F501ECD551D822F61BFF,min_consumption,0.4444976221270015,zero_rate,0.2293472059542381,first_half_mean,0.10006121801693596,0,0.148779107166946,0.0325011688798776,0.1138957256808255,LOW
A72538FAE38605588BFC195B57831420,max_consumption,0.4027946992387595,std_consumption,0.2815441107920072,month_5_mean,0.11716478363166426,0,0.4239237427731396,0.0522902101126361,0.3124336829749886,LOW
81CC78B9047B0D53F3D89A105FD3EA39,max_consumption,0.21655860590044715,month_6_mean,0.20579383925453149,consumption_change,0.20479116214962995,0,0.5467770419565677,0.025607173936154,0.3904260815504436,LOW
7E978D62BD4050D74DB1BDA059473C58,max_consumption,0.3384630539000276,month_6_mean,0.13860922432562103,month_3_mean,0.11038766169085533,0,0.3449718917291122,0.0153398291135532,0.2460822729444444,LOW
CD681C2133EB89D9946757AB3B795FF4,month_3_mean,0.07983137370498479,month_11_mean,0.06503136263412206,seasonal_std,0.05142255324524377,0,0.0760942035814355,0.0228618202899212,0.0601244885939812,LOW
2574F459408337BF26B3D40AD4AAF22A,max_consumption,0.3657524002026918,std_consumption,0.35913888980766073,month_11_mean,0.0779221257125506,0,0.2428110760898563,0.0624177168800835,0.1886930683269245,LOW
62BE4BF73B954060C2B82FAFD924935F,min_consumption,0.4012996712689096,zero_rate,0.2147415492088119,missing_rate,0.09819091783849665,0,0.2134981541149342,0.0383220341827077,0.1609453181352662,LOW
549248B47F9918D3666A47C7993FA9E7,max_consumption,0.45985755305491144,month_10_mean,0.31897335996534354,std_consumption,0.2297070165533851,0,0.6248147881448255,0.1027608341983164,0.4681986019608727,MEDIUM
3953375ED7E429022B15F82078194D75,min_consumption,0.256764307618342,long_term_change,0.09685920286865389,first_half_mean,0.0916029688606125,0,0.1839922780143947,0.0424369163196156,0.141525669505961,LOW
C63FC0126563DDB3CE67992B1D0F9588,min_consumption,0.4012996712689096,zero_rate,0.2147415492088119,missing_rate,0.09819091783849665,0,0.2134981541149342,0.0383220341827077,0.1609453181352662,LOW
EC2CD3C97261C49B04890DB25D362D8C,month_6_mean,0.1809764453717208,month_7_mean,0.1642638581180021,max_consumption,0.13429760359326523,0,0.2309205825001392,0.0187943890634622,0.1672827244691361,LOW
0512A7C4EC57BC968E70C74C97A6EF7D,month_7_mean,0.21068014729787518,month_6_mean,0.18416817282713344,month_1_mean,0.07149543549512082,0,0.2722697018203744,0.0181283322350887,0.1960272909447887,LOW
860B60D52C03D9FE40FE87CA2900695C,max_consumption,1.1673187601970207,month_10_mean,0.6170749952259228,consumption_change,0.5493756451244936,0,0.868377921278888,0.4835960573519822,0.7529433621008162,HIGH
F2563D31A4AE54AFC361E5C5A992F259,month_7_mean,0.2250902829994654,month_6_mean,0.18181039939051846,month_3_mean,0.10431041467443397,0,0.2988676880924991,0.0094650969674814,0.2120469107549938,LOW
5C205BC66FF496DDF60510D57BF505E0,missing_rate,0.3972874045319649,early_mean,0.21338313366401918,month_7_mean,0.1615824377268264,0,0.4705379841082754,0.0860238715341586,0.3551837503360403,LOW
A02A95B51CDC4DE6793707CBB504BBE6,month_6_mean,0.1767987640609298,seasonal_std,0.09036375071195239,month_11_mean,0.08767141709279747,0,0.1281028639299433,0.0181253271071588,0.095109602883108,LOW
7E7562AC852F29AA85B17C203B099FBB,max_consumption,1.581294162643704,std_consumption,0.44137624582701973,month_4_mean,0.33748334492121335,1,0.7578541958122557,0.4590572238478236,0.6682151042229261,MEDIUM
626F3DFADF3FAA557F3CCC5A47D22F39,month_10_mean,0.1854091178580465,month_3_mean,0.10760963932525228,month_6_mean,0.07611236683329205,0,0.2316224881733152,0.0580344149265648,0.1795460661992901,LOW
20C8304F9A0649F37BE6EF952DFC1C06,month_10_mean,0.4630791330190031,max_consumption,0.22198133522620875,month_11_mean,0.11228768637800907,0,0.4984691348153284,0.0266288395074976,0.3569170462229791,LOW
63B8FEE77D66FCC8483767F8FFCA086C,min_consumption,0.3984355938342977,zero_rate,0.16706958514750417,long_term_change,0.1337551167887123,0,0.1518822007655862,0.0576344510393046,0.1236078758477017,LOW
2E2E7F193ADEEF1799A7CBDAB59851D3,min_consumption,0.4898622786783796,long_term_change,0.13466205984580054,zero_rate,0.09341085930455177,0,0.1781234178501085,0.0625200447883761,0.1434424059315887,LOW
4148FCD043BACAE540B9348138A88C27,missing_rate,0.46187843344078344,min_consumption,0.40903582302953145,zero_rate,0.1828521842895861,0,0.1788718933024236,0.0666213513560749,0.145196730718519,LOW
E7A80412FF260884D10913A5DCB0DBE3,min_consumption,0.3558992742528802,std_consumption,0.35261353433560294,max_consumption,0.3390645946788113,0,0.3435700114044037,0.1048745667649933,0.2719613780125806,LOW
A8533A94749E5D0FCB2994FF275C5288,max_consumption,0.3272942503661812,month_10_mean,0.21909336606656352,month_5_mean,0.2114623501080143,0,0.291722477216415,0.0868940082609464,0.2302739365297744,LOW
F39448D22001ADB5E12BBE8D0366A4E9,min_consumption,0.44956204427910257,long_term_change,0.18478566117450052,consumption_change,0.13612138361296922,0,0.1003166961248853,0.049294027387776,0.0850098955037525,LOW
303BD74469F94CA539BA2A4AF4791897,month_7_mean,0.18076941074212366,month_6_mean,0.13229581839778798,month_8_mean,0.07703670159486899,0,0.0876240796217465,0.005408121061718,0.0629592920537379,LOW
1ED07CB4C4CCF97E40E9330466041DC1,max_consumption,0.48540755352091786,std_consumption,0.25529681284823497,month_4_mean,0.2324437765761419,0,0.6830712327737443,0.0761032897570654,0.5009808498687406,MEDIUM
3379639B23B772075C2357653495AB33,max_consumption,0.5863409239226184,missing_rate,0.38639076277613227,month_10_mean,0.38104055970843637,0,0.6100074337792925,0.0805019258699577,0.451155781406492,MEDIUM
E55A379DEC67EA0DC1458E2B7D67B55B,month_10_mean,0.6285649692730249,max_consumption,0.553773745450183,std_consumption,0.33111099857632886,0,0.5936947127394937,0.183881645205832,0.4707507924793952,MEDIUM
E63A1AA7A2AB1AACDD33420CB3436827,min_consumption,0.46784982286055754,consumption_change,0.39092191965261613,month_7_mean,0.19659181223193697,0,0.2797432306495497,0.0395315094167134,0.2076797142796988,LOW
F7EBDD7F9FDD91698CB3759D81A43C5E,month_6_mean,0.1762109147700604,month_7_mean,0.12735351555798044,month_8_mean,0.06988951037934545,0,0.0568482436789379,0.0217784739539259,0.0463273127614343,LOW
F63232306A14BF3B7FC8BEE42476B23F,max_consumption,0.2095402982404572,min_consumption,0.14718776898906835,month_6_mean,0.12928110117762165,0,0.2859336633511615,0.0541352645076155,0.2163941436980977,LOW
044AF4C425FAE4FD487C378F859D2852,min_consumption,0.26153430087180124,month_6_mean,0.1340241700629149,month_7_mean,0.09866470667537915,0,0.373957889509026,0.0218826555845124,0.268335319331672,LOW
57809827BB6D0231A9AE39CF18766410,consumption_change,0.42629183701035667,std_consumption,0.27594472580089435,month_10_mean,0.10447907466497054,0,0.2691892095797005,0.0834951936887185,0.2134810048124059,LOW
C8CF9EF007AA4B2F06C02D0FB628FE08,max_consumption,1.4567924984554168,std_consumption,0.7530270466517178,month_10_mean,0.5388701202600807,0,0.7670451049758199,0.7748090046273446,0.7693742748712772,HIGH
11A4CEC2E9FDA422455E8701D3BB98B0,min_consumption,0.3789870143179531,first_half_mean,0.08970241704156585,month_4_mean,0.045677153948970456,0,0.1181419119640296,0.0326780192989674,0.092502744164511,LOW
A5CDAACF4DEF03640254D7577B9BB0F8,min_consumption,0.46501357609270155,month_11_mean,0.13328756014739923,first_half_mean,0.08092478814742178,0,0.215100260639529,0.0278776693172673,0.1589334832428505,LOW
C366351A3A61D5C1FAD49379F5935003,month_7_mean,0.28820669204870636,month_6_mean,0.12979376591056463,consumption_change,0.09387030054585373,0,0.1785350854255816,0.0306369886498795,0.1341656563928709,LOW
0913D00247002CFC07D4D1687446317B,month_10_mean,0.11930023931193735,month_11_mean,0.09302809552919201,missing_rate,0.09229307265270466,0,0.1947929075859377,0.0306465081342073,0.1455489877504186,LOW
0A29177AA5F43BF0EB15BA1765DFCE09,long_term_change,0.11597125598152387,min_consumption,0.11142884977698835,seasonal_std,0.08356438612678761,0,0.3073181259758191,0.0205761711308469,0.2212955395223274,LOW
022D45A620B9738BF67C3306AC49ED20,month_10_mean,0.43346846756221413,month_11_mean,0.15454827310932956,missing_rate,0.11113043402306047,1,0.5373861218628446,0.0340119245951669,0.3863738626825413,LOW
D03031F95BFC93EB54807EB4820B31C6,month_7_mean,0.21427915846820744,month_12_mean,0.18368829602245082,month_3_mean,0.14629433489751825,0,0.4374078182666451,0.0254521603144888,0.3138211208809982,LOW
E27094340E26E451BDDC527E32D35AA4,max_consumption,0.3478817886486068,missing_rate,0.27521243538655704,month_11_mean,0.07179119219840627,0,0.2498032728449346,0.0272169584181952,0.1830273785169128,LOW
3A4503879FB8E1A3EE6CCAD1104DDC5E,min_consumption,0.491185331510502,zero_rate,0.19373589447666723,month_3_mean,0.14630338212510755,0,0.3662714825355557,0.0448026763385367,0.26983084067645,LOW
2E6BADCD51C83112C4457C14A004CDD5,max_consumption,0.16776002883575145,month_7_mean,0.14605898480726673,min_consumption,0.12033739995101146,0,0.4053478109490582,0.0581561194015751,0.3011903034848133,LOW
E8C305711CCC6928F59AC90212F51430,seasonal_std,0.09182128836967852,month_11_mean,0.0577190678424631,month_4_mean,0.017232930091960873,0,0.0804401404394695,0.0144670255132728,0.0606482059616105,LOW
B6BE13DF499B855AAB998147C1398E56,max_consumption,0.41061949654994945,std_consumption,0.3393794427766591,min_consumption,0.11548929024278352,0,0.4896826553547563,0.0392433438329557,0.3545508618982161,LOW
55EAE73D0F9AB84B66F9E9017A4E97D7,min_consumption,0.365801578090694,consumption_change,0.11411095584475982,month_6_mean,0.05998183845997492,0,0.0715538344643127,0.0437812948935909,0.0632220725930962,LOW
3944ED7F017521288AB80A58D3E33029,min_consumption,0.4873896486862781,consumption_change,0.2504830809037989,month_7_mean,0.1618355435697007,0,0.3862838975544894,0.0463440918884626,0.2843019558546814,LOW
93525DD64FA4EB4CA57A0D9F7B0FC889,min_consumption,0.5132501609563471,month_6_mean,0.09129064162242403,first_half_mean,0.08310116969411357,0,0.0977057338729998,0.0240021690225992,0.0755946644178796,LOW
4B35D939B0EF6D1A15CD693505BD384E,long_term_change,0.15932721184060294,month_6_mean,0.150424025169863,month_11_mean,0.10187722705784734,0,0.4350460606967781,0.0220072769385397,0.3111344255693066,LOW
FC05DE8CA52677E2525C876B71D8B5DF,missing_rate,0.808678056804914,max_consumption,0.3799960526169331,seasonal_std,0.22746490225038796,1,0.7578649507346967,0.2107963429769888,0.5937443684073843,MEDIUM
26B9855945CE044BB9946F6E5A89BFDD,month_10_mean,0.38667661256221286,max_consumption,0.32630443779164847,missing_rate,0.14681482115825192,0,0.5016543062701898,0.0381267672933619,0.3625960445771414,LOW
FF3C74A9E796975A89D4D6387E36939C,min_consumption,0.4316282695302959,zero_rate,0.2369816226867766,first_half_mean,0.09859528134242058,0,0.0805715629302132,0.1977282412873708,0.1157185664373605,LOW
13370F6FDEE5B3B66C1BB2114D3247E6,month_6_mean,0.08867588135259229,month_3_mean,0.07188319843726457,month_11_mean,0.06300337155524725,0,0.1324434182185317,0.0036381687320637,0.0938018433725913,LOW
DBE066D9190591F52C3F43582DE152FD,min_consumption,0.42708145375312667,zero_rate,0.24681203002839758,consumption_change,0.16504124208154305,0,0.1777467338963125,0.3226831376071186,0.2212276550095543,LOW
2C37C9F5DF644DC7861DE6D0066D61E0,month_10_mean,0.29437655659557693,month_2_mean,0.22935189967837716,month_5_mean,0.14213307137548337,0,0.1891402807477452,0.0403428049706776,0.144501038014625,LOW
308491703336570DFA5A5A2331047181,month_3_mean,0.2098980307831684,month_2_mean,0.185398362777844,month_9_mean,0.10620361877271602,0,0.2874904943982513,0.0347321659558246,0.2116629958655233,LOW
912AEB29C7A86CA2A3B35A0E599E0314,month_6_mean,0.18671295952411007,month_3_mean,0.17516845319377516,max_consumption,0.09012804565190717,0,0.2721086039224578,0.0044987221399946,0.1918256393877188,LOW
78D0ADDFDA45058F16173C092FEAC51E,month_7_mean,0.13916070058933103,month_6_mean,0.1251402820451386,month_10_mean,0.11492086061964771,0,0.1222927748969413,0.0189852055641648,0.0913005040971084,LOW
3380B9C26D7B54D9F4C52620BEC6C59D,min_consumption,0.15676365546175283,missing_rate,0.12097650722302303,consumption_change,0.11911881105211324,0,0.1300388908021454,0.0437575634646727,0.1041544926009036,LOW
BA5B48AF483374263A4E599232F1909D,min_consumption,0.34784017253902877,consumption_change,0.32941631213399025,missing_rate,0.23439749500429427,0,0.3223916537950499,0.0751545056101561,0.2482205093395817,LOW
5C44F6DB1FC6355B2C542F4E62363490,min_consumption,0.4827542128521026,month_7_mean,0.17361033050122845,zero_rate,0.1308623439667318,0,0.1902203144325235,0.0297422567583078,0.1420768971302588,LOW
79ECF54DA97F3ADE8FD62707B7A097C0,min_consumption,0.2691400104697067,month_6_mean,0.15768088235253502,month_7_mean,0.12927964242636297,0,0.2987835305900178,0.0088213730513431,0.2117948833284154,LOW
DD1DB9F25D879A81C1B62BCD3639059B,consumption_change,0.42227938464676745,month_4_mean,0.1831057125538072,month_6_mean,0.156204802090439,1,0.5147012591635312,0.0267684194436986,0.3683214072475814,LOW
0078E1C2C8D0E7D59C0BD8760CF74151,max_consumption,0.25716890511149204,month_2_mean,0.24411837704336817,long_term_change,0.21071467557542564,0,0.5020476356919392,0.0257097594133464,0.3591462728083613,LOW
87C076DFF4D3BF36B46AF9CFE5A2569B,min_consumption,0.16999144730593285,month_7_mean,0.1389646681652503,month_3_mean,0.08236150919470302,0,0.1485450592852218,0.0416175010826189,0.1164667918244409,LOW
FC1684954A49EF6C4C966A5CA929822A,max_consumption,0.6133817324599896,month_10_mean,0.3585365407466199,month_2_mean,0.13503679789886155,0,0.5553417451881157,0.0675226485636396,0.4089960162007729,MEDIUM
CF205803F748FDC0238755F6BA7A39D4,month_3_mean,0.25703371128028185,month_7_mean,0.22448484267523844,month_6_mean,0.17271029115126293,0,0.3828249831985291,0.0283310724931275,0.2764768099869086,LOW
8C6B61CDF8DAEF54389CFB655E3DA40F,missing_rate,0.35533284383032493,min_consumption,0.2702053015604571,month_7_mean,0.19652000782517437,0,0.1968147707464894,0.0549408209294429,0.1542525858013755,LOW
D0FE32671C7BAA8EC3A147528A196E3E,min_consumption,0.3989479643418244,zero_rate,0.21095439157653453,missing_rate,0.15426210621028705,0,0.2134981541149342,0.0400354016790532,0.1614593283841699,LOW
D25BC23909596225684146C78A98F37E,month_7_mean,0.30065796837422726,min_consumption,0.1717842625160283,month_10_mean,0.15535080276923646,0,0.516447955719699,0.0168791238452622,0.3665773061573679,LOW
655E38292F0C30C89DFB6059EE406F91,missing_rate,0.7272038206142033,max_consumption,0.5319323652065914,consumption_change,0.4154267935069104,0,0.6875655505937184,0.1030122297197968,0.5121995543315419,MEDIUM
463162F506E34BA6A150218F5B819A31,max_consumption,0.3709044178468334,std_consumption,0.33973748710535334,month_11_mean,0.06976401876861292,0,0.2637874360322096,0.0514829351676235,0.2000960857728338,LOW
020F8DC81696FC3901200DDB41B9DCE3,month_6_mean,0.09441437911877816,month_11_mean,0.06900061991286033,month_7_mean,0.06554374476159468,0,0.1485140463732632,0.0203619693875554,0.1100684232775509,LOW
27473887D57FEA41D5E8DA63E715BB05,missing_rate,1.0837834428728748,median_consumption,0.260670552059451,month_7_mean,0.21944966808243496,1,0.715628205799651,0.3378549185276813,0.6022962196180601,MEDIUM
BA6D200392771848173C10F01FE1158F,min_consumption,0.42019008001850106,consumption_change,0.18525760947917044,month_7_mean,0.10120638432933507,0,0.1478694421226308,0.032006370931597,0.1131105207653206,LOW
ABEA4406B4BD4447B972E80B32283CCD,month_9_mean,0.10630474874876523,max_consumption,0.08831350351399218,month_3_mean,0.07383184387245373,0,0.1326655995038669,0.0175631920589545,0.0981348772703931,LOW
23EFC696BC46BC5306533944D513BF82,min_consumption,0.3898901255585761,zero_rate,0.2319032893499774,missing_rate,0.09687112481481652,0,0.1041366139095956,0.1718098321508834,0.1244385793819819,LOW
8809837D09EA35631C638DBE08B9C524,month_7_mean,0.23094205676056717,long_term_change,0.20926069812308057,month_6_mean,0.19172133657861076,0,0.4934696323108733,0.0077573368087733,0.3477559436602433,LOW
92A389746FF46A4E054597E48EC099E6,missing_rate,0.3826694289963984,month_7_mean,0.12387194174666127,month_8_mean,0.09029074631799276,0,0.3278534998099006,0.0355069773477182,0.2401495430712458,LOW
5BBDAE966E6163EEFA0215EB03BC96E0,max_consumption,0.5870471582667214,std_consumption,0.37110089158502213,min_consumption,0.34744560594519214,0,0.4921110790537425,0.1467024396136122,0.3884884872217034,LOW
AE5625EEC4CA88D18B26DF00BAE3BB1B,min_consumption,0.28531982611781914,missing_rate,0.11805369563570398,month_11_mean,0.11795343195539662,0,0.1554998677161831,0.0470311692606808,0.1229592581795324,LOW
D03C6EA7BD48F9833596F2B9E096FA3B,max_consumption,0.9867276530980876,month_10_mean,0.47802122200217634,std_consumption,0.43592495804891623,0,0.6917367912320831,0.4664646075513032,0.6241551361278491,MEDIUM
C1D065700F01701D4C28D16776CA5FA4,month_10_mean,0.2706333683905407,seasonal_std,0.11951925270892921,month_5_mean,0.11867644799180366,0,0.1158809118939581,0.0326540861080778,0.090912864158194,LOW
CD9A6A09E00819F16CF2001307F7952C,min_consumption,0.4012996712689096,zero_rate,0.2147415492088119,missing_rate,0.09819091783849665,0,0.2134981541149342,0.0383220341827077,0.1609453181352662,LOW
75090FD514E3B8717C2CA16931E15283,month_7_mean,0.1270132937751801,month_11_mean,0.11054199166929668,month_3_mean,0.09217417032804077,0,0.0761903324287376,0.0429184550787727,0.0662087692237481,LOW
27C55584D290305EFEBB8746958CDDD3,month_7_mean,0.21104853547279928,month_4_mean,0.16778830902568279,month_6_mean,0.16642589475883865,0,0.3979846198023767,0.0136439185184919,0.2826824094172113,LOW
257CA34E46A705CDCFEFC184A2E74585,min_consumption,0.4007327005739554,zero_rate,0.21437556568398858,missing_rate,0.1004316176722648,0,0.1761736005997112,0.0467668961131499,0.1373515892537428,LOW
2659826F6AE4AB32B12B3B51393D9792,month_2_mean,0.25903957399403355,max_consumption,0.20854641690989853,month_7_mean,0.18216042645684988,1,0.5721202217640076,0.0084429860724474,0.4030170510565395,MEDIUM
56662742BFCFA0828DE4AB3FBDEB340B,max_consumption,0.2008150428068137,long_term_change,0.1744163331103594,month_11_mean,0.10859330472428357,0,0.3093653980141765,0.0312237044544749,0.225922889946266,LOW
C175B53C5696B43EC34AFCC88101EEE3,min_consumption,0.4579607947410514,zero_rate,0.22643763860220908,first_half_mean,0.09960211669267363,0,0.1568501125906395,0.0289395418308152,0.1184769413626922,LOW
45360F29E65561D9232D819BA645A5BD,month_7_mean,0.19981870253335765,month_6_mean,0.19674117173454184,month_11_mean,0.11981143463945641,0,0.3433921665622819,0.0220283707206179,0.2469830278097827,LOW
C6DEE93426202763C91AD8733048F65C,min_consumption,0.3678392386035541,month_10_mean,0.35133050679929695,month_7_mean,0.23111212576834544,0,0.3679295224324249,0.1523286481630203,0.3032492601516036,LOW
6567173730416493B71100A63DE47554,min_consumption,0.43601517878183715,zero_rate,0.22070487078158646,first_half_mean,0.09987287544334794,0,0.1496640291320504,0.0630305148716408,0.1236739748539275,LOW
3747906290B1DB5AF99941440518B1D1,max_consumption,0.41720011904450977,std_consumption,0.28085457789371204,long_term_change,0.15042343443883474,1,0.6799875327963848,0.0627721898584863,0.4948229299150152,MEDIUM
F06D535991F8BE92ECA7AFB9377F3B2F,min_consumption,0.35321903133382804,long_term_change,0.12230645746812975,month_3_mean,0.11131022638220354,0,0.1996991156582778,0.0317354895743988,0.1493100278331141,LOW
C84A6AC71C242B27D8C825F9239DD17D,min_consumption,0.4012996712689096,zero_rate,0.2147415492088119,missing_rate,0.09819091783849665,0,0.2134981541149342,0.0383220341827077,0.1609453181352662,LOW
53FB5FE0C987B802FE9E562A96D2FE81,missing_rate,0.9056348710975441,month_3_mean,0.21945168197250592,first_half_mean,0.15193026721959205,0,0.2376036105943551,0.5079864401413567,0.3187184594584556,LOW
A46E456486E2708C80017DFB3BB482D7,std_consumption,0.2868633554151815,max_consumption,0.2527661062286395,long_term_change,0.22187549599117767,0,0.4955441199147182,0.0705755151189035,0.3680535384759738,LOW
1B44C723361F8BC00B25287B235B11CE,missing_rate,0.9096872902197872,month_6_mean,0.4881287117845085,zero_rate,0.36532871463538236,0,0.620009386604024,0.3990170232771372,0.553711677605958,MEDIUM
C3876AAF62C960773B04B7EA9C5FD40C,month_7_mean,0.228111125423122,long_term_change,0.18067834177858264,month_6_mean,0.15703262201426424,0,0.3884795095989968,0.0229537608201178,0.2788217849653331,LOW
0EF5D0E109DFE3102FCE904E5B2C5094,max_consumption,0.2025405587962166,month_7_mean,0.1480382029680868,month_6_mean,0.14777045371425668,0,0.3129161908547846,0.0098940165487968,0.2220095385629882,LOW
DD067882E86A06D86D60EE5503C6801F,missing_rate,0.3235107102516736,min_consumption,0.3024232816306207,zero_rate,0.10185211775501883,0,0.4182354735729095,0.1370704654289797,0.3338859711297305,LOW
D6881F07708BCAD5FB252FA796007EEE,month_7_mean,0.12388691295064869,month_8_mean,0.0916616894771762,month_6_mean,0.08442281899074404,0,0.0995793598905763,0.0279360266759362,0.0780863599261843,LOW
00774B520894FC0992DC042496E23929,min_consumption,0.4060364101534133,second_half_mean,0.21299765800580064,zero_rate,0.17423633143555803,0,0.1829253754049715,0.0442643067858452,0.1413270548192336,LOW
C981E48954C94F8AA34CCE3F73F5E0C7,missing_rate,0.5684018575272949,month_10_mean,0.5371813860898111,month_6_mean,0.2544713160121001,1,0.8706395620976262,0.070129985930519,0.630486689247494,MEDIUM
5CAE57E748D8CBF740C12F47DEEBE496,max_consumption,0.7042764488918904,consumption_change,0.37681591558991967,zero_rate,0.3673647424694975,1,0.8320608182817372,0.5457485770951964,0.7461671459257749,HIGH
F1446841DE82C709E91C5F29EC0FC8E4,min_consumption,0.3078716378412497,long_term_change,0.1345077754913034,median_consumption,0.0852690764299039,0,0.176822598500318,0.057137368048939,0.1409170293649043,LOW
5014AA8D60E7FB1C5555763F8395911E,max_consumption,1.414016140198869,month_10_mean,0.5502519827056145,std_consumption,0.5031419540481125,1,0.8842377946964161,0.6845931736535795,0.8243444083835652,HIGH
AEDD5CCEC641EADA7F4B35780F74D509,max_consumption,0.45631302526308926,consumption_change,0.4083159178698803,month_10_mean,0.3628284258786344,0,0.5949374770193662,0.1148976208248522,0.4509255201610119,MEDIUM
9F538CD06998743B78A93F6E0808074D,month_11_mean,0.06385034318025541,max_consumption,0.05653588674465606,seasonal_std,0.019613646372886477,0,0.1028587095376993,0.0106183933901802,0.0751866146934436,LOW
0E4CA3370FB7EE32F01CE2F547D22DED,max_consumption,0.39215388778931776,std_consumption,0.23056469974388444,consumption_change,0.19133845896776233,0,0.5408502007319039,0.1135968340481399,0.4126741907267747,MEDIUM
4FE39C3D5FDF9533FC2149DD6EC1F00C,consumption_change,0.3660048862472367,min_consumption,0.34507703404047285,zero_rate,0.28231926968597176,0,0.2902611506726981,0.7682617155556976,0.4336613201375979,MEDIUM
4DE317B17D57D37A075279E7EF2AC8C8,month_10_mean,0.24584976413516482,month_7_mean,0.2088992106234417,month_6_mean,0.20003841679061132,1,0.6105862354971022,0.0286306325072386,0.4359995546001431,MEDIUM
FD2DCA43F9E1EEAD5E80887138083258,month_6_mean,0.21769199188736793,long_term_change,0.1941383006372932,month_7_mean,0.16438031725884278,0,0.3598267321254974,0.0166226019039705,0.2568654930590393,LOW
6FB26C9B285FB1851E84846261F56282,month_10_mean,0.3678864483093027,month_6_mean,0.12245473480016429,month_2_mean,0.09833885168666422,0,0.204192193496204,0.0476197761236666,0.1572204682844428,LOW
257009EB232BFEC4853AC191B837E7DF,missing_rate,0.40414214701715395,month_7_mean,0.1576919102711722,month_6_mean,0.13635166896279924,0,0.4071862175162531,0.0430816010062416,0.2979548325632496,LOW
C6924B6732B1C17C4F766FB4935D445C,max_consumption,0.7022534417845376,zero_rate,0.45636079202932783,std_consumption,0.3552964465844916,1,0.8352723282421184,0.1790943963870065,0.6384189486855848,MEDIUM
74533D3E6A34F828926E05A7196BBECF,missing_rate,0.3933883148955316,max_consumption,0.15763606885599327,month_6_mean,0.14478515314169252,0,0.3503778346846825,0.0498514616252293,0.2602199227668465,LOW
7050A74BC492FB5174B928B788A43137,min_consumption,0.40795338430290984,consumption_change,0.22780544507534575,first_half_mean,0.2216097114795423,0,0.4841565744564106,0.0552300745506356,0.3554786244846781,LOW
A33BAE9804CBFECD21A623F30D413EC9,month_5_mean,0.11554001692738333,month_10_mean,0.114697911829506,month_11_mean,0.10278392395703723,0,0.3618627228226063,0.0312723899972346,0.2626856229749947,LOW
E663A721F7564FDCB3AD5CEC6EDBA7E2,consumption_change,0.3295458296241816,min_consumption,0.3248613515353308,month_10_mean,0.18290099449598332,0,0.2975775612170824,0.1307861127934763,0.2475401266900005,LOW
A3F0C3503F89338A9D9FB7E33DCFAEDA,min_consumption,0.4012996712689096,zero_rate,0.2147415492088119,missing_rate,0.09819091783849665,0,0.2134981541149342,0.0383220341827077,0.1609453181352662,LOW
B11BE3C7A37C326C2733F0EDF42FDC8E,min_consumption,0.49236646846874405,consumption_change,0.15975904446441175,month_6_mean,0.09503725860383865,0,0.1670611600854074,0.0370951276035569,0.1280713503408523,LOW
612B52DA35EFDCB0BD6F17A378B9BADD,min_consumption,0.252653684608091,month_7_mean,0.1444205885008786,month_3_mean,0.0969273983452763,0,0.1690331880864709,0.0260102169554663,0.1261262967471695,LOW
9E60FB927DD945937B844F3633F6B0FD,max_consumption,0.5230655294274051,std_consumption,0.35382188608726933,long_term_change,0.14147016275046406,0,0.5721377703226375,0.0542430432965821,0.4167693522148208,MEDIUM
0B6820A6C4CDFCB2B76095A640E350FB,month_11_mean,0.08811840492322358,seasonal_std,0.07931394459773196,month_6_mean,0.047317540755780894,0,0.1047666528306177,0.0140908204762418,0.0775639031243049,LOW
0A0E4666188CA36B0C0A04616D47234B,month_6_mean,0.13063612892872487,month_7_mean,0.10206735603179147,month_9_mean,0.07758737793217588,0,0.0721745741106186,0.0212003149256237,0.0568822963551201,LOW
54A7EC5889CC717CB2C8F5C4571C37C4,min_consumption,0.4024636331777447,first_half_mean,0.19717594352647885,zero_rate,0.18692091711606082,0,0.3767506967909715,0.0543245075681817,0.2800228400241346,LOW
D7FBAF8D76E19EFA1F9C01C1408515E6,min_consumption,0.504739158495471,zero_rate,0.12844550095363458,month_6_mean,0.06053643355582577,0,0.123497029975497,0.0247561395663805,0.0938747628527621,LOW
18B890A2767A2A7C07D9365FB7D69673,min_consumption,0.44997677497835264,zero_rate,0.24136445150912467,long_term_change,0.12189387540660637,1,0.2461593707859432,0.0388367826899242,0.1839625943571375,LOW
34E4E2C36AD2F51C1555EE2115EE817C,max_consumption,0.5826398499706776,month_10_mean,0.45853171199195275,month_2_mean,0.15661404733160753,0,0.5129754389611664,0.0380573821963874,0.3705000219317326,LOW
9F12D7EB34FB3635B308B26133439E81,missing_rate,0.5217139362985259,min_consumption,0.29712540352026323,max_consumption,0.21484499612817376,0,0.328476016719183,0.0946992218590287,0.2583429782611367,LOW
E8B0B78F8B051A5657BD05AAA701247D,max_consumption,0.5714780292181255,month_10_mean,0.31988136743049417,month_2_mean,0.1335929605065456,1,0.5931777782411382,0.0552046378658903,0.4317858361285637,MEDIUM
A276D2B6DB38CA4F7146585F0E724D45,missing_rate,0.22680032125107227,month_7_mean,0.16678399500787555,month_3_mean,0.12547044174389096,0,0.3836991962544472,0.0290239855632372,0.2772966330470842,LOW
7A77E7B41B54D26DB36DC1DCF64E6939,missing_rate,0.4671708383999049,min_consumption,0.3961560655487165,zero_rate,0.21658132500102517,0,0.2881470340014819,0.0566031344162808,0.2186838641259216,LOW
AB513BD10BDEF8630F3EC5FEC2806E18,min_consumption,0.3989479643418244,zero_rate,0.21095439157653453,missing_rate,0.15426210621028705,0,0.2134981541149342,0.0400354016790532,0.1614593283841699,LOW
4E0DBBACB4BBD7BB7C82A8DA35635B7B,month_10_mean,0.5000447018518028,consumption_change,0.3275328482668041,max_consumption,0.15912413455884508,0,0.6214108510125532,0.066295928271742,0.4548763741903098,MEDIUM
60A6EBA51E8B26081EA8040A6DA11203,month_3_mean,0.14020378682975038,month_7_mean,0.13020668623831147,month_11_mean,0.10481744646016555,0,0.1003549777095704,0.0966335982664994,0.0992385638766491,LOW
0844EA781C6FAB89333E6A152B81462B,missing_rate,0.25522639410912834,month_3_mean,0.1422276411237958,month_6_mean,0.11285620962013311,0,0.2983576656725532,0.0207000439240004,0.2150603791479873,LOW
5F561199E640CAFCB793CC800BE888D7,month_7_mean,0.23440000627527724,month_3_mean,0.21661330595172154,max_consumption,0.18796916717784062,0,0.4068671021830263,0.0249464997247634,0.2922909214455474,LOW
10F0D272359E18C8F27D8847DD991471,min_consumption,0.4279716913427246,max_consumption,0.23560183402712923,long_term_change,0.15552490563748533,0,0.2036122039464065,0.0549270458560486,0.1590066565192991,LOW
01C179CFC9BA61EED1EA0CE00CA7445D,month_2_mean,0.25706064670377904,long_term_change,0.23183571609630457,max_consumption,0.17591382471274522,0,0.4741091391726532,0.0435936396582579,0.3449544893183346,LOW
EF926ACF8A4629AADDD5F82D5F7A9AC7,max_consumption,0.7976715169189503,month_10_mean,0.3451129044596871,month_5_mean,0.3160005095722125,0,0.6810088188790441,0.2033033089619163,0.5376971659039057,MEDIUM
C590A1335CBD66D0B617B63320E9FA94,month_6_mean,0.19660444770065139,missing_rate,0.10526626248430786,month_7_mean,0.09865856349593234,0,0.3186783430381519,0.0228926448062076,0.2299426335685686,LOW
D5EB3A139F08E0D2DDEDBA5CF2622984,zero_rate,0.4301023181696154,min_consumption,0.4267598676893535,month_2_mean,0.1383926347627386,0,0.1838427722456752,0.1382809050459076,0.1701742120857449,LOW
4F0198025ADD815A3E1D4FED5262EFD0,max_consumption,0.292779200148757,month_6_mean,0.2801920776299104,month_10_mean,0.21820375319529206,1,0.6533361814810525,0.0082881229359517,0.4598217639175223,MEDIUM
4AA5F93D93B9BC1BF083E281B5E58C7F,max_consumption,0.4333858678616689,consumption_change,0.40507616134248714,std_consumption,0.24982195496398163,0,0.4439492107216569,0.0992247541936399,0.3405318737632518,LOW
1C67B5EA4E1958D1765FC90F5C3A34AD,max_consumption,0.4963940747993074,month_10_mean,0.30424153293818273,std_consumption,0.30201995713398744,0,0.4595834489442275,0.2596609530564799,0.3996067001779032,LOW
8F03C482BA4493F102AB0272AB19D5E1,max_consumption,0.2502883888094081,month_7_mean,0.1929063363428941,month_6_mean,0.15110277641949074,0,0.3278608094776792,0.0223338931968219,0.236202734593422,LOW
927F6839D008B6017578535C8BCCAF87,max_consumption,1.2770167461350501,std_consumption,0.5244031811248285,month_10_mean,0.3629518498859256,0,0.8514531541069066,0.4868895203242798,0.7420840639721186,HIGH
1AD16E5B9E2443E9CFED7AC0EDA6DAE9,missing_rate,0.5003718322199858,month_11_mean,0.06886171539186327,month_6_mean,0.06562351904988309,0,0.2263656528845978,0.0435000506726375,0.1715059722210097,LOW
C9401EE6A67EE863FAAB15B34FDAAE9B,max_consumption,0.26992561723281056,seasonal_std,0.11314639501600696,month_8_mean,0.09968019524154045,0,0.3473468290777441,0.0133660266606016,0.2471525883526013,LOW
4EAFB64BA7D354F48CAF6FC29127E7DE,min_consumption,0.3840911404926037,consumption_change,0.3167268079641112,zero_rate,0.29471566175761343,0,0.2852517481870542,0.2753134192712935,0.2822702495123259,LOW
F374FDC11558DE62B642811951FE6F11,min_consumption,0.42721220216333666,zero_rate,0.11325607645360039,month_7_mean,0.10091333644206836,0,0.0958174067369757,0.0259195805752413,0.0748480588884553,LOW
39A7E6416D9CB040FFDF5B83AD14896B,missing_rate,0.9928261706559898,max_consumption,0.3705599093545254,month_6_mean,0.36542507394829155,1,0.8630248174075534,0.4665015345963155,0.7440678325641821,HIGH
62E39966C93CD884F54580D0326BA0B4,max_consumption,0.48485715725308437,long_term_change,0.13429349964185952,min_consumption,0.1332996436884842,0,0.3951628312729244,0.0297595700827048,0.2855418529158585,LOW
D7AF8B57F2FB73D7EE2D1F2D6CF7D60F,min_consumption,0.5186079114490689,zero_rate,0.1918752372814376,long_term_change,0.17475844754973782,0,0.2991012636001701,0.0463484146540678,0.2232754089163394,LOW
CDFE782CE9AFC277E886F3F1382365EE,month_6_mean,0.20812436023768374,month_7_mean,0.18499962764416242,min_consumption,0.17259395993262291,0,0.4153856404398549,0.0162148983045266,0.2956344177992563,LOW
F10FA3ACED937A83F2E29F07EF8D6428,long_term_change,0.2512430920938235,month_7_mean,0.16703055258312266,seasonal_std,0.1539099090604269,0,0.2532507478281383,0.0250339358183364,0.1847857042251977,LOW
E9CFCF7B1E828AF014C73B5C0E232AD6,month_7_mean,0.22674175844194105,month_6_mean,0.17329663443363907,month_2_mean,0.13786165829413374,0,0.2421402992272621,0.0077258534464609,0.1718159654930217,LOW
12B5F09EF0D1342DDE21E3C0E786DACB,missing_rate,0.23985909758931095,month_7_mean,0.15273678324666515,month_6_mean,0.14197425972323546,0,0.3369325586248507,0.032820309488048,0.2456988838838099,LOW
5412CE949917E5FBE85814782EDFDCBA,min_consumption,0.44733778956609044,long_term_change,0.21142163994174965,zero_rate,0.16090279779631236,0,0.1535004136177304,0.0472255119210066,0.1216179431087132,LOW
6FB18457EE4EED2E57D8AAA8FBF124CF,missing_rate,0.2664812114315105,month_6_mean,0.21321719172484707,month_7_mean,0.19802093174260088,0,0.5271816731450708,0.0447180074693229,0.3824425734423464,LOW
051F425AF70A27E84CA9288E02C1C5E7,min_consumption,0.49625515370904727,zero_rate,0.15027753385205433,seasonal_std,0.067011735676455,0,0.0473406263475516,0.0335671581556333,0.0432085858899761,LOW
566F8BB4FFB24E548C625DFF949926C1,min_consumption,0.30644509865209507,month_7_mean,0.1857475095358698,consumption_change,0.1580190881616797,0,0.1580258384782778,0.0408048884653687,0.122859553474405,LOW
FA7A99B5234A317786063A0634EB42A0,month_7_mean,0.17102758579019156,max_consumption,0.12197475123396187,month_11_mean,0.11088672244034024,0,0.388223290128893,0.0092668188934165,0.27453634875825,LOW
DA253B9808E6E86C90D4302FB430CD09,month_7_mean,0.2642085963901295,month_6_mean,0.1680224628207599,missing_rate,0.1478900485008588,0,0.4979760555592153,0.0197548855079293,0.3545097045438296,LOW
42ACAD19B2179BE23EE2116618CC8DE1,min_consumption,0.4614058596292389,zero_rate,0.20783140886694815,month_6_mean,0.13159821889845175,0,0.080407923917839,0.1858903238871264,0.1120526439086252,LOW
3673AA4510E43D59A6E329A0FE13DFE1,max_consumption,1.2143035232019315,missing_rate,0.6491507347606338,std_consumption,0.47293007549305505,1,0.9226286049925696,0.4200973663454193,0.7718692333984245,HIGH
6B770230A50D00F3684E1D77324AF7FC,missing_rate,0.27699873145787723,month_6_mean,0.16201275163863232,month_7_mean,0.1559395218061294,0,0.196029502059529,0.0436694963963715,0.1503215003605817,LOW
A3CB71129D4BCA7939E16263BBD17A71,min_consumption,0.5277000367297279,month_7_mean,0.12171192804122744,month_6_mean,0.08482653069688022,0,0.238968803465366,0.0232530187284111,0.1742540680442795,LOW
09D0895A0EA25EEEA97029872AE7F482,missing_rate,0.25474642343875725,max_consumption,0.22816259599055622,month_11_mean,0.10506628650110723,0,0.3377409627357797,0.0584867703351513,0.2539647050155912,LOW
F02A99F292FDB87502ADEA2DA3DEF450,min_consumption,0.4012996712689096,zero_rate,0.2147415492088119,missing_rate,0.09819091783849665,0,0.2134981541149342,0.0383220341827077,0.1609453181352662,LOW
A4946D92B5194D94749C42B05AC1427D,consumption_change,0.4586579655368344,max_consumption,0.41183170342621367,std_consumption,0.22048095164070017,0,0.5124046952256913,0.1491023567819731,0.4034139936925758,MEDIUM
5668AF8BE54A637FAFCECEE46D554623,min_consumption,0.3197393489373937,month_7_mean,0.21434328111700224,zero_rate,0.11007144478691261,0,0.1882806039542952,0.0301837212110208,0.1408515391313129,LOW
838E27A07C62D3FB74675311B26BE548,first_half_mean,0.16192950678685256,month_6_mean,0.07369926673260052,month_4_mean,0.027993617991689056,0,0.0474779430220476,0.0303826776008151,0.0423493633956779,LOW
CA9ACF14C178A77B07325AE7294B8637,missing_rate,0.24261976755871195,month_6_mean,0.16132908300321996,month_3_mean,0.1384105625702141,0,0.3886857684758913,0.0316296406261262,0.2815689301209618,LOW
16283093116211AA1FEAD5394454322C,max_consumption,0.10628840678485788,month_3_mean,0.06044988025944282,month_11_mean,0.038593929535846117,0,0.1203724608917434,0.0388061102230099,0.0959025556911234,LOW
1BFE778CEF6F0FEC136E167FD2EAA3FA,consumption_change,0.661808092625683,month_10_mean,0.25863980090860555,month_6_mean,0.2361840667731445,0,0.5555389500440268,0.0535920953838069,0.4049548936459607,MEDIUM
3D51BE4417372911613E917A4F7760F5,min_consumption,0.39903226929012764,zero_rate,0.21628068067810519,consumption_change,0.14387826488404087,0,0.2253456771228004,0.7102779678341657,0.37082536433621,LOW
4D0A6765052421309983EA4FB5F658B8,max_consumption,0.24061049974922513,month_7_mean,0.18205641249470564,long_term_change,0.1547262337032952,0,0.5347044208922431,0.0293904120723367,0.3831102182462712,LOW
37CAE3D58F9F761BAD35A5264FE0FBD6,max_consumption,0.5644334154173375,month_10_mean,0.3270810311254803,seasonal_std,0.16730374228251865,0,0.4946463772732847,0.0688119341018932,0.3668960443218672,LOW
EDFC78B07BA2908B3395C4EB2304665E,consumption_change,0.6367548235882055,max_consumption,0.4672334554390533,std_consumption,0.3186773200616726,1,0.8361110485170852,0.1100252865779289,0.6182853199353383,MEDIUM
B258D221917C33F686C8C934AC94BC7F,max_consumption,0.19582271941132146,month_6_mean,0.17432794300414597,month_1_mean,0.12640885141183322,0,0.1433691104943741,0.0576225809306827,0.1176451516252666,LOW
23637DAD69743699E29FB4EEB5B926A6,month_11_mean,0.1334413685513256,month_6_mean,0.11368468074756169,missing_rate,0.07927650842018395,0,0.2502976902263681,0.032133695004223,0.1848484916597245,LOW
B67E0981523CDA9B4A38777ECED10809,min_consumption,0.44616082188512496,consumption_change,0.4153048332898274,zero_rate,0.3170295344556391,1,0.6300236931519715,0.0316914401862182,0.4505240172622454,MEDIUM
34E3A122995A4C971650D570B0ABF25D,consumption_change,0.46227609241730294,month_11_mean,0.2352790733893748,month_3_mean,0.08578661042567709,0,0.2145429083696325,0.0536707572595696,0.1662812630366136,LOW
A73C5F2410963F1467CC6F146E3C46DA,min_consumption,0.46546229599725736,first_half_mean,0.12081872303976031,month_6_mean,0.07814314310269518,0,0.2391712313625515,0.0287281254021919,0.1760382995744436,LOW
ABB84219AEC4AF3F0C20470E6AFBA9A4,consumption_change,0.5995116154353621,missing_rate,0.5340500315299685,min_consumption,0.3780714280364929,1,0.615558150993682,0.0978090229591588,0.460233412583325,MEDIUM
ACDEB6A4607A6E423A3FC37549221F89,month_9_mean,0.06736662159042425,month_6_mean,0.06603864231752211,month_3_mean,0.04841909413484422,0,0.1398537978612051,0.0157757932763848,0.102630396485759,LOW
B948E5F470DFEEC307DE019721103837,missing_rate,0.2690867160384504,month_6_mean,0.08691621374888443,month_11_mean,0.06888378143619917,0,0.1994165180253529,0.0212404412350417,0.1459636949882595,LOW
DD4A04F447FF4F27AA5A748BC33016E6,month_7_mean,0.20265208670934065,month_6_mean,0.17383554316559718,month_4_mean,0.13914121065706633,0,0.3211715967524748,0.0106678248493435,0.2280204651815354,LOW
158085475AC5BED5501BE4EF9F1D6E34,consumption_change,0.30468536637307514,min_consumption,0.25850378227796106,month_7_mean,0.13906138610801755,0,0.399543971249925,0.0287732098442348,0.2883127428282179,LOW
FB153E0AF71B12640A648219905DEB23,min_consumption,0.44883367602396096,month_7_mean,0.2592313904149148,month_6_mean,0.19132303073126553,0,0.3254953807841378,0.0413273854219536,0.2402449821754825,LOW
242FBEACD4070E90DC5B4CADB1C1F771,max_consumption,1.079640390288658,month_3_mean,0.5146166694504941,std_consumption,0.3840699513926044,0,0.6695675340864293,0.2732262463934009,0.5506651477785207,MEDIUM
189EFDC8C4F2105EA79DABE692FBA74F,min_consumption,0.4444976221270015,zero_rate,0.2293472059542381,first_half_mean,0.10006121801693596,0,0.148779107166946,0.0325011688798776,0.1138957256808255,LOW
BCB98B7526D4543F473EAD7F808904C0,month_3_mean,0.1255312914180787,month_6_mean,0.09154101509309708,missing_rate,0.07092259266968018,0,0.1668536047038492,0.0137190196108427,0.1209132291759472,LOW
C962188BC851E0E46AAB2BBA30EFB25D,max_consumption,0.3886402688173141,std_consumption,0.31835743037169306,month_5_mean,0.134284983120896,0,0.2247963990758,0.0477221842768148,0.1716741346361044,LOW
059778128C14BCBF0E22E74973305C5E,max_consumption,0.44487908347582555,std_consumption,0.41527815735017,month_10_mean,0.40811466506376187,0,0.6575369044048833,0.1092943241053745,0.4930641303150306,MEDIUM
AFCFEB1E2CD01E1C519363CFD3686187,max_consumption,0.4436604051598969,month_6_mean,0.23727157303814508,month_10_mean,0.2163195923575702,0,0.627456178918812,0.0260502861586812,0.4470344110907727,MEDIUM
E111A80AA72F928CF990414ABD0965E3,max_consumption,0.5553648190046278,month_10_mean,0.2837024539677453,std_consumption,0.2753031689359254,0,0.4704185345533914,0.0940740160875682,0.3575151790136444,LOW
609C8B8AA36830B666D9E00466304FF6,month_2_mean,0.20712778415240213,max_consumption,0.1823284034157548,month_11_mean,0.12370641235994335,0,0.5169695533686465,0.0314305285372978,0.3713078459192419,LOW
8ECE7FB098D1543E793ECC3BC3A1D409,month_6_mean,0.22563186404346522,month_10_mean,0.22455641625536463,month_7_mean,0.2054118240761411,0,0.4406244682737871,0.0332436749957687,0.3184102302903815,LOW
5F33F72BF8BF65DB634F7035841BAE68,month_6_mean,0.23005495119476288,min_consumption,0.1440372221071866,month_7_mean,0.1355679577727921,0,0.2357438417059137,0.0117426340841398,0.1685434794193815,LOW
190DAE6D463AEC0EF89E15EEBDFA2F59,min_consumption,0.33933767305920237,month_7_mean,0.2109710926157041,month_6_mean,0.1770689227792907,0,0.4508122358996488,0.0276170311140604,0.3238536744639723,LOW
E58BFF6C868FC20D84F26E141AEDCD12,max_consumption,0.1323049129841262,seasonal_std,0.08191047910108677,month_10_mean,0.0743358513306871,0,0.2490989957353331,0.0206520907594326,0.1805649242425629,LOW
37DB4E2D77D9E061C02C25675D7F40AF,min_consumption,0.49406980247679577,month_6_mean,0.08252140305211914,first_half_mean,0.07429620621310035,0,0.2029923758309638,0.0305152283607843,0.15124923158991,LOW
49F372BF337019A5AE9FDD4E68441AD6,min_consumption,0.315091441309349,month_6_mean,0.11743921192084085,month_3_mean,0.0990619333909449,0,0.168369716858771,0.028422144711109,0.1263854452144724,LOW
D78DEB6529CE9B50241DEBD69C9659CB,min_consumption,0.44936598737609923,zero_rate,0.13743306474964104,first_half_mean,0.08743180766427523,0,0.0656842850626773,0.0476321912461646,0.0602686569177235,LOW
FDF05913D174766AA8C45B64A2BBA6C9,max_consumption,0.7795166832043816,std_consumption,0.3868679242255502,month_10_mean,0.3584499360085726,0,0.1812770666042304,0.3416156111191842,0.2293786299587166,LOW
F87C59EE0F4B46991DD6F2457206CDFA,max_consumption,0.4449386946600471,std_consumption,0.27584041453518715,month_9_mean,0.09602700489036066,0,0.2209122938149861,0.1691945630711269,0.2053969745918283,LOW
016B54EE5382E5BEFD16B26717B5A784,month_7_mean,0.18175801658915391,month_6_mean,0.10930525902368254,month_3_mean,0.1031740862333675,0,0.0983175486916067,0.0322670012482276,0.078502384458593,LOW
E6C8DBEDA7E3E0560B45398C88A55AED,max_consumption,0.22973148080482386,month_5_mean,0.17122983071010883,seasonal_std,0.12633032993581794,0,0.2989358753992295,0.0178706567028365,0.2146163097903116,LOW
5451315D15DE2D01F972D4BA9E5BECDD,month_10_mean,0.6792156564776167,max_consumption,0.5821731290823714,std_consumption,0.3676607405561562,1,0.740543710746617,0.2036610961701831,0.5794789263736868,MEDIUM
5CE8CB5C2DF5A25D91B6B63318096368,min_consumption,0.5964550052194207,month_6_mean,0.10051128833851984,month_7_mean,0.05984566187364812,0,0.2604525471530159,0.0306977490015211,0.1915261077075674,LOW
FE52FF7A577F203ABE25595496CBE3E9,missing_rate,0.5643645565859029,consumption_change,0.49964570984917744,min_consumption,0.36790427996576325,1,0.4621087039329651,0.288128727628738,0.4099147110416969,MEDIUM
02DFD734D0954F6B68C8A16B44D9059A,month_6_mean,0.13264385872095993,month_7_mean,0.1302032405522482,min_consumption,0.12451060242859352,0,0.3581946668163276,0.0246842799931169,0.2581415507693643,LOW
04E106A08F287F44A0D4AD81F5C4B7CD,first_half_mean,0.15739178287391456,missing_rate,0.12401965576438671,month_11_mean,0.11575916333871443,0,0.0694228571691717,0.0462982320941511,0.0624854696466656,LOW
059186493E10A354ACB2F153F0EF7DD3,min_consumption,0.24347555816801295,consumption_change,0.21941884084994717,month_10_mean,0.1374435687265769,0,0.1683252620997225,0.0433657744802253,0.1308374158138734,LOW
8A4B59C65EE88C08934CE90BF20DB648,min_consumption,0.4046994195996739,month_7_mean,0.2035187297053919,month_6_mean,0.18198422038034795,0,0.4076210424472766,0.0195602088090408,0.2912027923558059,LOW
2CA833F723B837EFBF835124BE18751C,month_7_mean,0.1606722946588533,month_4_mean,0.13999073729852424,month_6_mean,0.12290528056535772,0,0.1351957403870698,0.028982851908354,0.1033318738434551,LOW
55DF47AFD7FAF798C20277F52E8F2D23,month_6_mean,0.17813778823903312,month_11_mean,0.08175441873215736,month_1_mean,0.04868999459122263,0,0.1036393211201282,0.0097063098727376,0.075459417745911,LOW
26808B4931916B9B97D9A9A5098924B0,min_consumption,0.4773592681205156,zero_rate,0.14419965186948167,median_consumption,0.0768944827861767,0,0.0812348833674698,0.0331496255261702,0.0668093060150799,LOW
DF0A9C168774852407F8862639B8E768,consumption_change,0.4479452854025379,month_6_mean,0.14681028955661726,month_3_mean,0.10983453652619687,0,0.2805594901057484,0.0748742155664516,0.2188539077439593,LOW
3FCF570289693FF4214268FA7B8D434D,month_7_mean,0.1425991636736328,month_3_mean,0.125790177808864,month_6_mean,0.0818482852585283,0,0.1620267543482247,0.0069958592261351,0.1155174858115978,LOW
9475106DEE0B21407E0CB6D9EDD26A05,max_consumption,1.1630130993295826,month_3_mean,0.4079577734343302,std_consumption,0.38226526225912494,0,0.7235028185855242,0.5381647556078943,0.6679013996922352,MEDIUM
107F5E24DC7A3BFDFA4076AFE46CBD6F,month_6_mean,0.17147107548850227,month_11_mean,0.06390355890552325,max_consumption,0.04915476078390853,0,0.1854690557436237,0.0334345614878723,0.1398587074668983,LOW
56A6A32B07425B571A5483D53AE385FB,min_consumption,0.4149006090577833,consumption_change,0.2142230869954286,month_7_mean,0.13361264767795394,0,0.3138298578425981,0.6843876679434356,0.4249972008728494,MEDIUM
3C75454D7DCFC6742440EEC57464F24D,long_term_change,0.21264290732889474,month_6_mean,0.20667691744547442,month_7_mean,0.17455110908964588,0,0.3987453648200025,0.0210987919511098,0.2854513929593347,LOW
1CE8BBF15796B007F510382AEA3F5CA4,month_3_mean,0.21406494434980555,month_6_mean,0.18986787024521928,month_10_mean,0.11465078757065404,0,0.3455270364187306,0.0160311485222614,0.2466782700497899,LOW
030171DBB8E98CE1E2FD1B7F90AA23C7,month_7_mean,0.2371218534761448,max_consumption,0.20011843905511623,month_6_mean,0.19970608956673042,1,0.6081738050135206,0.0265239523477845,0.4336788492137997,MEDIUM
AAD5FB6328E8A2A624D50B4830935A58,max_consumption,0.23375765981573962,long_term_change,0.1874513310793832,month_7_mean,0.11046002595377602,0,0.3964624678182876,0.0290526076423936,0.2862395097655194,LOW
ADBC97A205978C102E13B8771098EAA0,min_consumption,0.42175956179909374,max_consumption,0.20955905941441166,month_6_mean,0.15658925063594356,0,0.2504400171708601,0.0375573841994995,0.1865752272794519,LOW
D897BB3A69FDD25CD533036FA160A192,min_consumption,0.4579607947410514,zero_rate,0.22643763860220908,first_half_mean,0.09960211669267363,0,0.1568501125906395,0.0289395418308152,0.1184769413626922,LOW
304804B35C2FF5B490E7923BB6B6AE08,missing_rate,0.25259823387496005,month_6_mean,0.1291739609471849,month_7_mean,0.1194029064238147,0,0.1622443660871776,0.0375108098478759,0.1248242992153871,LOW
C697F4D3720B650E5BB11A5D33352E3D,missing_rate,1.0833880021286368,month_10_mean,0.49615939642927237,max_consumption,0.14883440275011922,1,0.7732475217915291,0.047877985426435,0.5556366608820009,MEDIUM
B3DB9A43F8EDDE06BDA805A75D122BB5,seasonal_std,0.09793635273764555,month_11_mean,0.07062891534358892,month_4_mean,0.014774059611857402,0,0.0708919716292164,0.0137817334101684,0.053758900163502,LOW
872DFD0FB89EB927BCADB0440EB4A755,max_consumption,0.4260759866294121,month_2_mean,0.209117056304212,seasonal_std,0.10823599115679143,0,0.3751393305673984,0.0216909007397456,0.2691048016191025,LOW
E5D8A9C71DE4E32CA4E61D9E39725FF5,max_consumption,0.5691542119319094,seasonal_std,0.2941835962583927,month_10_mean,0.2297891047522917,0,0.6193785039477762,0.0485470032288943,0.4481290537321116,MEDIUM
2152C2522A7345EF617DE107A402B2D9,month_7_mean,0.2516908040529073,month_3_mean,0.18557225202998237,missing_rate,0.12403052057473433,0,0.2490982862273994,0.0448379087850973,0.1878201729947088,LOW
455E260225FFAC1F5E67AC919F785B8D,missing_rate,1.100004487820899,consumption_change,0.5309356219261162,std_consumption,0.3258831349473348,0,0.7076892161001014,0.1188958416164607,0.5310512037550091,MEDIUM
26BCA3EF4E2E71D10A7698BCBB7F2EB6,min_consumption,0.5081404925512262,zero_rate,0.3126028754685666,max_consumption,0.11134092520649218,0,0.2401040735928439,0.0312309261776726,0.1774421293682925,LOW
1418F9BE191952A4C9424FAEBD6E933A,consumption_change,0.47109761984625953,max_consumption,0.4116992073782901,month_10_mean,0.3052434772003557,0,0.575240330895925,0.1680673913729146,0.4530884490390218,MEDIUM
65223C39444122FF266C778409D2EEA6,first_half_mean,0.14617675872597374,month_7_mean,0.12747601053918312,month_6_mean,0.10009000717772436,0,0.0350534645036311,0.0296637970939056,0.0334365642807134,LOW
392071ECD76D154DFD0F1EB8819A7589,min_consumption,0.4865234725163297,second_half_mean,0.23670289192757873,median_consumption,0.12049684134927513,0,0.2666387539498089,0.0329011712950022,0.1965174791533669,LOW
E2137F20628F6FD32FB7DE3C68583664,month_6_mean,0.18440135508621797,month_7_mean,0.15368118148535026,month_1_mean,0.06775990387905066,0,0.1799285646291919,0.0057106429986943,0.1276631881400426,LOW
F15E645C62200E373407A310E720AC83,min_consumption,0.4693518300100513,month_11_mean,0.10951749703206144,median_consumption,0.09605574631026838,0,0.3313256759252815,0.0308737690830884,0.2411901038726235,LOW
B70BD838485C1E58C5D3758D1812D5CC,month_6_mean,0.1293139770537425,month_8_mean,0.08474807195979571,month_10_mean,0.07355996590079021,0,0.1288794744250531,0.0194187790631087,0.0960412658164698,LOW
64E26B6736618195C9DD8ABF9A744323,month_11_mean,0.16179651665177128,month_6_mean,0.16031736774881858,month_7_mean,0.11494412375999545,0,0.2652633926324732,0.0082631046770844,0.1881633062458566,LOW
3A8506345A4B168EFC4AFB702C14F7B1,consumption_change,0.3399154085889857,month_7_mean,0.19358931737524152,min_consumption,0.1748977753538293,0,0.437357816992846,0.0170353187852153,0.3112610675305568,LOW
8B8D8E5160C9E12BCDA46ABE5E28DB7A,min_consumption,0.4012996712689096,zero_rate,0.2147415492088119,missing_rate,0.09819091783849665,0,0.2134981541149342,0.0383220341827077,0.1609453181352662,LOW
5AD6D733E8A3185295FB2FC5EDA0C054,month_2_mean,0.19721850342700828,month_11_mean,0.10216194188958888,max_consumption,0.0935961892440943,0,0.4018502919549426,0.0384966185407245,0.2928441899306772,LOW
713955ED148F3C07545C0DFD874A8C86,month_7_mean,0.21028855195283755,month_6_mean,0.1608920590179208,min_consumption,0.12595514557904597,0,0.3525474695525245,0.0182582929480339,0.2522607165711772,LOW
DFEE4AFC7365900EAA413CA913E6C633,max_consumption,0.24451680595247807,min_consumption,0.17123580981691533,month_6_mean,0.12996339852296984,0,0.3558559719166596,0.0092033094012026,0.2518601731620225,LOW
19095FEE831C5DFA799C973D2CE2AE18,missing_rate,0.9320662988725886,month_6_mean,0.1797749612435385,max_consumption,0.1752037985393724,0,0.6022252851510351,0.2917699825309917,0.5090886943650221,MEDIUM
E0CA39348820A466DD6870E3924AE75C,month_6_mean,0.1524755229656001,long_term_change,0.1481168955321831,month_3_mean,0.12343485656483731,0,0.272155351943249,0.0091585618623841,0.1932563149189895,LOW
9FBE8BD0C2660E0F42A957F243A236C7,max_consumption,0.585359642909742,std_consumption,0.2621755410886883,month_10_mean,0.2567273945413825,0,0.5241683729270372,0.1343431722907364,0.4072208127361469,MEDIUM
692EFEEEC5606179BB9BB2C3DD2AEF7B,month_7_mean,0.21003928995543272,max_consumption,0.16030238143105555,min_consumption,0.14877357268533678,0,0.4365843690791911,0.0197760574115778,0.3115418755789071,LOW
BCBD43FB29A252F48FB5D6E2DFE0C5EB,max_consumption,0.6032891822061637,std_consumption,0.2504183261180313,month_10_mean,0.10643750971021974,0,0.5142917768944923,0.060531902708389,0.3781638146386613,LOW
F7A3442DD695701C622C1955CE0B57EB,month_10_mean,0.5074288444021832,max_consumption,0.46521729405264517,seasonal_std,0.15374101262799847,0,0.4215768308739334,0.0319800903233907,0.3046978087087706,LOW
1C77C18555C5A146AB3A5559BE51000A,max_consumption,0.7018834853167432,std_consumption,0.26763436919130495,month_10_mean,0.11181600637389946,0,0.5125629672747868,0.1202896401805713,0.3948809691465221,LOW
40664BE41166467B978165CAD16F2447,month_7_mean,0.1748886195880703,month_6_mean,0.1508314570363539,month_11_mean,0.0798508796098671,0,0.1649422027616277,0.0067033718838336,0.1174705534982894,LOW
3BD43DE68B3C238BC82979FE787E5281,min_consumption,0.43906758632850607,month_11_mean,0.12296047533066617,month_6_mean,0.11279582491588055,0,0.1615886052240904,0.0379206690725461,0.1244882243786271,LOW
7B2D7AAF7E0878780B23DD9FE8AD9FDE,min_consumption,0.3620239387480737,first_half_mean,0.1192776622229469,month_11_mean,0.11499535276932764,0,0.1275343787485141,0.0962554908298869,0.1181507123729259,LOW
B17C5017473158B5A0AD550620520E45,month_10_mean,0.2656714215539517,month_6_mean,0.16627739884494486,month_3_mean,0.1035749799725723,0,0.2578738480982493,0.0128728327116682,0.1843735434822749,LOW
F8F6AFAE0412E4BB8A2270598ED0BFF1,month_6_mean,0.23786386830366127,long_term_change,0.21062690760771374,month_7_mean,0.2034216111771103,0,0.3801417825600614,0.0089447064155856,0.2687826597167186,LOW
F44C9127215304FA08975DDD92FE96FE,month_10_mean,0.6126410656897809,consumption_change,0.41717987582912197,month_11_mean,0.12405073175908568,0,0.5176648286895409,0.0421838826865867,0.3750205448886546,LOW
E8F4C2C8DA0166F6A7FED65F0D933058,max_consumption,0.13879516392961422,consumption_change,0.10994141244214094,month_10_mean,0.10788824913135707,0,0.3791816878810564,0.0433826150958202,0.2784419660454855,LOW
0235B971873F8ADD2CF98E1BAC377AC2,missing_rate,0.5830379821029965,month_7_mean,0.13695780137433514,month_6_mean,0.12207529716732587,0,0.3297253658717014,0.0337468404858939,0.2409318082559591,LOW
5E7CB5AED7F32AD2C32BB92F9FA68D2B,month_7_mean,0.24034142167531905,month_6_mean,0.21026088515292543,month_3_mean,0.12234298588688337,0,0.4281351926341786,0.0137649434305375,0.3038241178730863,LOW
497E4DE5E6241C9BD82F04ED105E0DAB,month_6_mean,0.14820147923968516,month_2_mean,0.06754758709254628,month_8_mean,0.04963041193581783,0,0.0839258360302506,0.0298475200518804,0.0677023412367395,LOW
758CEA3BF869CB5DA7AD0F7C290C9C0D,max_consumption,0.2607729074044704,month_2_mean,0.19004735791729316,month_5_mean,0.12560107830727807,0,0.4898029202429366,0.0424789249387653,0.3556057216516852,LOW
AD72F88C54D67B9C581B3998971C496C,month_4_mean,0.49920895675745813,max_consumption,0.4836101205196618,std_consumption,0.3550847565202642,0,0.4962994002675572,0.1845519076194046,0.4027751524731114,MEDIUM
F32C794F51B5E764874BD8934E4416A1,max_consumption,1.3121077756057273,std_consumption,0.9095420174851011,month_4_mean,0.6607960641975174,0,0.9535346408292672,0.8234923652041525,0.9145219581417324,HIGH
AE4E1218144426E4016A0A91331D4931,month_6_mean,0.2413034615845558,month_7_mean,0.2388853926948986,month_1_mean,0.15109956003276817,0,0.3507805685910683,0.0076676785663549,0.2478467015836543,LOW
A0B55619A6A60A6C98079EF29DC80BBE,min_consumption,0.4579607947410514,zero_rate,0.22643763860220908,first_half_mean,0.09960211669267363,0,0.1568501125906395,0.0289395418308152,0.1184769413626922,LOW
4CC9FBAA889EC628D7F8D894D5A6911B,month_6_mean,0.1617145901343374,min_consumption,0.13534731594709923,mean_consumption,0.10092337392651533,0,0.199254946975444,0.008400779217782,0.1419986966481454,LOW
FC4CE09C0EE2391F640DBA7CF6B8451B,missing_rate,0.40505282839378953,min_consumption,0.20634617487042559,month_7_mean,0.20061095580130184,0,0.4137350352519308,0.0324613010041636,0.2993529149776006,LOW
2D5E190F84863522E070922A4BED9EBF,missing_rate,0.18610263257645024,min_consumption,0.17603733683912481,month_6_mean,0.10660615432278031,0,0.3132415592994158,0.0369349594309465,0.2303495793388749,LOW
8C53E8B55CEBBBA88557024A06D94835,missing_rate,0.14978120751193783,month_3_mean,0.11307668133960244,month_7_mean,0.10794112220669892,0,0.1533062992110247,0.0428288680192859,0.120163069853503,LOW
7C57689D2FEDE5DF8B4C909546AA3A07,min_consumption,0.3989479643418244,zero_rate,0.21095439157653453,missing_rate,0.15426210621028705,0,0.2134981541149342,0.0400354016790532,0.1614593283841699,LOW
E0FA57E10AE7F9DF82650326BAF8B904,month_3_mean,0.10849716618070418,missing_rate,0.08514760726588659,month_11_mean,0.0795185064066459,0,0.2120634253853186,0.0306228424807917,0.1576312505139605,LOW
998EFE7F82A814EB3092287073BE181F,long_term_change,0.25770297215438126,month_6_mean,0.23013046493150072,month_7_mean,0.19141069712148126,0,0.544459781538548,0.0058486489950336,0.3828764417754937,LOW
122C6EE4B630EBEE48364814E68B691C,max_consumption,0.9295179784759616,std_consumption,0.38742661828812125,month_3_mean,0.38602860508694015,0,0.6704237661854091,0.4632839697208636,0.6082818272460455,MEDIUM
E99E215C3B294CE645F47B1623EC5696,missing_rate,0.36128993731499937,month_7_mean,0.18232831284971177,month_6_mean,0.13977309830266596,0,0.3534718271093775,0.022945440683385,0.2543139111815797,LOW
9BD4CB30A80E1BC0E44202B7EF00C111,missing_rate,0.5506859748312273,month_11_mean,0.07796728294692035,consumption_change,0.07401506944107664,0,0.2560598082935706,0.107924744950826,0.2116192892907472,LOW
C5FBB63E5E685B384E8B9E33E581DB6C,max_consumption,0.7731120798105585,month_10_mean,0.3949351267703852,std_consumption,0.35337035495670793,0,0.7100889912562812,0.1919488033264775,0.5546469348773401,MEDIUM
0FDCC0519007A5B2AC4805F6D8955C77,seasonal_std,0.12203756434834197,month_11_mean,0.08297101505869023,missing_rate,0.08160295814909907,0,0.1757670566004218,0.0192656025518652,0.1288166203858548,LOW
E09D6B653D5142466516DADDD0CD33F9,min_consumption,0.5129690357031703,zero_rate,0.11248759028345985,long_term_change,0.08019224897337618,0,0.1536694796726898,0.0355141856595428,0.1182228914687457,LOW
46373FEC00DA929D7A0F2DD7BDDE6820,min_consumption,0.21213928222010522,zero_rate,0.15127044126436867,month_7_mean,0.14183132089270928,0,0.3025564369106123,0.0406728096828909,0.2239913487422958,LOW
AA04C353BDC7B419517D32330D7DDFBD,min_consumption,0.4065676510065476,month_7_mean,0.17437361402210136,missing_rate,0.14601146127685286,0,0.2398024285502209,0.0356743120254687,0.1785639935927952,LOW
B92F85FA204582F793D9A23F8290D66E,max_consumption,0.5873197866198836,month_10_mean,0.37556268722179187,std_consumption,0.3314142785878986,0,0.6937875034114618,0.1382958524311986,0.5271400081173828,MEDIUM
8D867E76E15CB058E5DB19BEC852EF0E,min_consumption,0.1437389462071418,month_3_mean,0.09848584007090577,month_6_mean,0.09187414448407204,0,0.0902314004529807,0.0596421751672715,0.0810546328672679,LOW
BCDC399341EAF575FAC0650147732C6F,min_consumption,0.3292968349622937,consumption_change,0.2801396188886034,month_7_mean,0.25464887247970663,0,0.3993582187302824,0.0887682976005058,0.3061812423913494,LOW
CB535874774D91F675DCF3DEFB3380DF,consumption_change,0.3600154498305145,month_10_mean,0.3201335833323061,std_consumption,0.27873648187644084,0,0.2964901604499739,0.1032304157711179,0.2385122370463171,LOW
009E3A4E9045876FC3D293D1AED6D8F7,min_consumption,0.4655472080282375,long_term_change,0.18063029945683254,first_half_mean,0.1121651399864231,0,0.1281437001920619,0.0397608701397554,0.1016288511763699,LOW
9A6495A1CDEC45D2CCAC4353DBDF11CD,min_consumption,0.32123594604407135,month_6_mean,0.15915878840825218,long_term_change,0.15494472035491105,0,0.237010656193074,0.0307568864245999,0.1751345252625317,LOW
4AC9AC776F39C770D1AEEC3831B5AF16,max_consumption,0.81214754260856,month_4_mean,0.38620482833665104,std_consumption,0.3674801326461928,0,0.8194358763664613,0.2521732080777549,0.6492570758798494,MEDIUM
87A15323529787D95C0C795A6FD14388,month_7_mean,0.3329355168291097,month_3_mean,0.13960380948687495,month_6_mean,0.1095268045067083,0,0.2370531149403595,0.0268054509218166,0.1739788157347967,LOW
645FA0462FA3F8B61DFBC7A00FB7DC5D,min_consumption,0.3912362351531385,month_7_mean,0.22317539937579248,month_6_mean,0.16127897107574643,0,0.4288622250682613,0.0151084003623789,0.3047360776564966,LOW
185C9BCCF0D3542D17A0EC255D4A60E0,long_term_change,0.17672239773458912,month_10_mean,0.1621711198007458,seasonal_std,0.12154087596166364,0,0.4113723147939249,0.0127900588371635,0.2917976380068964,LOW
6144F0EBD83335F96E22C7EA25B5CE22,min_consumption,0.4099664755774825,long_term_change,0.16679523844479868,zero_rate,0.09828955372287158,0,0.1000843711473054,0.0302657651043401,0.0791387893344158,LOW
1E7F3F34D6CE698D009C9C2DC8CB2C0A,std_consumption,0.3019700106509863,max_consumption,0.27409334594875184,min_consumption,0.25150131741290543,0,0.2097681175465759,0.0496707850957222,0.1617389178113198,LOW
81DC9FBAAD8CEF5A3BE7284E2DC03E9E,month_10_mean,0.09675998919859641,max_consumption,0.05642657952783984,seasonal_std,0.05598022553824241,0,0.2470921246509088,0.04434066865014,0.1862666878506782,LOW
5AC7CBD1A2F658497FA21896C917A537,min_consumption,0.4444348288989969,month_6_mean,0.08298945003156652,first_half_mean,0.08073164206145785,0,0.1263714684258972,0.0392415174962889,0.1002324831470147,LOW
7A7A0740E1A610ECF8E51921EA8CC828,month_7_mean,0.15703307041087797,month_3_mean,0.1394122801781064,month_4_mean,0.10134798876904036,0,0.1922915195027063,0.0162630170355266,0.1394829687625524,LOW
44C69F7A4127115DF3FD0F757BE23BC1,max_consumption,0.6548551411614256,seasonal_std,0.07477412337409385,month_11_mean,0.04758758519016188,0,0.2276077440185697,0.0332337564487973,0.1692955477476379,LOW
7392EC42B6B01FEBAE8949269540BA68,max_consumption,0.34621833380580425,month_11_mean,0.13852946064279736,month_2_mean,0.12275023788380376,0,0.3832091627590062,0.0465573024714449,0.2822136046727378,LOW
C0155431A2EB7783C07A6D9F64DC2778,month_4_mean,0.3073718595338543,max_consumption,0.19953483837315397,long_term_change,0.19839279565549317,0,0.2280298673544207,0.144210434412474,0.2028840374718367,LOW
B9127DBCA40316EFB0F469B20886F409,max_consumption,1.506911097063122,std_consumption,0.6679685080021425,month_10_mean,0.5960954977297639,1,0.8768827198881204,0.7242744337275331,0.8311002340399442,HIGH
5F7DC7227399099F3C2449BA8D68D398,min_consumption,0.3345214560263706,max_consumption,0.271543866457499,long_term_change,0.13472982766090924,0,0.2226066203240195,0.0608058353504447,0.1740663848319471,LOW
3FCA3E1D7673BC3BAE83BEB05F383BDF,missing_rate,0.12696768408089715,min_consumption,0.12083029142629662,first_half_mean,0.10690764975433541,0,0.1338964736463096,0.0474869419241754,0.1079736141296694,LOW
5FD8FC13D46086DEFEB871BF532FE35B,consumption_change,0.664106000285997,month_11_mean,0.22410294889804983,max_consumption,0.1272305564036559,0,0.3606456391958519,0.0508321340067934,0.2677015876391344,LOW
0D9E6AFBC56A5F37F759CC02B1F447B8,max_consumption,1.2647374996922036,std_consumption,0.7803653102490723,month_3_mean,0.653756500235312,1,0.9656301076206246,0.843796171032666,0.9290799266442368,HIGH
D1B72DB1E67C9B1B0EC7A47A02B57016,min_consumption,0.471917746143288,zero_rate,0.23114392127324274,missing_rate,0.14623895950273144,0,0.409493553014078,0.0384805927797466,0.2981896649437786,LOW
AB7B87A85ABF014866E9C449C9700B6A,min_consumption,0.44828392902532266,zero_rate,0.2247096735172912,first_half_mean,0.09982392397576566,0,0.1442090520522031,0.0479117297331321,0.1153198553564818,LOW
AFD4D08FE0C01580D47D869FB42BF158,min_consumption,0.41032187363272304,month_7_mean,0.2040660909200787,long_term_change,0.1598280289686775,0,0.4716576626334633,0.0393810196498941,0.3419746697383925,LOW
54893A6FA397939009C85CC3B7701FF3,min_consumption,0.2561527690611326,month_6_mean,0.17794147440994013,month_7_mean,0.17091982867283972,0,0.424666632940442,0.0297719877585216,0.3061982393858659,LOW
97E81B1C8735A7F43250B85BED1F9ACC,month_6_mean,0.20971166115523762,month_11_mean,0.06235256563640226,seasonal_std,0.051417282954800574,0,0.1922403928476934,0.0077019276255767,0.1368788532810584,LOW
F4F03D0D47FBEDC225708FE83979EA4C,month_6_mean,0.1744190495826795,month_7_mean,0.11838593970112993,month_1_mean,0.11186715701060634,0,0.2912781406555948,0.0064022094613896,0.2058153612973332,LOW
669BC8D706884E387D445AC5D58F92B1,first_half_mean,0.10762641457841732,month_6_mean,0.08567249358334403,month_4_mean,0.02574412538358079,0,0.0349494915354562,0.0294752820590409,0.0333072286925316,LOW
1A72ADCBCCD8CE49FB38480713E9DCE7,month_2_mean,0.20310375579544204,max_consumption,0.1747865238420283,missing_rate,0.11196420263510105,0,0.4068417800584677,0.0278238823913871,0.2931364107583435,LOW
997642E6C45856C0701F19C4810FFBD9,min_consumption,0.4012996712689096,zero_rate,0.2147415492088119,missing_rate,0.09819091783849665,0,0.2134981541149342,0.0383220341827077,0.1609453181352662,LOW
52003CA0F50E66A026C2F71AF8DACC79,month_6_mean,0.1934751633961468,month_7_mean,0.18677346218409946,min_consumption,0.11132558582971915,0,0.275201853243929,0.0268173779050524,0.200686510642266,LOW
2B9F48BCCB88D66F4BACE25F04ED0923,month_2_mean,0.26976963066367,month_5_mean,0.1349185521181958,month_10_mean,0.11289958600386833,0,0.2381177330313151,0.0268833904031293,0.1747474302428594,LOW
970BFB3E7DFC71BB50C57664EA386632,min_consumption,0.4579607947410514,zero_rate,0.22643763860220908,first_half_mean,0.09960211669267363,0,0.1568501125906395,0.0289395418308152,0.1184769413626922,LOW
D9A1525BFF4596756C0E9A28AF2DBD98,month_4_mean,0.3649992815779154,month_10_mean,0.22504054389292785,month_2_mean,0.2247980221559106,0,0.4770455210849508,0.1105526865033009,0.3670976707104558,LOW
AEB1752FB64EF6237601B7442E1D802F,month_10_mean,0.43681247736824863,max_consumption,0.2715797018646899,missing_rate,0.13936160624359797,0,0.4638338937861375,0.0279838668045006,0.3330788856916464,LOW
00AE41DAAD8BD46BD6CE5C67BB1270D6,month_5_mean,0.16295098093110807,seasonal_std,0.0746468730371172,recent_mean,0.04911204971542088,0,0.100772119475796,0.0233463101545464,0.0775443766794212,LOW
7BBBCE0AC8E608F8474EE61413327B1F,max_consumption,0.3523001267549076,consumption_change,0.21382033037452436,month_6_mean,0.17877536356550153,0,0.2964563394349767,0.030739049000298,0.216741152304573,LOW
9C67344DF689E87BDFD30782358F0A89,missing_rate,0.3020474834842844,month_7_mean,0.16914102462539096,month_6_mean,0.07822642330187289,0,0.3591094376826633,0.0387687406873564,0.2630072285840713,LOW
C463AEE7D2D35C201AFC427C47D2A7AB,min_consumption,0.487958590457237,zero_rate,0.20098272680925033,month_7_mean,0.10471689074573202,0,0.1552747154692176,0.0267899590348768,0.1167292885389154,LOW
9D3DD670976CC8DE753B647E70DFB2F9,std_consumption,0.49230866119617256,max_consumption,0.383399956258279,missing_rate,0.3178254090009007,0,0.5685000569999369,0.0958098013975484,0.4266929803192203,MEDIUM
AD4C86D5A7339447B9009DF1ED85D390,consumption_change,0.5199754933100701,min_consumption,0.41599919157111437,zero_rate,0.19134358119493558,1,0.6685240654113269,0.1865970859707665,0.5239459715791588,MEDIUM
E9FCEE112E8FDB1E0130A9B524F724EC,month_6_mean,0.13954158203654385,month_7_mean,0.1210835896762838,month_8_mean,0.07733246978816807,0,0.0705539399319095,0.0214736883211766,0.0558298644486897,LOW
12DBE3FCF0A16F77E9A2142260C8C5B9,month_10_mean,0.07738601155494962,month_11_mean,0.04827140082496395,month_8_mean,0.04409608401631462,0,0.1601472607439759,0.0186522238299746,0.1176987496697755,LOW
AA1A13CEE59B46020496AEA1DF676AE2,median_consumption,0.05107696305907947,month_11_mean,0.049522623038517004,month_2_mean,0.04424360981888186,0,0.1195053124570277,0.0215896578246964,0.0901306160673283,LOW
B879E97EB71C5730A8F609424C0734B0,max_consumption,0.47191522673907893,month_4_mean,0.3116273568457611,month_10_mean,0.25358229312245606,0,0.5369094385962391,0.0935340550892892,0.403896823544154,MEDIUM
41740F644C3531D5A9B8E27AA310636D,missing_rate,0.12313951070643402,month_11_mean,0.1060882307134559,month_6_mean,0.09112193381384637,0,0.0916959671917118,0.0537706712992563,0.0803183784239752,LOW
FE643B1A56686FE29C5D492A7DCC3D27,min_consumption,0.4047934668786377,long_term_change,0.24028566269291055,first_half_mean,0.17897004166604744,1,0.4068736918106332,0.0512238453791394,0.300178737881185,LOW
38663D8D847562041186378BBBB4F4B4,month_3_mean,0.12409414280218113,month_6_mean,0.11504810446130108,month_11_mean,0.06356336307411803,0,0.1967603412925313,0.0195504864697608,0.1435973848457001,LOW
AF883D83F0670C670FBA7127BF73151D,max_consumption,0.4746560876256566,month_10_mean,0.43142124812609955,seasonal_std,0.10814970348615903,0,0.5675463248019424,0.0398818709242455,0.4092469886386333,MEDIUM
5B27B06DBF49F5EF33C8C0333C60399F,min_consumption,0.3862654094907362,zero_rate,0.11656031520673527,month_11_mean,0.09727895009846678,0,0.0633235733233694,0.0466713456471368,0.0583279050204996,LOW
BA2FF44C87CBB46B4D31FCA0D49A59F9,max_consumption,0.5830576231207429,std_consumption,0.34990952589533947,month_5_mean,0.19179735513047003,0,0.2659216808078284,0.0892584518149625,0.2129227121099686,LOW
1E38624BBF59B5CDB26EC931F5FA93B6,max_consumption,0.5917620008326001,std_consumption,0.3070111254210485,month_4_mean,0.2893125689456295,0,0.478330634871501,0.1225269698207542,0.371589535356277,LOW
FAC1E6815C481B9ECE4A3367BEA3D859,month_7_mean,0.1697579939255075,month_6_mean,0.12023746755734369,month_8_mean,0.0729146737069206,0,0.1232310045506485,0.0231751052918001,0.093214234772994,LOW
6839F20AEF17EC598481AC1D91A28141,month_7_mean,0.3433772988056457,missing_rate,0.20784921454681285,month_6_mean,0.14012444244799646,0,0.5162460595086864,0.027474069583433,0.3696144625311103,LOW
59C05F98591BFEB79B9BBB6AE303CA55,max_consumption,0.39678950149342834,std_consumption,0.2598315464186459,month_6_mean,0.1704006304304599,0,0.330949074297254,0.0394651626463232,0.2435039008019747,LOW
37367216B51FBC4766FA2F61D987560D,std_consumption,0.3026667465249687,max_consumption,0.2988485944966441,month_2_mean,0.1466605720509145,0,0.3928843171032334,0.0381822400884461,0.2864736939987972,LOW
F9348AF6118AA6976C444F95B3CE4E1F,max_consumption,0.39233830244122536,std_consumption,0.3603851174442544,month_3_mean,0.27050315360610716,0,0.5439265119923189,0.1040465536911511,0.4119625245019685,MEDIUM
DED883185183C95F7D78C419EBF763A3,min_consumption,0.22820390548141528,month_6_mean,0.21303469623057028,consumption_change,0.1669283135857962,0,0.1837188876852196,0.0828036668259433,0.1534443214274367,LOW
02B8C9439A6B604BB5FAD0F8F1AB2283,month_3_mean,0.22673428975485294,month_7_mean,0.12801794209752027,max_consumption,0.11170180550301709,0,0.2505662891578794,0.0032210220420197,0.1763627090231214,LOW
1CEC4AA134CEAEB05E0E1DE510AD1047,month_7_mean,0.20619489760014373,month_6_mean,0.15353010970221262,month_1_mean,0.10222145979650477,0,0.2897843773968507,0.050568428992778,0.2180195928756289,LOW
CC519893AB85B11B320FEB9E40279472,min_consumption,0.5006727822921835,consumption_change,0.33494189066729435,month_7_mean,0.2470169706600179,0,0.4030076011900801,0.0381820084485152,0.2935599233676107,LOW
D9E082ACD2338DAF579192D52E3B3773,max_consumption,0.651770996011296,std_consumption,0.32630156097962876,month_9_mean,0.20264097964775923,1,0.7876810363206986,0.2012499784685153,0.6117517189650437,MEDIUM
595025579DD9BBF822DA7385FD25069D,max_consumption,0.596639677872617,month_4_mean,0.44008570776538464,std_consumption,0.33831710743577187,1,0.7419146984852166,0.184457658187874,0.5746775863960137,MEDIUM
0743C18D34C7FD5AA732E9E82EF9EDF6,min_consumption,0.4381615165479066,month_11_mean,0.09997238720721804,first_half_mean,0.08658222435414638,0,0.2115113409686236,0.0508009477457359,0.1632982230017573,LOW
37C8BF924952970B9B037798EE31C4F4,month_7_mean,0.2753316069839371,min_consumption,0.13131072874105573,long_term_change,0.1293792621946154,0,0.4638549758077259,0.0220239908814247,0.3313056803298356,LOW
1A064E3B7C2130EFB262D6C5415E9567,max_consumption,0.46409835598064375,std_consumption,0.33229724486619117,seasonal_std,0.08741340820726883,0,0.2400438523979333,0.0674713620009423,0.1882721052788361,LOW
42CE88B810E7AD4221A2927F056EC7E9,month_3_mean,0.23153500320275863,month_11_mean,0.08061509851802932,missing_rate,0.0700520741071553,0,0.1029273910810028,0.033743452241152,0.0821722094290476,LOW
C9DC6152643BDE109EDBF5F23F5AC604,missing_rate,0.11861220775685341,month_11_mean,0.10716541600704937,month_6_mean,0.10511240623170871,0,0.1273824017484044,0.0403051227623113,0.1012592180525765,LOW
E9858CED45CA4EB3BB7354FE922E9FB1,max_consumption,0.5010464529201478,month_10_mean,0.34381941432260765,std_consumption,0.2730319665322584,0,0.6627626360602972,0.0928906222929331,0.4918010319300879,MEDIUM
5B486F1DF34237E54804ECE1CC944778,std_consumption,0.3719930848069554,zero_rate,0.36243840521045034,min_consumption,0.34685704388199473,0,0.5299133373691114,0.0887435141039418,0.3975623903895605,LOW
1E1C965620C5D8CA789A8D61562F92FA,month_10_mean,0.13252333394453275,missing_rate,0.11700096578337789,max_consumption,0.10743706621285583,0,0.2618286754211799,0.0323649148348843,0.1929895472452912,LOW
B837EA5B5C4D61E2D6BA32B8F21B1747,max_consumption,0.42122637703282506,std_consumption,0.35692337348167613,month_10_mean,0.3174654136392003,0,0.4945791398259336,0.0797059539418129,0.3701171840606974,LOW
B7183D9E2FE07C48DE72050F6AA71CE3,max_consumption,1.1315832274688333,month_3_mean,0.38687430234556774,month_10_mean,0.36918677091707697,0,0.6400270737545642,0.3972037063846447,0.5671800635435883,MEDIUM
A2081EC79C680BC29F083B591966F4EA,month_5_mean,0.26726763674591314,month_11_mean,0.10733042726270686,max_consumption,0.10560522113892368,0,0.377490690833985,0.0297497851123472,0.2731684191174937,LOW
BD22AFCAB6D66897309381D8DA7C4FDA,month_7_mean,0.1980122142568335,month_6_mean,0.18658480084744128,missing_rate,0.18397402827370463,1,0.658153218656401,0.0213060117873466,0.4670990565956846,MEDIUM
BB9C5A9581DF352684E83630FAE4E130,missing_rate,0.2886389900152237,std_consumption,0.19350557005475405,month_10_mean,0.1305912165142138,0,0.40533621901607,0.141389519302364,0.3261522091019581,LOW
BB48691E65057CCFBFC9E1B0352495E8,missing_rate,0.6249516402935574,min_consumption,0.30928584837781725,first_half_mean,0.12261469401380133,0,0.170334528820449,0.1837369938845534,0.1743552683396803,LOW
4015958BF08A401A7627DD0B29320DA0,std_consumption,0.3209952708009077,max_consumption,0.20487400623026808,seasonal_std,0.09547206756933091,0,0.2507038868888301,0.034563567942521,0.1858617912049374,LOW
A87D17DE90DA14049F54A9400B6D2E1B,min_consumption,0.4595080715474745,max_consumption,0.20277875179482452,long_term_change,0.1108800335115983,0,0.1296592153351278,0.0380873834360173,0.1021876657653946,LOW
D765D0F3CB51584399D7EC2F0D321713,first_half_mean,0.20724188892649245,missing_rate,0.13112775251829134,month_11_mean,0.11749737358012544,0,0.0582488117927606,0.0506954923235834,0.0559828159520074,LOW
97174D44DA1313EB768AB23FD0D6BDB9,min_consumption,0.4579607947410514,zero_rate,0.22643763860220908,first_half_mean,0.09960211669267363,0,0.1568501125906395,0.0289395418308152,0.1184769413626922,LOW
27DC144C7EC644AB528CE0E650C2ED1D,zero_rate,0.25459647420788944,month_6_mean,0.20164809361571354,min_consumption,0.1914678254636049,0,0.3061317057430979,0.0574061195491364,0.2315140298849094,LOW
B1413009429A65313B7D193C1062D0CC,month_6_mean,0.13180986054219154,month_7_mean,0.11572653625135654,month_3_mean,0.07658532530829872,0,0.1035989584579335,0.0234325242942713,0.0795490282088348,LOW
DCC6CCCB9913ECD2DC3862ADF69399C2,max_consumption,0.2391539580804657,std_consumption,0.23863452033077112,month_2_mean,0.11342757820081288,0,0.4589912781279284,0.0806699546106306,0.345494881072739,LOW
75475C4D3684AB15F0A434DF1A7B90FD,max_consumption,0.34737034463958755,std_consumption,0.2741864997560923,month_11_mean,0.0941147531348865,0,0.3960382349978986,0.0620497986711226,0.2958417040998658,LOW
CAAF9B4FE0B330A158E751024270379D,month_7_mean,0.12628466228455146,missing_rate,0.12562036940773488,first_half_mean,0.11079909819965411,0,0.1108649180560374,0.0435169393729043,0.0906605244510974,LOW
D846AAD8E9E1EB1E9A085AD75B6DFC35,min_consumption,0.5180215517638732,max_consumption,0.3099583305038492,std_consumption,0.27377057787348613,1,0.5642232582933407,0.0881274475531061,0.4213945150712703,MEDIUM
822E9353571AF9A3B084A504E554CA17,min_consumption,0.44789978532410485,month_7_mean,0.25068926565434013,zero_rate,0.09212656283848242,0,0.237543838343444,0.0094855831401578,0.1691263617824581,LOW
18A98C4E0F8B6EBABF26A6E55F1472D9,min_consumption,0.25123597468237513,month_6_mean,0.2405866971597805,max_consumption,0.2239040564447883,0,0.5371461286491316,0.0172248423263646,0.3811697427523015,LOW
722BEA120FF0B1F6C7B1BB70FCEC8B30,missing_rate,0.1763661960689701,month_6_mean,0.15800529645750477,month_7_mean,0.118091818265819,0,0.4108662798339529,0.1299655507551457,0.3265960611103107,LOW
ECB052F255F4B31B0A2A2205D98EED12,month_6_mean,0.22210666067209617,max_consumption,0.18889145897844367,long_term_change,0.12362224760796756,0,0.3407748723433747,0.0189272436306364,0.2442205837295532,LOW
47580565CF7BC6ED5A0954A626D5C9A5,max_consumption,1.5162833329592242,month_3_mean,0.5916870220613359,std_consumption,0.5685239360055786,0,0.803250852666382,0.7522710129936391,0.787956900764559,HIGH
7F85FE3BFA8924C317CB518CDE41D4E9,max_consumption,0.36018962946193755,month_10_mean,0.29952731369778635,missing_rate,0.1940154399416661,0,0.5454049619814314,0.0461488308010473,0.3956281226273161,LOW
450407C16B3F411B079FDA412D04AE83,min_consumption,0.4579607947410514,zero_rate,0.22643763860220908,first_half_mean,0.09960211669267363,0,0.1568501125906395,0.0289395418308152,0.1184769413626922,LOW
7A14974495E320074EC85DE9C2D59527,month_7_mean,0.2592056730154728,min_consumption,0.25756884750429254,month_10_mean,0.25395125565621846,0,0.4479195727249527,0.0093711227226766,0.3163550377242699,LOW
B9BE0E1CDA1DF8834FB748EC0D4F3250,max_consumption,0.5166765061521219,missing_rate,0.42170315101208605,std_consumption,0.4157242098305589,0,0.7411105670267383,0.077757817834189,0.5421047422689734,MEDIUM
10A06BAA48376D938EEB24D00684A71C,month_7_mean,0.20529628557350532,missing_rate,0.20343614249493094,month_6_mean,0.19930754311440774,0,0.5499614587950479,0.0209125791068797,0.3912467948885974,LOW
A650027288D3BEE16A989C35AE5598CD,month_7_mean,0.2088499689454345,month_6_mean,0.1433084916003152,min_consumption,0.12479859296352953,0,0.1357980363498124,0.0387253078093242,0.1066762177876659,LOW
7F05421B67E5CD241FDC6BDBF88C1775,min_consumption,0.41269993259039855,month_11_mean,0.11849680858158392,month_7_mean,0.09555962818252531,0,0.11654136793616,0.1570672113562218,0.1286991209621785,LOW
202E01225CBC67C8D0146B7140EDABAF,min_consumption,0.48872085033229457,month_6_mean,0.09040288629022349,first_half_mean,0.08038004650896342,0,0.1324722141830145,0.0325340493480795,0.102490764732534,LOW
382BC954BE17E8265BADF5B370A3A76F,first_half_mean,0.13821264931505078,month_7_mean,0.1063456439972918,month_6_mean,0.0916513860111597,0,0.0306897914234971,0.04656789372209,0.0354532221130749,LOW
34D1B6078AF594EBF70F6E4D56E92C01,missing_rate,0.45964292640577337,min_consumption,0.3914579273495468,zero_rate,0.19467178087742157,0,0.2089306817991058,0.0457591908673104,0.1599792345195672,LOW
50B457311A73E28015947BCA0CDDFF97,month_10_mean,0.542457128528381,consumption_change,0.47912646361930966,max_consumption,0.44109994753286175,0,0.7298844760309118,0.0658231248135576,0.5306660706657055,MEDIUM
02B0DF200E6FCFE0B77AC456D5639F27,max_consumption,0.28533843866672054,month_2_mean,0.23652508392621005,month_11_mean,0.06406361622396087,0,0.3664583150999635,0.0198487622566968,0.2624754492469835,LOW
65A1C7610CA46525802D20BE356AFC7A,month_10_mean,0.2302569770375467,missing_rate,0.14152454916045293,max_consumption,0.12073218794965215,0,0.3930263913306688,0.0372445082061444,0.2862918263933114,LOW
6BEC98F9F8FDFB6D76AD25860DADD832,max_consumption,0.2993007851792237,min_consumption,0.19522810012691352,month_7_mean,0.15823657633622035,0,0.5107192851764409,0.0156262222698498,0.3621913663044636,LOW
FD5B82C3A50D536E1FBE8BCF0857C5AC,first_half_mean,0.14866730408823567,min_consumption,0.12712740185809668,month_3_mean,0.09228684062973927,0,0.1013805559602438,0.0298821290884329,0.0799310278987005,LOW
EE6536E2E04B4C4385628748EA68D94F,max_consumption,0.5658793031235144,month_10_mean,0.3848864630546793,std_consumption,0.3083689031976172,0,0.5943989760808711,0.1192949787812535,0.4518677768909858,MEDIUM
A71C4F7C963B4901CAC719364C82F113,missing_rate,0.1277219147998619,consumption_change,0.10807827391058801,month_9_mean,0.07596165770745823,0,0.261208394605264,0.0368447624805988,0.1938993049678644,LOW
588AC4CE39A09E67BCCE005DBAB432B1,consumption_change,0.43577271164309467,min_consumption,0.41473531710249756,month_10_mean,0.2381973224658342,1,0.7320542678825026,0.0568801451759273,0.5295020310705301,MEDIUM
9E3BDB09AD8F3DB2B00ABC7E8AE4073D,max_consumption,0.2837623176342158,long_term_change,0.15137056194878665,month_6_mean,0.1485310108851357,0,0.5308244122819019,0.0358096094840775,0.3823199714425546,LOW
50F6BBA3B4055A63CF616C20FDA35B34,min_consumption,0.4012996712689096,zero_rate,0.2147415492088119,missing_rate,0.09819091783849665,0,0.2134981541149342,0.0383220341827077,0.1609453181352662,LOW
E6AC9272D676566B578AF1B9F7C48B6B,month_7_mean,0.23314457837361463,min_consumption,0.22838204763794048,month_6_mean,0.18829473223356563,0,0.3313858338353251,0.0162804475191899,0.2368542179404845,LOW
D01803C1D79CB5357C7539F3C3947B55,month_5_mean,0.1443285169165449,month_10_mean,0.13326012324609873,month_11_mean,0.07877781411902272,0,0.1562159330497034,0.0107558436597955,0.112577906232731,LOW
7C876FDD50FE2CA1CB6FFE5FE20EA27C,month_7_mean,0.19148211403957416,consumption_change,0.16808694547850017,month_6_mean,0.1283960063449142,0,0.2610373237332042,0.0251712223245041,0.1902774933105942,LOW
118EBDAC28DAC1925D15DEDEEE44071C,min_consumption,0.3430231451561622,zero_rate,0.1878078728725041,long_term_change,0.12283856838601531,0,0.3428574819690756,0.0416103725885928,0.2524833491549307,LOW
D1CC77AA4C32290124D09DCCE925844E,month_11_mean,0.08375760609953538,long_term_change,0.054434632145287355,first_half_mean,0.03593433172275929,0,0.1160380838685204,0.0094598768736687,0.0840646217700649,LOW
9BE3B8C5A1129921589C93C54FA8C45B,max_consumption,0.2526005238638833,month_2_mean,0.18725854656671637,month_5_mean,0.1637086673969644,0,0.4788047908591008,0.0439853106264875,0.3483589467893168,LOW
55CBE326A8176D20AA2781F22908B2B4,month_10_mean,0.27982224133937145,missing_rate,0.10892808379427373,month_3_mean,0.07697399636077731,0,0.2585821406780006,0.0476032954985587,0.195288487124168,LOW
F315FC6AE33946126FDBE99235348EE3,missing_rate,0.15189555106423552,month_7_mean,0.14016026070450135,month_6_mean,0.13746743161781816,0,0.3115470415149837,0.0250658537460606,0.2256026851843067,LOW
41B2D5ECD1A4D4B87C6A3ECC67E716C4,max_consumption,0.7777968430564437,std_consumption,0.4226490879611819,month_4_mean,0.3262584578797197,0,0.7121324013996349,0.1862556782217737,0.5543693844462765,MEDIUM
5E3C0A622D769E3D45289DC3463AFFA4,min_consumption,0.43588211562013796,long_term_change,0.16468559705263977,zero_rate,0.14604577782669742,0,0.2313260178482456,0.0327648033787592,0.1717576535073997,LOW
C7B47C3F5B8794405576545E795EA552,min_consumption,0.4775446635055755,zero_rate,0.17232887562825414,consumption_change,0.1610242665797472,0,0.3177916037662682,0.0324874557667686,0.2322003593664183,LOW
FCF06C20D86782DD8F4CDBD6ED63E756,consumption_change,0.6297788980195698,month_10_mean,0.336728962272378,missing_rate,0.19963467143534128,0,0.4596398807659499,0.0584787716652969,0.339291548035754,LOW
D933437C872C34FD93BACC3840231DCF,month_2_mean,0.18432873035169078,min_consumption,0.16261337136372658,max_consumption,0.12211009298364958,0,0.3728618245851622,0.0577814945596252,0.2783377255775011,LOW
D88FE7DB0B60D4E629F4C7DC7D90AC44,min_consumption,0.4012996712689096,zero_rate,0.2147415492088119,missing_rate,0.09819091783849665,0,0.2134981541149342,0.0383220341827077,0.1609453181352662,LOW
B2379A4AECF5E65E66AD67879018B5B8,min_consumption,0.1914977888526944,max_consumption,0.1844225735244458,month_10_mean,0.11725386674216481,0,0.3545373161915528,0.0385862929003138,0.259752009204181,LOW
E399613D79D22272B24173017D23F6BA,missing_rate,0.80395288318962,month_6_mean,0.42849260090783853,month_3_mean,0.13844277320761905,0,0.3504397038113729,0.3880162662989541,0.3617126725576472,LOW
F0B61BFBD25D31FE926EDC2FD36E853D,max_consumption,1.0927989113802885,std_consumption,0.4451267407602697,month_3_mean,0.3969899558485425,0,0.92668139444787,0.4361805847416468,0.779531151536003,HIGH
4B2418B921C3E5523D6C3152DC787AC5,min_consumption,0.3979180246887736,month_7_mean,0.17432470462456395,month_11_mean,0.09496414276633225,0,0.1380678461105601,0.0478436455413036,0.1110005859397832,LOW
D5DB83997C00DEE90FA8D2E1A3722756,missing_rate,0.8793328069123959,month_7_mean,0.23032057631010477,month_6_mean,0.09478945407697964,0,0.3562564153682204,0.1820221823187743,0.3039861454533865,LOW
76CAC60A532EF6E1D5C0BC4A9BE291F1,max_consumption,0.6260989823282999,missing_rate,0.5193459215277957,std_consumption,0.47501566840897497,1,0.7424757149142376,0.0984066719076615,0.5492550020122647,MEDIUM
1F3668D0BFD844346F311766F9FE4235,max_consumption,1.2601610060228883,std_consumption,0.8172659250514337,month_4_mean,0.6251212946378814,1,0.954632890357676,0.7329713851199682,0.8881344387863637,HIGH
F13A204F98CAFD6F12F3CC57397416AC,min_consumption,0.4012996712689096,zero_rate,0.2147415492088119,missing_rate,0.09819091783849665,0,0.2134981541149342,0.0383220341827077,0.1609453181352662,LOW
384B6985C3AB50C5FC7E278DF5AB61D3,min_consumption,0.45964571361967727,zero_rate,0.0974662026821889,long_term_change,0.08229474372293066,0,0.0657357380612467,0.0326233642548279,0.0558020259193211,LOW
DE1E018C53E165D342881148EC2A15A6,missing_rate,1.1796851508893282,min_consumption,0.36474767162357014,consumption_change,0.16779726327058145,1,0.6696177133668262,0.100213629641655,0.4987964882492748,MEDIUM
99C086CA5C724D0EA88AE37C2C308907,month_7_mean,0.22376573632762725,missing_rate,0.1509268650994328,month_6_mean,0.14173716950186419,0,0.405369394911178,0.0270939056337332,0.2918867481279446,LOW
D6FBB504E7CA29D08D881E7DB8613D0D,min_consumption,0.4012996712689096,zero_rate,0.2147415492088119,missing_rate,0.09819091783849665,0,0.2134981541149342,0.0383220341827077,0.1609453181352662,LOW
2340D8F02A85E6080C30AFD1830F7908,min_consumption,0.48831533147395734,long_term_change,0.07322354225645433,zero_rate,0.068667090417332,0,0.1796402491551303,0.0311438490723367,0.1350913291302922,LOW
995E50E2C3F16DCB16C774F90E1A5B5D,max_consumption,0.44840807075922384,std_consumption,0.2837721115282614,consumption_change,0.15451423326032485,0,0.3730587888619369,0.1180702854803634,0.2965622378474648,LOW
C3EECAE77962F45B4E50A44C1803EEDA,min_consumption,0.4549613712802845,month_6_mean,0.15973021600237258,zero_rate,0.10686041343539533,0,0.2108891654866358,0.1674229211055842,0.1978492921723203,LOW
38BED9D6B1E94DF22D17D98E4DA7B525,max_consumption,0.4058892302676266,std_consumption,0.35407262043023663,consumption_change,0.20752923109770824,0,0.3090230434019406,0.0678775058124699,0.2366793821250994,LOW
28B70C5E4CB35CA4461E38700A10D8ED,month_6_mean,0.16898891746939243,month_7_mean,0.13707157278840978,month_11_mean,0.06687924828153438,0,0.2407368108818815,0.0230869444632651,0.1754418509562966,LOW
9B6D3610226FA5D1C00B15143A036831,month_7_mean,0.2471062875463633,month_6_mean,0.1643820687489526,min_consumption,0.13022829321063814,0,0.3929611242552228,0.0305612076737759,0.2842411492807887,LOW
5BDE0FD5300196C89FCCF0012C4E45C3,month_7_mean,0.21842614378313666,min_consumption,0.21589048798010424,long_term_change,0.11868740866856049,0,0.2486539670085425,0.0176316290068255,0.1793472656080273,LOW
0ADC891F79C0F4DC6DFE81A20D9DA467,month_6_mean,0.10537917122011321,month_3_mean,0.10100976227170988,month_10_mean,0.07076894510107541,1,0.2363191400435942,0.0305303859157823,0.1745825138052507,LOW
79BF5E984144E2C46EFD7B623E8EA79D,consumption_change,0.46712629274577,month_10_mean,0.3141156060754118,min_consumption,0.2338649183038587,0,0.5050286400237635,0.0616363990257291,0.3720109677243531,LOW
DDAB02A9BD7ABFDF59076C5D2368DE9F,max_consumption,0.5629512845239921,std_consumption,0.34235698828755484,month_10_mean,0.29271790456604174,0,0.3539147121471594,0.0635069936841753,0.2667923966082641,LOW
1E86723B2746B93638244FEB2E6A1C0A,max_consumption,0.265023903908731,month_2_mean,0.1994925252046731,month_11_mean,0.12382096427526047,0,0.4754823854610615,0.0274976879993093,0.3410869762225358,LOW
637D1EE823A12F61B0FD29F25235966A,max_consumption,0.31551598983408335,long_term_change,0.12301472175134827,month_9_mean,0.11802469389617455,0,0.4174694853356896,0.0327631930153732,0.3020575976395946,LOW
B7CB5945DB23DCFD9F3104278F847BDB,min_consumption,0.4026862677311173,zero_rate,0.15293285140619686,long_term_change,0.12165134146351607,0,0.14558404550831,0.0490446770353307,0.1166222349664162,LOW
B01D55E0505DB2D71D37A5E9DFF85BC8,min_consumption,0.2704122068907501,month_7_mean,0.2629728312712752,month_6_mean,0.2054702377253709,0,0.4251762617547011,0.0443304017721533,0.3109225037599367,LOW
8AB4667D692676FCD649F9B4B339FE0A,missing_rate,0.4613631080387447,month_6_mean,0.38711638662842995,month_10_mean,0.38240170312607935,1,0.8635126661113369,0.1245798660187177,0.6418328260835511,MEDIUM
1A761A5B988A534EEAD38A6A8D44F895,max_consumption,0.46346417355515884,month_4_mean,0.4298904561980808,month_2_mean,0.3415057721567077,1,0.7201046019097921,0.1028241800720426,0.5349204753584672,MEDIUM
D07612104D8CBD0A9FC70A81706D321D,month_10_mean,0.22959517539989757,month_2_mean,0.1767337185529882,max_consumption,0.14669319373137302,0,0.4935791553604698,0.0481850636714222,0.3599609278537555,LOW
98DDCE48F7B73424A588324F2CE6FEF4,min_consumption,0.39498490567987693,zero_rate,0.1936838980891953,month_11_mean,0.0894380996262005,0,0.1468289243716527,0.0457591908673104,0.11650800432035,LOW
6AC2493D0C99FDAB83105E72C50513E3,max_consumption,1.5000276504873562,month_3_mean,0.6501105910639815,std_consumption,0.5690459279161295,0,0.8145246073115069,0.6863177621159634,0.7760625537528437,HIGH
3537C53F727C31B68EC9875DFB05AC68,consumption_change,0.4070630587504781,min_consumption,0.4005255677499514,zero_rate,0.19035864956903634,0,0.2011876405965534,0.4896342762635452,0.2877216312966509,LOW
7C24E1975382BED98486ADFEED994D62,max_consumption,0.22036455394866214,month_2_mean,0.2161987044182408,month_4_mean,0.21330666114014077,0,0.3873072806331722,0.0582676755120847,0.2885953990968459,LOW
1B6B79A9D180C1BB1A28E4592CE72A9F,max_consumption,0.5758068540131995,min_consumption,0.43609823827680594,zero_rate,0.3045845224460611,0,0.5246391254350484,0.6752407107638292,0.5698196010336827,MEDIUM
F1DE8F5303911EF8E23288AACE65412A,std_consumption,0.3235084009337957,min_consumption,0.2058963820254987,month_7_mean,0.12979000451455946,0,0.4929929734907936,0.0513378145123617,0.360496425797264,LOW
8E350A79695610EBDB03D556B58E8B4E,min_consumption,0.4991382066314474,month_7_mean,0.12507463289432572,zero_rate,0.08349834805867161,0,0.2029722094462288,0.0369286915409574,0.1531591540746473,LOW
6D4BB2B72A6EF558D54DC4D8EB7B64AF,max_consumption,0.6680099828115904,missing_rate,0.4372373629515464,std_consumption,0.3587551944734651,0,0.6868169736934611,0.3525619593526255,0.5865404693912104,MEDIUM
2FB54C03BC8ACE9E2FF27CFC9C3C4D23,month_7_mean,0.15609458922832692,month_6_mean,0.14592255034498536,month_3_mean,0.07305488581268374,0,0.1799233063594043,0.0144942716529461,0.1302945959474668,LOW
7B8D486FE136A066627114EC49FAD88E,month_6_mean,0.13911233085303193,month_1_mean,0.08762700925625981,month_3_mean,0.0820084031688618,0,0.180932144842518,0.0115113846038809,0.1301059167709269,LOW
59C16BFC5662CC1828B95A2CC572CD76,max_consumption,0.7623015105504415,zero_rate,0.47074667952096255,std_consumption,0.42358711675689675,1,0.8462814637906791,0.0803770164265214,0.6165101295814318,MEDIUM
75EDF68B676BB7ACC679A4537B50F177,max_consumption,0.42500886112452835,consumption_change,0.3889138920524826,std_consumption,0.2686861008642049,0,0.5272139640735224,0.2404259494534369,0.4411775596874967,MEDIUM
994428A823F45E2619C514E37DEFE8FC,month_6_mean,0.18301474103940205,month_7_mean,0.17668710892083486,max_consumption,0.17253469119004847,0,0.570057337026949,0.0110136968022925,0.4023442449595521,MEDIUM
7770BF012FEE9E6232FA82F2126CE555,min_consumption,0.41026505527664875,missing_rate,0.09946230506191416,long_term_change,0.09610342404798644,0,0.2845832190271062,0.0392701007160386,0.210989283533786,LOW
26DA200D4A887F6AA5B94F5682001428,month_3_mean,0.18059572337474858,month_7_mean,0.16411635801107877,seasonal_std,0.13154651712603763,1,0.348176443481435,0.0154349962661695,0.2483540093168553,LOW
4B7AB5A953C2F60509ECD4F7404306E5,min_consumption,0.20304192865700363,missing_rate,0.1529450468511876,month_7_mean,0.13002605754635943,0,0.2050131952712423,0.0392660465542139,0.1552890506561338,LOW
F19520319FCD79AA405F65F2243A3A9C,max_consumption,0.23447319565933591,long_term_change,0.11231404595735607,month_6_mean,0.11095422181522177,0,0.281193396951174,0.0361372313759117,0.2076765472785953,LOW
76EDA53C755A280E957C0F9C7B3DD3AF,min_consumption,0.3989479643418244,zero_rate,0.21095439157653453,missing_rate,0.15426210621028705,0,0.2134981541149342,0.0400354016790532,0.1614593283841699,LOW
94E16A11ECF00F68E309454AF17C3D04,long_term_change,0.2569874529960455,month_6_mean,0.2279257969153609,month_7_mean,0.1990393790546142,0,0.4650483878753772,0.0085612294072139,0.3281022403349282,LOW
9C1F733EC8A555578B570DF474D43000,min_consumption,0.36361541416632465,consumption_change,0.3064052651014472,month_7_mean,0.2359061520944593,0,0.3323574486743686,0.0764117224277457,0.2555737308003817,LOW
7A14291B30795D8CBBB8ABD8318E2990,missing_rate,0.9096872902197872,month_6_mean,0.4881287117845085,zero_rate,0.36532871463538236,0,0.620009386604024,0.3990170232771372,0.553711677605958,MEDIUM
6FE359D92500D92B43438C61E5BB399D,max_consumption,0.2984833760330969,month_2_mean,0.280168353482086,seasonal_std,0.23784347004749004,1,0.5395558442553696,0.0239931799755567,0.3848870449714257,LOW
25953AB99330494F33F7D3BF4D959C73,month_6_mean,0.23769585979620808,month_7_mean,0.21725254624029794,missing_rate,0.15327442159629448,1,0.590635938284649,0.0213315810117187,0.4198446311027698,MEDIUM
A303C8D7DF96C3F048E709C5A92C79F1,missing_rate,2.211236846466648,missing_count,0.37489900276677024,month_7_mean,0.2931876540309416,0,0.9538833469431094,0.3813017072787021,0.7821088550437871,HIGH
EFEFB9BAC02AD086724984B830E33141,missing_rate,0.9083923349876621,max_consumption,0.21119157253883006,month_10_mean,0.15318773005973765,1,0.6765986406028719,0.029884647493715,0.4825844426701248,MEDIUM
94106F17CFD7F5DF73DAD0B098D0F925,min_consumption,0.2733721294298575,long_term_change,0.11039770621817434,median_consumption,0.08906831772921556,0,0.0949637047903818,0.0536408303936159,0.082566842471352,LOW
A965B9B5F9CC464DC305D646D505D4F6,min_consumption,0.5855159259401884,month_7_mean,0.1695684404635428,month_6_mean,0.11841821128868231,0,0.281721880275627,0.0196641451111073,0.2031045597262711,LOW
9DF4719621C5A59A55DA2E323D793CE2,missing_rate,0.3002657922597549,month_7_mean,0.13422752611094674,month_3_mean,0.10808920805780813,0,0.1605807618873729,0.057028734214234,0.1295151535854312,LOW
83B432CEF1A36913FAC2ECDAE7A841DD,std_consumption,0.5058482725948314,max_consumption,0.41875764936195703,month_4_mean,0.29771856420375364,1,0.8373393013939733,0.0799627152959217,0.6101263255645578,MEDIUM
39F6189F00E38AABD471F6EC0D9DB0FD,month_6_mean,0.17843871945944714,month_11_mean,0.07130284383378037,month_10_mean,0.031859317967014286,0,0.1731687009468686,0.0196200226353264,0.1271040974534059,LOW
047F0D4E7A116A8ED3BF5FA835054EC0,min_consumption,0.4346297356994424,consumption_change,0.18004187861370008,month_11_mean,0.1468695545353978,0,0.2353710404375031,0.033737584525666,0.1748810036639519,LOW
499FA40030F910FC8FE17DE15C9B27D6,min_consumption,0.29796700662573317,long_term_change,0.16238664943438855,month_6_mean,0.10411718411512469,0,0.1892047290301067,0.0287152008699966,0.1410578705820736,LOW
F9A55492D7885DB48008003294F7DB8C,min_consumption,0.458340657788021,first_half_mean,0.1040365290441945,zero_rate,0.09244464268463101,0,0.0506509728512869,0.0321521234381285,0.0451013180273394,LOW
6F90C860CA3D14D2592B4C6B278AB7A0,min_consumption,0.48408355211655096,consumption_change,0.2819107364349438,month_6_mean,0.1541582041616053,0,0.28455699701452,0.0576212616433662,0.2164762764031738,LOW
2B7E01C81DB9D4BB9126FF6C944127AF,month_10_mean,0.4357355982631627,missing_rate,0.41167009680391925,month_11_mean,0.11371544805830336,0,0.3349262516454971,0.0488324070185256,0.2490980982574057,LOW
9CE9C27F7F3D04B65A319D077FADD333,min_consumption,0.5561173150747821,zero_rate,0.25610889929034053,max_consumption,0.20827099890950368,0,0.3557971709655267,0.0555102684656036,0.2657111002155498,LOW
E703A9FD8A1155AE507348BAD5C5745A,max_consumption,0.4598515052465182,month_10_mean,0.3765824726356228,month_6_mean,0.35786637226431267,0,0.6629081905591493,0.0202413228986741,0.4701081302610067,MEDIUM
D59961CEE26A92E7096155C341477C7C,consumption_change,0.2432623742338996,month_11_mean,0.20414462014168094,month_6_mean,0.1496200939360456,0,0.4534710222474257,0.0132072997870191,0.3213919055093037,LOW
ADCE1DCE7FB801E643212EB99148289A,month_6_mean,0.18471015142406713,month_7_mean,0.12581234500878197,month_8_mean,0.09946245396617728,0,0.2034944743506556,0.0213945438616813,0.1488644952039633,LOW
62A7D48FC1C9809E29274B7036B44800,max_consumption,0.7521973789104818,std_consumption,0.4268977420926526,month_4_mean,0.26602364006856255,1,0.8081539033786506,0.1215665173515594,0.6021776875705231,MEDIUM
85BDE66EA3DFFBE591A9D3CEABD57DF0,month_7_mean,0.1600761928493203,month_6_mean,0.11736801859382548,min_consumption,0.10538285191053587,0,0.2478975927612465,0.0250320878384576,0.1810379412844098,LOW
2F030628967C41C0CCF8C2216D041158,month_3_mean,0.14530887793285752,month_6_mean,0.08253708836284322,month_9_mean,0.06100976610262495,0,0.2102194123846318,0.0032030383784955,0.1481145001827909,LOW
967FA9BDE3BDD1AF7685FDCCBD6B0950,month_10_mean,0.42592497111683586,max_consumption,0.3536191053802554,month_11_mean,0.13299364835406047,0,0.4622378454549527,0.0496206023005511,0.3384526725086322,LOW
B3C828762C8211D7057A0863EB57D2C6,min_consumption,0.39498490567987693,zero_rate,0.1936838980891953,month_11_mean,0.0894380996262005,0,0.1468289243716527,0.0457591908673104,0.11650800432035,LOW
3F2E63CD47F9F711C57BB89FA5DB2D7D,month_6_mean,0.11913191710968643,month_2_mean,0.10580583837955511,month_8_mean,0.09355994241510722,0,0.0675405277466845,0.0419396921514503,0.0598602770681142,LOW
96C30656134BFAAA814F6D6184199A6D,min_consumption,0.32491474074618787,consumption_change,0.18318772814990153,zero_rate,0.153999634235784,0,0.1767269100180627,0.6333202569055469,0.313704914084308,LOW
74E194360126B12621FEF70D8E69BEF6,missing_rate,0.20526374699594843,month_6_mean,0.17639378176491635,seasonal_std,0.09452133586948544,0,0.3051852478696069,0.0168482318215876,0.2186841430552011,LOW
8E79609E157335AE3AAD912BFF3CED5A,min_consumption,0.24997895790093633,month_6_mean,0.06775073098795976,first_half_mean,0.06004820795808221,0,0.0913740766057531,0.0325333728056238,0.0737218654657143,LOW
AEEDA2D1DA93C0F322F75089E0EF6062,month_7_mean,0.13509793814205326,month_6_mean,0.10721984828782073,month_11_mean,0.08438400562601679,0,0.1192795623059335,0.0205968571726719,0.089674750765955,LOW
0520E3D277FEC8E4F4CF9535928F4BCD,missing_rate,0.3784784589941206,month_3_mean,0.10874326122426209,month_11_mean,0.08171004938611334,0,0.2592423482580195,0.0256918790033721,0.1891772074816253,LOW
ED34996EA24C77473CFB99C4DF006D72,min_consumption,0.4242838471623986,zero_rate,0.14338861197436048,median_consumption,0.06904575812788519,0,0.0498791131891048,0.1280446582593157,0.073328776710168,LOW
D074F99E001572CCF0D4F5BC78105909,max_consumption,0.24821426798206633,missing_rate,0.19585357824220134,month_6_mean,0.14007110809911588,1,0.5299958430326196,0.0316533858342114,0.3804931058730971,LOW
26DA5CDCB10AFA601CA4DCC880A73BA3,month_7_mean,0.19867124467351305,min_consumption,0.18241402728056078,month_6_mean,0.17772574365184265,0,0.2713109266382353,0.0119971960168235,0.1935168074518117,LOW
38CD0D3403FB8E31DC83C406738A1C19,min_consumption,0.4579607947410514,zero_rate,0.22643763860220908,first_half_mean,0.09960211669267363,0,0.1568501125906395,0.0289395418308152,0.1184769413626922,LOW
FF2360FF9DE35BA5AC16E3B0C55284D3,month_7_mean,0.2506913575485695,min_consumption,0.1835534237530494,month_4_mean,0.14220223454262731,0,0.2969690740725931,0.0084286306420216,0.2104069410434216,LOW
99551C451923A2ED78EA87AA812D4CD1,month_2_mean,0.20488958001481533,month_10_mean,0.14031768068593492,median_consumption,0.039099162036718406,0,0.1476675359928695,0.0289218007563595,0.1120438154219165,LOW
E8628FEBF0DC19C613C924B602DF4184,long_term_change,0.14475667596492348,month_6_mean,0.14244499824210252,missing_rate,0.0855025357747945,0,0.2649526408629196,0.0164505527739559,0.1904020144362304,LOW
41D3EEDBBB4837DF17EA2007B9FD7FFF,min_consumption,0.30220646644318766,month_7_mean,0.12650459745827602,month_6_mean,0.08165462537053807,0,0.150612703090028,0.0308934143985483,0.1146969164825841,LOW
F1EE7612EC46844D5719B1E0E8A65B94,max_consumption,0.41881492195697523,month_10_mean,0.4088684979754676,month_2_mean,0.1491162256844105,0,0.4281122922429123,0.0474838252019442,0.3139237521306218,LOW
F7D3AB395C2113DB9EC1EC84DB0D0273,min_consumption,0.38345589997565155,zero_rate,0.22293477454227878,month_6_mean,0.1692266216154021,0,0.2148447078606439,0.0143272840561595,0.1546894807192986,LOW
492D85439BC98263BFF4D4754082ABD1,min_consumption,0.5089172107256579,long_term_change,0.20634184506994419,zero_rate,0.13771670443143416,0,0.3337569282506322,0.0461726549158918,0.24748164625021,LOW
F7889EB19D0F234F83F5482B650C7A95,min_consumption,0.42759647024888464,zero_rate,0.21435582571742945,month_7_mean,0.1083426198650001,0,0.1848762490291553,0.0348236528986481,0.1398604701900031,LOW
90BD907330004BEE31B4C0D5F68BEAA1,min_consumption,0.3249918146890202,zero_rate,0.14253487686586053,month_11_mean,0.12385797399916561,0,0.2510798420105622,0.0422979215175243,0.1884452658626508,LOW
02F9CA14B632344DA35AA7B8EDD8BFED,month_7_mean,0.1794898572161539,max_consumption,0.17132003919479719,month_6_mean,0.14887195754881025,0,0.3905372595852123,0.0073477870961046,0.27558041783848,LOW
5DEB954D73B136441F2F7947D39E0699,month_7_mean,0.18703363544076101,month_3_mean,0.09077362153720142,month_11_mean,0.0498364410932524,0,0.2350406627871986,0.0073596209825601,0.1667363502458071,LOW
3107A48A2C4F7BD50DE706C46A2B8FC8,month_7_mean,0.19836523682375432,month_3_mean,0.17630203281610726,month_6_mean,0.17509966813673705,0,0.4044653036676436,0.0073971502580211,0.2853448576447568,LOW
AAFB2BE4B30992FC1B7A914AD82EC94B,month_10_mean,0.20630884831055582,missing_rate,0.11681327863410888,month_11_mean,0.10336677596277359,0,0.2005439409476986,0.0422089368414437,0.1530434397158221,LOW
034A05C7A176B72A82F79E329C8CF5D9,consumption_change,0.2784463644223284,month_11_mean,0.2365546009330974,std_consumption,0.17989283812158346,0,0.3756736165315127,0.0605495434107453,0.2811363945952825,LOW
29E4F010ADF68437646A09D21029A54B,max_consumption,0.7879379972464532,zero_rate,0.3957760774349399,std_consumption,0.29325905933409613,0,0.761799078278787,0.1484277367975051,0.5777876758344024,MEDIUM
D5DD733C01E839C5C907D6673979C256,min_consumption,0.39498490567987693,zero_rate,0.1936838980891953,month_11_mean,0.0894380996262005,0,0.1468289243716527,0.0457591908673104,0.11650800432035,LOW
A56AA17C77E121DAC4D2CED5CA4D1A29,month_6_mean,0.20912567653048417,month_8_mean,0.1024074309392468,month_1_mean,0.08765286861073329,0,0.4317472713734324,0.0104398625286135,0.3053550487199867,LOW
F94F087EF801B84FC0747EBFDDDBAE64,max_consumption,0.46184679170805526,missing_rate,0.4077703077291508,month_10_mean,0.3264972864897462,0,0.6670660641885424,0.10612236037848,0.4987829530455236,MEDIUM
842383FB329F9B95CD1F400B6B20559B,month_7_mean,0.19153478605010865,missing_rate,0.12866035766400538,month_4_mean,0.09990651977996001,0,0.177898601138354,0.0323643493885877,0.1342383256134241,LOW
06FA829025F47E5796155C79C0814C29,max_consumption,0.27805717783344447,second_half_mean,0.15519092456366057,month_6_mean,0.1534548824398342,0,0.3529674054098423,0.0243333574797867,0.2543771910308256,LOW
DEC80BBEAD8D57EF012353B240292630,missing_rate,0.4733921058630883,month_7_mean,0.18306964091841854,month_6_mean,0.14618245965498772,0,0.2334491405110969,0.0722846433967569,0.1850997913767949,LOW
6DBD3D15C7E540FBC6D5B41C844FE1D0,min_consumption,0.3421315744136871,month_6_mean,0.12690248056526796,long_term_change,0.11594925491182613,0,0.2227303914003843,0.0549901214259523,0.1724083104080547,LOW
A7CF938AD081B08DD5F706CAD8F5DA4D,missing_rate,0.30857870622531186,min_consumption,0.14904625240862798,month_4_mean,0.09439416166164057,0,0.187934805964802,0.0579414381585714,0.1489367956229328,LOW
A8487F5AEFA08233D3475AC623F7EB08,missing_rate,0.18716762911700002,long_term_change,0.09872263116970185,max_consumption,0.09659179109083033,0,0.4248409734147975,0.0460170542732322,0.3111937976723279,LOW
BDCC0E85769E9329BE1EA9687597D9E9,month_6_mean,0.19543685843010153,max_consumption,0.07886388917129222,month_11_mean,0.06973119373611397,0,0.2132539981018056,0.004328200674452,0.1505762588735995,LOW
D5B24BAA08F0B606E15C88FBEEC795B3,min_consumption,0.3989479643418244,zero_rate,0.21095439157653453,missing_rate,0.15426210621028705,0,0.2134981541149342,0.0400354016790532,0.1614593283841699,LOW
4087505EC57565AC601B6CDB10B5763F,min_consumption,0.44605810844278954,first_half_mean,0.11708890563972289,month_11_mean,0.11273314317869587,0,0.1904150552662387,0.0445452065597389,0.1466541006542888,LOW
9A4BDA64B0C5ED8D3E9A990FA791ABA2,min_consumption,0.507770949132608,max_consumption,0.5065805428257266,zero_rate,0.27025550977068047,0,0.3977786036351774,0.0449308552110478,0.2919242791079385,LOW
852CB01B90EC3FD61D7E8CD3F3F7E90F,month_6_mean,0.1496165745757121,missing_rate,0.10639335496624718,month_7_mean,0.10427228652712531,0,0.2786145655076561,0.0247535498504791,0.202456260810503,LOW
2813794667692C0839E00246702E376F,month_7_mean,0.2661545088187531,month_6_mean,0.13676345490559175,month_4_mean,0.09863627104418875,0,0.2140346296676065,0.080773365768239,0.1740562504977962,LOW
943C0FD4DE674C82EB1D1824ED6F2B78,max_consumption,0.5941025970625566,month_10_mean,0.28715654224122505,month_5_mean,0.18774981522753884,0,0.5718919816798037,0.0180974339511187,0.4057536173611982,MEDIUM
FE8CAC105305002B0D06D7CDE4165AB9,max_consumption,0.20513979832062432,month_6_mean,0.1754964407663476,month_7_mean,0.13962845590199802,0,0.2900875686074834,0.0327739204701939,0.2128934741662966,LOW
DFAB7BD44056046BFA649A07D88EDF51,month_6_mean,0.1738383991538834,month_7_mean,0.14111964028755664,month_11_mean,0.04399505622527564,0,0.1007728437802378,0.0130801298595181,0.0744650296040219,LOW
CEA1D94F9342AE0063251099570F3BB0,month_7_mean,0.1265562235481601,month_6_mean,0.12106143419251475,month_8_mean,0.04689583464017524,0,0.0551918706849709,0.0461347522243664,0.0524747351467895,LOW
7D4F76097CBF77EDB6B127085DB493CE,min_consumption,0.4263321223011665,first_half_mean,0.14055698948234224,consumption_change,0.1342973735859883,0,0.0863029438632167,0.3564927590173488,0.1673598884094563,LOW
114EF11738DEDC4C2F7291466FBE67E4,missing_rate,0.5888503188191299,max_consumption,0.13595668208215733,seasonal_std,0.12411662719449572,0,0.4416211645138423,0.0293570841355487,0.3179419404003542,LOW
523637A077DB93B884F91F0C720E7A10,seasonal_std,0.13836053184717914,min_consumption,0.09046130620533287,month_11_mean,0.06215560234537162,0,0.1964953409711246,0.0057938673889135,0.1392848988964613,LOW
B48DFB9C91968ECF6CCCA2B3C294EFEE,max_consumption,0.1467611115467785,month_11_mean,0.11839028068176821,month_10_mean,0.11626071831088013,0,0.366644359523502,0.018009725951725,0.2620539694519689,LOW
14BCAD3693F9C7FCF87A54CA1214AE45,min_consumption,0.32980840689446395,missing_rate,0.21210186233740502,month_11_mean,0.10944135995601066,0,0.2643780769868322,0.0373328881594815,0.196264520338627,LOW
3F62EEF302ED33FDF568ED2F73B9472A,max_consumption,0.09222561424903286,month_11_mean,0.07008174913937462,month_5_mean,0.04912908851502919,0,0.1928629639110608,0.0152322108938692,0.1395737380059033,LOW
38E725F7F64DEAA575A5C77CF853EC26,max_consumption,1.357409116692422,std_consumption,0.487045618205334,month_3_mean,0.4209752454582767,1,0.8942054931890308,0.4617277424549194,0.7644621679687973,HIGH
64117478FDCA23843076CA4D77797384,consumption_change,0.3861949555172274,std_consumption,0.303020922620796,max_consumption,0.2939354827422613,1,0.6355779202065823,0.0597339100604379,0.462824717162739,MEDIUM
8033FFF23A3974735687DB109D5C4F29,month_10_mean,0.15270855192195923,month_6_mean,0.1466803294873839,long_term_change,0.14184313257279801,0,0.4048278357866509,0.0209240332305326,0.2896566950198154,LOW
198E8D5ED58A92C27CCC0F1365716566,month_6_mean,0.14695946953990127,month_7_mean,0.12548908261698155,month_3_mean,0.075157307560202,0,0.106072609606807,0.0240092184325797,0.0814535922545388,LOW
AB18FD0E7B5F6CC557A768FB54D9D61A,month_6_mean,0.09598940751719325,month_3_mean,0.08597916715441994,month_1_mean,0.0698017691320859,0,0.1208278098928902,0.0053403965616436,0.0861815858935162,LOW
77E2250992233D53F19491EE1ED58F0F,max_consumption,0.3945963936219904,month_3_mean,0.13614744622503533,recent_mean,0.05958694218959902,0,0.1981647404012101,0.0331931702231776,0.1486732693478003,LOW
D127609C29F22A7028FD1944B045EEA1,missing_rate,0.2885385400972163,max_consumption,0.11125213318367896,month_11_mean,0.10460266393065061,0,0.3975418408926128,0.0419681914943591,0.2908697460731367,LOW
ADDA9D840544A46A36F04723AE5064C4,min_consumption,0.3568262128358806,consumption_change,0.22436005933841943,missing_rate,0.15928872437185268,0,0.1963689056471986,0.0540271968751085,0.1536663930155716,LOW
E2C9FA241CB07C5118BCBDAD17EA29D0,seasonal_std,0.17405571837136843,month_5_mean,0.10674695553392279,month_6_mean,0.0876514802366758,0,0.2440367287591044,0.0164860415568183,0.1757715225984186,LOW
C92254DB9CFD3E9886827F573C639247,min_consumption,0.3218556970818406,long_term_change,0.16564194011712027,month_6_mean,0.1065538728997444,0,0.1573828251178437,0.0315011856738684,0.1196183332846511,LOW
98E705929AF8620BAEA5B15B4B18F1FF,month_6_mean,0.08552995812847417,month_3_mean,0.08427037868300653,month_11_mean,0.08425008254041354,0,0.2261007872424675,0.0082564572732022,0.1607474882516879,LOW
825BCEB63A61A98C0C4F10E89B77C7E2,min_consumption,0.45083247569884427,long_term_change,0.07779455043441709,zero_rate,0.0661943011336118,0,0.0932417933977422,0.0416957293206291,0.0777779741746082,LOW
1FD0F0F6AC10BA1753C512EACC3FA1BB,first_half_mean,0.15409414151380696,missing_rate,0.12210426836977101,month_11_mean,0.09775532450113965,0,0.0590132973395312,0.0447393028540016,0.0547310989938723,LOW
430DB380217E11413B0C0876ADC93FF3,month_7_mean,0.15556174865707473,month_3_mean,0.1163077618705556,month_11_mean,0.09511017628639892,0,0.0773687476718718,0.0269822260519987,0.0622527911859099,LOW
321E5B931F0CDD51DAAD32845B00034B,min_consumption,0.3989479643418244,zero_rate,0.21095439157653453,missing_rate,0.15426210621028705,0,0.2134981541149342,0.0400354016790532,0.1614593283841699,LOW
0F303ACF03574E715F27307A505DC1F6,month_6_mean,0.15700416984550114,month_7_mean,0.13418662025577438,month_3_mean,0.10899974542537452,0,0.2821901843158934,0.0086575969011751,0.2001304080914779,LOW
B9CA1CC140D3C0CD1F2D7B70E3BA48AB,month_5_mean,0.1595028333315782,max_consumption,0.11513727540484565,month_11_mean,0.06261933616112353,0,0.2599967235490622,0.0093894962137539,0.1848145553484697,LOW
7687AACDC0A32F91F456F0DB16A26218,month_6_mean,0.15992523438536413,month_7_mean,0.13803869638959468,month_11_mean,0.11633991854672218,0,0.2739403050249309,0.0374775961854914,0.203001492373099,LOW
3E962DD589A2A14FB59D8088CB36820D,max_consumption,0.4451019314395134,month_2_mean,0.25441888376572935,long_term_change,0.172501785829271,0,0.4459902047600285,0.0267654042081642,0.3202227645944692,LOW
EAFCDB656A7EBC5386A52610BD2873C9,month_7_mean,0.1617506279112447,month_6_mean,0.0973917288246979,month_1_mean,0.03768979385339161,0,0.0610159547624131,0.0274012659929147,0.0509315481315636,LOW
95DB7678CD469A5EECAEF6CB1E9263C7,min_consumption,0.33374864679094657,zero_rate,0.11631862139489002,median_consumption,0.08689331647505126,0,0.1159596751082679,0.2162289530267004,0.1460404584837976,LOW
4E188E6986A9942DC6D879A500AB703B,min_consumption,0.30959027215532287,month_6_mean,0.12119758262456427,long_term_change,0.11650390813451196,0,0.3001777781219695,0.0425280611902301,0.2228828630424477,LOW
366957D73800A8D091A464F2FBF8B2B4,month_7_mean,0.19327177374888868,month_6_mean,0.1776831857586758,long_term_change,0.09445168645162563,0,0.2568438004208813,0.0078866741962927,0.1821566625535046,LOW
B83D3BCF9EFF1890D4BA9472D191047D,month_6_mean,0.1770365988028615,month_10_mean,0.15173981327007954,month_7_mean,0.14259078776309056,0,0.2182019981305266,0.014140262152156,0.1569834773370154,LOW
570B2A6DB2764171C6464BF019083A10,month_7_mean,0.24543334044466156,month_6_mean,0.1783739563477784,month_3_mean,0.1578350829896697,0,0.3713523222787229,0.0235597686770776,0.2670145561982293,LOW
8EADFF7DA6CE2B331C8AC4439CEFD17A,month_11_mean,0.1675023498974063,month_7_mean,0.12782096832133588,month_12_mean,0.0849524582913736,0,0.2133720245859078,0.0079150704421827,0.1517349383427902,LOW
C0D18CD5F3623D29FD54AA2B31B4E756,month_10_mean,0.21705623421465794,month_5_mean,0.08104488114976219,recent_mean,0.058685282750071066,0,0.1301980626745038,0.044196431792038,0.1043975734097641,LOW
C64BCA894552A0C6809A954DD8B73BCF,min_consumption,0.3822406052936373,month_10_mean,0.26211753977248714,zero_rate,0.19236177122112336,0,0.1833203352230744,0.2600827547338181,0.2063490610762975,LOW
4AA46EE0934AD3DCD518786DFB02B910,min_consumption,0.42730581095140313,month_2_mean,0.13114203821821943,zero_rate,0.11295434267292957,0,0.0586826280375886,0.2251957217479198,0.108636556150688,LOW
DA2B1C65C208C5273F10321025E83D1C,max_consumption,0.44991702024807734,month_10_mean,0.44314608987922716,std_consumption,0.2629002280053736,1,0.6666778909850039,0.0573468416493377,0.483878576184304,MEDIUM
548C61703F94CDABDA45C17E1F17398D,month_7_mean,0.12525704897918194,month_6_mean,0.10446711918419249,month_3_mean,0.09605487782573041,0,0.0985229697066816,0.028606606774612,0.0775480608270608,LOW
5B1C18313729782A3A0B1000B96D026A,month_6_mean,0.16842070135742757,month_7_mean,0.13896878401307122,month_3_mean,0.13469912433273026,0,0.4614315777576448,0.0280585640486144,0.3314196736449357,LOW
88622D8807806663277AF37BCBE63E72,min_consumption,0.39391255757066657,month_3_mean,0.1604080337327334,first_half_mean,0.1366754285802874,1,0.3820730197087168,0.0393492947403094,0.2792559022181946,LOW
2478019D5082190EE23C6014933D1AF5,min_consumption,0.3508328603038193,zero_rate,0.11993496519857287,long_term_change,0.058637498365956484,0,0.1524712699947551,0.0166360200564401,0.1117206950132606,LOW
484FA0BC0D3F998D1E0417CAF96076F3,month_6_mean,0.18413753143898515,month_11_mean,0.1400179097239812,month_3_mean,0.09519652803674189,0,0.2866815348541526,0.0164905739765332,0.2056242465908668,LOW
67D3A44F30C35ED03F9FF9074042930A,max_consumption,0.6794740081063951,month_10_mean,0.40120679283912825,std_consumption,0.31176187610480055,0,0.5818495357526977,0.136733679221145,0.4483147787932319,MEDIUM
101D713A28FAF2F0993F7A3C9DB9F8B1,month_7_mean,0.20690926030000803,month_6_mean,0.16090818037125332,month_12_mean,0.09384237665263635,0,0.1520470949199263,0.0236480941374544,0.1135273946851848,LOW
B158888F4FB98B7E9DDDD56B8A5FAABA,max_consumption,0.45799279188648107,min_consumption,0.4169291891991133,zero_rate,0.2771900300941455,1,0.5990921231975836,0.0410830497665235,0.4316894011682656,MEDIUM
8C7D1923F5BD12BC56B61D1C048137FD,consumption_change,0.5562962133876307,month_10_mean,0.3017060798173245,min_consumption,0.2765512577068098,0,0.6953235343019211,0.0491217475603389,0.5014629982794464,MEDIUM
8FF3E55DD30C9A41ABC486EE0BA353CF,max_consumption,0.17944458338639283,month_10_mean,0.1685495650234293,month_11_mean,0.1100876500517585,0,0.4200949751982793,0.0367373808461176,0.3050876968926307,LOW
26D4DD4B4CBBBD73D87DC42495A17D52,min_consumption,0.39672290739156574,zero_rate,0.17940203464113758,long_term_change,0.10929541964536665,0,0.1965283702521472,0.0509797717999242,0.1528637907164803,LOW
40C035AEEE5DFD20E58C7D50CF8A2580,month_7_mean,0.1853064476690868,month_6_mean,0.15023862682503397,month_3_mean,0.07509895718408037,0,0.2958117580946224,0.0145534158913758,0.2114342554336484,LOW
ED59B1221274F2E3F3DDFD91BDC3758D,max_consumption,0.36618263894648057,zero_rate,0.24051304768593185,std_consumption,0.204125805558247,0,0.5504105321407824,0.0576286529207632,0.4025759683747766,MEDIUM
CAAA864A667ACE61A0B7E8605A3764B1,month_5_mean,0.10677334088017779,missing_rate,0.10195448610408755,month_11_mean,0.10146824747270697,0,0.1764250432573359,0.0269367199058838,0.1315785462519003,LOW
B7F8E2DDCF68F3E104D9051F00C2A18E,min_consumption,0.284094844166807,month_6_mean,0.09929859020130688,median_consumption,0.05258781029935195,0,0.2116683098178627,0.0253978563801854,0.1557871737865595,LOW
B28E071A8EF4C776742657A02316AA45,month_2_mean,0.16064815601256566,long_term_change,0.12905283094968995,month_6_mean,0.1087925808751202,0,0.4210500875651833,0.0362656843261436,0.3056147665934714,LOW
63DBAE90047388EFC01074C81BC6D7CD,month_6_mean,0.18118771189481667,month_7_mean,0.1259712878944433,month_3_mean,0.11634538895735078,0,0.221072437090181,0.0156959879247318,0.1594595023405462,LOW
BE950D7C724FBD42BBCB47199BF96FFE,month_7_mean,0.22681095718458152,month_6_mean,0.15180664617698256,month_3_mean,0.1331660586361937,0,0.371156961835487,0.033271274703376,0.2697912556958537,LOW
FB4E5856915F588B7249825310BB7C96,month_6_mean,0.2840608568824429,month_10_mean,0.24013502932027683,month_11_mean,0.1717426008047084,0,0.5139248612142092,0.0105482799530263,0.3629118868358543,LOW
A9008E6F477B3F554D0276A054D1B983,min_consumption,0.4491031842927583,zero_rate,0.22473923646829538,first_half_mean,0.10003651931018687,0,0.1442090520522031,0.0388799539392687,0.1126103226183228,LOW
0F917A16AAA5EB41B83A7E2018D1777B,missing_rate,0.5624614564197891,month_7_mean,0.20046240495210627,month_6_mean,0.1529298199473487,0,0.4106713036259,0.053551214576699,0.3035352769111397,LOW
BACC969B019928973619451E7738DD16,min_consumption,0.4012996712689096,zero_rate,0.2147415492088119,missing_rate,0.09819091783849665,0,0.2134981541149342,0.0383220341827077,0.1609453181352662,LOW
267A838C69D90CDC360B6BE96C32514C,month_10_mean,0.9268683250896346,max_consumption,0.8112179577860766,consumption_change,0.3723500691760038,1,0.8649308147270581,0.3715685349309958,0.7169221307882394,HIGH
227BF7A8BD61C8389518159BA355F99A,min_consumption,0.4012996712689096,zero_rate,0.2147415492088119,missing_rate,0.09819091783849665,0,0.2134981541149342,0.0383220341827077,0.1609453181352662,LOW
096AC98E69CE6D5FA6B3E52D6AB0F1E8,max_consumption,0.32265563478936427,min_consumption,0.21761721165900383,month_6_mean,0.16179821824774107,0,0.4513581198637104,0.0523610937314376,0.3316590120240285,LOW
8808E779ABF79EC65BBECF0C18B23D93,min_consumption,0.4264055219022621,missing_rate,0.16724594204847573,long_term_change,0.15586348731659797,1,0.6532835348736308,0.0375622668261914,0.4685671544593989,MEDIUM
408AD9F72F9BA3422F478C0C93120EE1,month_6_mean,0.14012899853414082,min_consumption,0.12640121715970662,long_term_change,0.12342768134110285,0,0.3014008957442878,0.0240992777512404,0.2182104103463736,LOW
2DD4CDF09C2DC0E318AECCF469529537,min_consumption,0.4015184015887602,long_term_change,0.1424732960855891,month_11_mean,0.10177749649942346,0,0.1814993547766566,0.079250644746753,0.1508247417676855,LOW
F2A43A70FB34B50A1D11CCE5DA4D0049,min_consumption,0.4767074988367302,consumption_change,0.17800310743041342,long_term_change,0.16386060676706782,0,0.1839573467524663,0.034646259982404,0.1391640207214476,LOW
869594422C926C8E2EB3A4E6662E748E,min_consumption,0.44830532909358023,zero_rate,0.2247096735172912,first_half_mean,0.09984527177353168,0,0.1442090520522031,0.0400949741660507,0.1129748286863574,LOW
7BBE8C70D76A7CAF9AFB6B87318F2C07,max_consumption,1.1920014837693544,std_consumption,0.5606982189985734,zero_rate,0.30564777946369975,0,0.7295955393965975,0.5448872929961226,0.6741830654764549,MEDIUM
EA515C7589BAFBC3807403C8567AD95B,max_consumption,0.4752774687866094,std_consumption,0.4122248191809537,missing_rate,0.3947236972164337,0,0.7227612624196119,0.1013215376855957,0.5363293449994071,MEDIUM
8E506E2447DE14EF8D5D3610685A7BD8,month_7_mean,0.23593004686861796,month_6_mean,0.18814723109164166,month_10_mean,0.15030779077914963,1,0.5905629702802292,0.0187515353964408,0.4190195398150926,MEDIUM
DD3BCCCC025FBC427DAD30408FA97426,max_consumption,1.391755365150442,consumption_change,0.5310772676558556,std_consumption,0.5073026020047837,1,0.824204387843628,0.5442601239163378,0.7402211086654409,HIGH
590C12348779BD796DE21BFED980F4E2,min_consumption,0.49223908269029165,long_term_change,0.18028483650847718,zero_rate,0.14631782527586837,0,0.2981906157570645,0.0357667070243087,0.2194634431372377,LOW
F3A9A149CA7BF7548ACC423132E6276D,month_7_mean,0.18563063247282907,month_6_mean,0.1585347989607657,month_11_mean,0.0974553136470556,0,0.1541682085461129,0.0138187903423805,0.1120633830849932,LOW
411ABA70BEDE98C73D98F02305FFC11F,missing_rate,0.2366147034570503,month_6_mean,0.1445241365391473,month_7_mean,0.10831278327833842,0,0.2142038890836518,0.038369796221416,0.1614536612249811,LOW
4C43BAD1D313F7419CFD43D3803E963B,month_3_mean,0.07527173839200244,max_consumption,0.032451248264578667,month_11_mean,0.027146397816352384,0,0.0969477587224985,0.016730711037751,0.0728826444170743,LOW
3DCFE807E49CF454580FB60E6B4A6497,min_consumption,0.4362772762779626,missing_rate,0.1143537838716488,month_11_mean,0.10353315603998567,0,0.2270774119435275,0.0470715553315383,0.1730756549599307,LOW
FC94FEA3D36EED19455DA3FFE9E25E81,month_2_mean,0.11388885118244298,missing_rate,0.10697775561269754,month_11_mean,0.1052471777514614,0,0.3378074838005749,0.0416462237530982,0.2489591057863319,LOW
B87B669339DAFD3EA1F99EA24D04A0FA,max_consumption,0.5884651256216199,month_10_mean,0.5204242068758935,consumption_change,0.4579815212473093,1,0.7481018992789041,0.3043075625665177,0.6149635982651882,MEDIUM
F3D762F1FF96A1D5F1ACDD124EDAEF9C,min_consumption,0.424926668626608,month_7_mean,0.1245181059134322,first_half_mean,0.10148691601268796,0,0.3730214748758658,0.0415224285059515,0.2735717609648915,LOW
A29ECBBE9A60B39C56675D99C85A7E67,min_consumption,0.2940697608575172,month_7_mean,0.20392454388508813,month_6_mean,0.08740440130594927,0,0.1455232923287267,0.0179015054894451,0.1072367562769422,LOW
044D9E974DAD9B349D65B658F6C86F1A,missing_rate,0.8119297717097873,max_consumption,0.5487180751970081,consumption_change,0.520401382635384,1,0.9192159895245946,0.1545518895907192,0.6898167595444319,MEDIUM
54426C910202EA1A9B4F1DC6E79CB81C,min_consumption,0.22013029581243912,month_7_mean,0.2190530484081464,month_6_mean,0.20197457659922777,0,0.4515578512012286,0.0293223246564237,0.3248871932377871,LOW
A4D0B3A9EDE061B657E176C647565A83,month_7_mean,0.22898870775491414,month_6_mean,0.1659955592578437,min_consumption,0.13832909929722234,0,0.3850795513506073,0.0172590774710901,0.2747334091867521,LOW
906BAFB1B2163674B245BD3B30058138,long_term_change,0.23885153908826948,month_7_mean,0.2328237936667102,month_6_mean,0.19674580988593043,0,0.3245215775630536,0.0153958163057158,0.2317838491858523,LOW
4DEAFE88A9D1009FD4031294E7FF7D59,month_7_mean,0.21576379480623553,month_6_mean,0.1661109182171683,month_11_mean,0.14618268986683866,0,0.2455986957691733,0.0110639113659107,0.1752382604481945,LOW
5DD956905311F724C812264C175FA38F,min_consumption,0.4012996712689096,zero_rate,0.2147415492088119,missing_rate,0.09819091783849665,0,0.2134981541149342,0.0383220341827077,0.1609453181352662,LOW
6A9F40A2FEE729AC27A5D5C8E011B82C,month_6_mean,0.19238335877350257,month_7_mean,0.16082121196276028,seasonal_std,0.0829535178281021,0,0.2282698681659685,0.0110054382766333,0.163090539199168,LOW
6EFEA04ADC2C5C6445A37C3B91A049D0,min_consumption,0.4235918371102678,second_half_mean,0.20401292568336615,zero_rate,0.14036010864495194,0,0.3206443690437198,0.0422882903973943,0.2371375454498221,LOW
ADCEBC0A8831124A82D227ACFB6FF33D,month_6_mean,0.17478277622040475,month_3_mean,0.10651027527764892,month_1_mean,0.08059036443474034,0,0.2536209354297435,0.0425257106043976,0.1902923679821397,LOW
EB86AD82F1C5590B75C982FC54428D37,max_consumption,1.1961798834381159,std_consumption,0.4137007269524742,month_10_mean,0.2989965157112942,1,0.8403257301233927,0.3313806020006341,0.6876421916865652,MEDIUM
4D3F9B4A7CE3BEA57BAD0AE8E0DAC6DD,month_7_mean,0.23350962866910038,month_4_mean,0.22439682901136104,month_6_mean,0.16511245629912247,0,0.4970720060392766,0.0241950392024389,0.3552089159882253,LOW
1BC425A74948B48CED2DD171224E219C,missing_rate,0.6994656286992339,max_consumption,0.504903442199287,std_consumption,0.3709489799193148,1,0.7135168174533857,0.0953916580627603,0.528079269636198,MEDIUM
C89483A7F8B8D6AE25633DC2BBC699CF,max_consumption,0.40764058401747066,std_consumption,0.20967358767371258,month_6_mean,0.12144035267605871,0,0.3873513788734437,0.0645698187197737,0.2905169108273426,LOW
5591F55C43946493407CA7F3BEAF6E2B,min_consumption,0.43601517878183715,zero_rate,0.22070487078158646,first_half_mean,0.09987287544334794,0,0.1496640291320504,0.0662246271392515,0.1246322085342107,LOW
389783164EB5DA9A42FD63475BC788DB,min_consumption,0.4012996712689096,zero_rate,0.2147415492088119,missing_rate,0.09819091783849665,0,0.2134981541149342,0.0383220341827077,0.1609453181352662,LOW
F6E7DF596542437B0AF1B978F1BCB311,max_consumption,0.5775002353224473,consumption_change,0.3414429089175712,zero_rate,0.3078066413469331,1,0.7479829778315085,0.7981072154354534,0.7630202491126918,HIGH
BAEED0C86EC14D13B0931317E6F50B63,month_10_mean,0.32529009754397575,month_6_mean,0.2174810310366875,month_5_mean,0.07066138625304758,0,0.1827490201414721,0.0170878601280199,0.1330506721374365,LOW
1766CE45EA5C7A37D1B4B922435BEA5F,min_consumption,0.39428271955318106,zero_rate,0.12422815690054141,month_2_mean,0.0830440277158311,0,0.0787976633958405,0.5283962723687508,0.2136772460877136,LOW
163FE44FDC33D7CC3728D4A3B6B1EF86,min_consumption,0.4264782594902359,zero_rate,0.16340290899532353,month_2_mean,0.10543899507161393,0,0.0630513812418908,0.0624546446477584,0.0628723602636511,LOW
16BA962182D175BB1BBB73E62125C104,max_consumption,0.44176778165223485,std_consumption,0.2929892099016345,month_11_mean,0.09658734033171815,0,0.3847441276839135,0.0770088080933178,0.2924235318067348,LOW
E075615ABB0C41B42C3AA80566F2A3DB,min_consumption,0.4360920175189905,zero_rate,0.22070487078158646,first_half_mean,0.09815364174573499,0,0.118640722238173,0.052070325207505,0.0986696031289726,LOW
0DF934A65EA0078550827B4325E0B004,seasonal_std,0.1967027131101217,long_term_change,0.1326838328112791,month_10_mean,0.07735465768281642,0,0.153502806989329,0.0968576694861243,0.1365092657383676,LOW
65D8846E4548CF54F94F7ABF132379EF,missing_rate,0.6200631955669408,consumption_change,0.3525174896856502,min_consumption,0.30541221425748727,0,0.5198876844310607,0.1628712127578117,0.412782742929086,MEDIUM
EBE12CFDCE5AF777BB98D5714A9845B9,month_7_mean,0.29697655165462067,month_3_mean,0.12133462802002003,month_6_mean,0.11829963796527963,0,0.1990143002321162,0.0302932160548531,0.1483979749789373,LOW
D64DF3FEAA28F53EEC828AE5EEFE6EF3,min_consumption,0.4466966985061597,zero_rate,0.22868411669643854,first_half_mean,0.10140811943257849,0,0.1483256956552731,0.0311421268537922,0.1131706250148288,LOW
0298A89FB463AF3ACA91F9429FF15985,month_6_mean,0.19923082478152274,long_term_change,0.15641724107410365,month_7_mean,0.13236468745977117,0,0.2343332403005999,0.0111415917719265,0.1673757457419979,LOW
18F80D8C8FAB5DDC4D96F7C63054F04A,min_consumption,0.39555612125299205,zero_rate,0.1518969977417918,first_half_mean,0.11046352414636763,0,0.1188275271393796,0.0474759880901292,0.0974220654246045,LOW
12A20F1E15690AE273D3505A64027400,min_consumption,0.3989875154773055,max_consumption,0.21489820169019583,zero_rate,0.1882214540137074,0,0.2457344445174889,0.5191205114110266,0.3277502645855502,LOW
E062BE70713DA326134AF09C901CD4A8,max_consumption,0.2963559193291058,month_10_mean,0.0836737806819268,month_11_mean,0.07646043200669118,0,0.3585744279925005,0.018217950673082,0.2564674847966749,LOW
3D15E2B1526750656955BD663450F40D,month_7_mean,0.21315810996169915,min_consumption,0.20164930907908218,month_6_mean,0.13916652048985706,0,0.2441833338276244,0.0274201163207069,0.1791543685755491,LOW
CD2DEB37E63EA5FE2A248E2278AA396C,min_consumption,0.4127151221749613,month_7_mean,0.20324336474194066,long_term_change,0.09703232870838499,0,0.1902693262767312,0.0214244430221308,0.1396158613003511,LOW
D04B2F922A83C85B6A382E634DC00BE5,min_consumption,0.25621988103240445,zero_rate,0.14080413919121731,long_term_change,0.11432455395976729,0,0.1734799622695324,0.0384927960946242,0.13298381241706,LOW
0A78F62F9DE25876834C0F8F5EB95882,min_consumption,0.38836249392944355,zero_rate,0.2504887766354997,month_7_mean,0.19631953848762526,0,0.3218553331934576,0.0090033864156222,0.227999749160107,LOW
E6137204179995A60659B0C560C5C017,month_7_mean,0.13174908747694672,missing_rate,0.12240275011785892,month_11_mean,0.10409311048781053,0,0.1003950504877468,0.0376284625970582,0.0815650741205402,LOW
48348689718E54D8C11F486CC8126218,month_10_mean,0.28409438707810364,month_6_mean,0.17473309973413956,month_9_mean,0.13358368837444035,0,0.4577886064725993,0.0365190648574358,0.3314077439880503,LOW
D6B5665FD0A45A3806679EB728697368,month_7_mean,0.2619997280094818,month_6_mean,0.2164690418254418,max_consumption,0.11076282659768312,0,0.389987087544933,0.0074988859532707,0.2752406270674343,LOW
D12BDAA8C12E11F0D9EFD3D61A0FDB4C,max_consumption,1.0134540319403431,std_consumption,0.3949717362192111,min_consumption,0.38588276138338334,0,0.7789540548056212,0.2997629270122087,0.6351967164675973,MEDIUM
95A11B660EA32046689512D9CA69061E,month_7_mean,0.22334146351439077,min_consumption,0.17857835031428643,long_term_change,0.1109231295502217,0,0.2767407703656842,0.0102377160895152,0.1967898540828334,LOW
3DAA34A785DB433C36A33585121906DB,month_7_mean,0.1630540179356267,month_6_mean,0.11883792864817534,month_1_mean,0.08581593496882454,0,0.1128067787764955,0.0099741032736777,0.0819569761256501,LOW
B40C93501D20859019B76130B4818F0E,min_consumption,0.4231118347109999,long_term_change,0.1861433855763706,month_6_mean,0.15439128553785347,0,0.4540937776151602,0.0355420632052501,0.3285282632921871,LOW
63A64E5D0979F938CF67DBD3A793B6C8,max_consumption,0.4897989831062215,std_consumption,0.2201069837311416,month_10_mean,0.20835519053844637,0,0.4975010175013878,0.0733530248035661,0.3702566196920412,LOW
2417BB4985C5250F1417CB9B04D2D85E,min_consumption,0.41103623796475786,consumption_change,0.28041744528950663,month_2_mean,0.20939275945934513,0,0.3675432408871936,0.6102820152859978,0.4403648732068349,MEDIUM
2E2BD753793490F3D782533447B8E659,month_6_mean,0.2827223723523424,month_10_mean,0.13212619942055862,month_7_mean,0.12969643949865337,0,0.1401941579311217,0.0150432898553599,0.1026488975083932,LOW
585372879FC71FDD51C63AC288865B2E,std_consumption,0.3854485056108271,max_consumption,0.3757115553640318,month_3_mean,0.2386129557440834,0,0.4607917340260659,0.1405212335098842,0.3647105838712113,LOW
573B769532F298D753B3FB4A806080BA,month_6_mean,0.10158390499390121,month_7_mean,0.08020046118052651,month_5_mean,0.06326281906159922,0,0.1776682506848123,0.0180188590030579,0.129773433180286,LOW
1ABE69FD235E8386AF5A79119796A095,max_consumption,0.5860758620151963,std_consumption,0.2885453590906864,month_10_mean,0.2853025078593813,0,0.5935285085723937,0.0764463870237261,0.4384038721077934,MEDIUM
A0C63191EE100972FA3C82204EB913EB,min_consumption,0.2658256807602903,zero_rate,0.14595029511697033,month_6_mean,0.13927777172280328,0,0.2733510827231998,0.0317276678363937,0.2008640582571579,LOW
5C4DEE1D07EDB9594F84E47CA6248A3C,min_consumption,0.4579607947410514,zero_rate,0.22643763860220908,first_half_mean,0.09960211669267363,0,0.1568501125906395,0.0289395418308152,0.1184769413626922,LOW
DC31C23EFBA2DAAF166BB2E41894A72D,month_6_mean,0.1514998066730025,month_7_mean,0.1397016752431585,month_3_mean,0.11500676831305735,0,0.1631626958923841,0.0160945070804177,0.1190422392487942,LOW
C2A198D5300E51B46E31F2E6F9148D24,max_consumption,0.46215764638982737,month_10_mean,0.3013958674487567,missing_rate,0.22710153036029337,0,0.4973545070581207,0.1038871490240634,0.3793142996479035,LOW
9454CB425126BAE572D09BA2EB63A93F,month_2_mean,0.15100509048607977,month_6_mean,0.11871879347885055,month_10_mean,0.09707173189761564,0,0.2631046249856734,0.024165366644481,0.1914228474833157,LOW
CDBD429E0DD19C7CAEB7614C5B6D89B6,consumption_change,0.30727606839925015,month_7_mean,0.22812868662268534,first_half_mean,0.18050918845438882,0,0.3072375913802181,0.0482545237996239,0.2295426711060398,LOW
AA588B84410D8CEB88779FA20AAD3B52,month_7_mean,0.21689859878423673,month_6_mean,0.15617885454947406,month_3_mean,0.13038164285602472,0,0.392693068623416,0.0060377993506651,0.2766964878415907,LOW
00A713906A483404508B4585F4E7309C,min_consumption,0.3668912960135812,zero_rate,0.312585537651399,month_7_mean,0.10526425715027699,0,0.2634519606634625,0.052339615655865,0.2001182571611832,LOW
86B35BDAFD7D9AE13620B3C76D4CA628,min_consumption,0.45779310827859104,consumption_change,0.20240707776010566,month_6_mean,0.15518077769633157,0,0.1484316090185475,0.0658176996754306,0.1236474362156124,LOW
FF9F786BD6C6CF0CD9ECAC24FC89D8F7,missing_rate,0.23414409648469864,min_consumption,0.09332674377371541,month_11_mean,0.07808520549357038,0,0.2689406728633672,0.0189285421188246,0.1939370336400044,LOW
AEB85D92E8E4AD9FE6B1C6C044FE50B5,max_consumption,0.43937207826446806,std_consumption,0.2658252110165801,month_10_mean,0.1657606356587974,0,0.5480309924204184,0.0758349226487292,0.4063721714889116,MEDIUM
388882E40EA11E5351D1F3B1E3048783,missing_rate,0.13260114179333568,month_7_mean,0.1266720979506605,consumption_change,0.08376266707120152,0,0.270336354041886,0.0195236004487577,0.1950925279639475,LOW
17022572D7394FBB270467EA8A88CA32,consumption_change,0.418634977494345,month_7_mean,0.2322448057578936,month_6_mean,0.13059658856075843,0,0.4184108461175237,0.0159188461544618,0.2976632461286052,LOW
9D6D100148FA845813C124B335F221BF,seasonal_std,0.1021367417530865,month_11_mean,0.0694478997667761,month_6_mean,0.05880654995956218,0,0.1181867959021014,0.010700104589253,0.0859407885082469,LOW
196C61D19415EE704DF99CFD5E859800,max_consumption,0.5242331518441699,month_4_mean,0.4633588083498407,month_3_mean,0.3646749636548903,0,0.628826871471269,0.180370107311143,0.4942898422232312,MEDIUM
5D9306AA616F9FCF9EB1D1AB96D55FF3,month_6_mean,0.18750433267275202,max_consumption,0.18717090666525968,month_7_mean,0.15785555169814225,0,0.3146606217114454,0.0220122293646419,0.2268661040074043,LOW
00C733F6B4234E302A2FBAFA8FED4D17,seasonal_std,0.09540400579382959,month_11_mean,0.06454451669776778,month_1_mean,0.013119745815344374,0,0.0725242377941245,0.0122107799306293,0.054430200435076,LOW
7A1FFDA9B1B19E78F2D94F690DA7AAD0,month_6_mean,0.09573630503764283,month_8_mean,0.09111190948782275,month_7_mean,0.0907831480521495,0,0.1483719265103025,0.0240719506958969,0.1110819337659808,LOW
7780E57933C526A2BB3C2CA8713FC9B2,month_10_mean,0.23180394598542736,month_7_mean,0.21402526136483901,month_11_mean,0.12546994456375518,0,0.3958636508377091,0.0251077771885414,0.2846368887429588,LOW
F6D36E6C3753254A6A8FBCBD49DD04AF,min_consumption,0.438909967565177,month_2_mean,0.0797407298105206,month_7_mean,0.07288703518642312,0,0.0751872525878885,0.0862683048400089,0.0785115682635246,LOW
96669571FD6026A0F1A17A83052B0CDC,month_7_mean,0.2304275888055682,missing_rate,0.19199802911007913,long_term_change,0.16024544880111874,0,0.45142183990236,0.0353949492199629,0.3266137726976408,LOW
5822BA53B0B4AFAD35AFD8872662D1A4,max_consumption,0.485134819631872,month_4_mean,0.4550901693307997,month_5_mean,0.3212377317934554,0,0.568479943987357,0.1404515098248336,0.4400714137386,MEDIUM
3B06E2FDA23431A866A6B7DBBBA79509,min_consumption,0.48879516179842003,long_term_change,0.13781972329798034,zero_rate,0.11749673212855574,0,0.1343095189793208,0.0351736212505807,0.1045687496606987,LOW
60C1811AFF3D4CB7D5DC60CD5292180F,min_consumption,0.2690712151616292,zero_rate,0.09584400367590279,month_3_mean,0.09344696209659129,0,0.2540907856274065,0.0224798047574639,0.1846074913664237,LOW
DBA2956FBFA3FA946FEE4E2058200327,min_consumption,0.4401369578447221,month_2_mean,0.14378260493276235,zero_rate,0.12574603242786409,0,0.0955488773760087,0.3597075364706479,0.1747964751044005,LOW
2C7E1B84D9956817A11E6DAD7DABDB58,min_consumption,0.4579607947410514,zero_rate,0.22643763860220908,first_half_mean,0.09960211669267363,0,0.1568501125906395,0.0289395418308152,0.1184769413626922,LOW
A21262B34A0E3DC05A7584D98ADDB0D2,missing_rate,0.4409714721168165,consumption_change,0.3624450014449351,month_6_mean,0.21101946190256968,0,0.5737323040533424,0.0524613726233414,0.4173510246243421,MEDIUM
2C2D538637A2AE1D9CBFD7F8287A36B0,month_11_mean,0.11908947217905173,min_consumption,0.10062324920713117,month_4_mean,0.0942413121750455,0,0.1174914869879303,0.0265619280684326,0.090212619312081,LOW
A4505A4242F7166E382EFD81D3E2FA0E,month_7_mean,0.24642332979508583,month_2_mean,0.1804750150411939,month_6_mean,0.1791134785058484,0,0.3095699551165967,0.0080420094944778,0.219111571429961,LOW
CCFBC8DDE34BCC7FF1CC74816DBB9EA7,max_consumption,0.3640163275830587,min_consumption,0.2710311827502853,month_6_mean,0.2254597881288101,0,0.4785191825300857,0.0519103827500324,0.3505365425960697,LOW
AC66F5668C34CB3CD188F186A5B3F44A,max_consumption,0.520168531466473,std_consumption,0.22647751153346232,month_5_mean,0.1849764666189489,0,0.3707516155266369,0.0855670583576406,0.285196248375938,LOW
72EC2DFE9E1E040CD8C2374F8DBA8A89,max_consumption,0.4620661220151156,month_10_mean,0.3426660084213416,std_consumption,0.23972900938125916,1,0.6268297813216377,0.106984986931613,0.4708763430046302,MEDIUM
FA61399EFBD4D091E059F30C3F8A2E70,min_consumption,0.48410931606072105,zero_rate,0.14554073903484613,missing_rate,0.12100336075124894,0,0.2283020013947518,0.0403637395677591,0.171920522846654,LOW
C5FB720DA4C582A946E85FE2974FC493,max_consumption,0.5969902457163556,month_10_mean,0.3667758087528276,month_5_mean,0.13419367001089488,0,0.513739221747877,0.0510359656357841,0.3749282449142491,LOW
BF5CBB05A822B8A6D88C946320573939,month_5_mean,0.26304802010916234,seasonal_std,0.07190851340231798,month_11_mean,0.059927109277759065,0,0.2369509417545698,0.0094349818838233,0.1686961537933459,LOW
D1422F31322E43EC5303AA58E14EBC91,min_consumption,0.21513887910893617,month_7_mean,0.16008314992425232,month_6_mean,0.08989861306003175,0,0.1144439067753603,0.0244140264316323,0.0874349426722419,LOW
84EC1AAAD589306910C63ACF46808928,consumption_change,0.36080216506465035,month_10_mean,0.3260302306104508,max_consumption,0.2964344645471225,0,0.6701220599943328,0.0774181259307674,0.4923108797752632,MEDIUM
EF2E66A955350F96D92C8D7BD69FC73C,missing_rate,0.4956306646724161,max_consumption,0.4359914185988332,min_consumption,0.41828632706323743,1,0.7008718185820543,0.6098127789393941,0.6735541066892562,MEDIUM
9143E69DDE6286A0767AE28B721A600B,missing_rate,0.46623863630210555,std_consumption,0.4118482562442852,max_consumption,0.33330409015564033,0,0.4784091403876974,0.0496586394882731,0.3497839901178701,LOW
32D4F7E5035B2D17BF38E58A0BE50FFC,max_consumption,0.5018439432556048,month_10_mean,0.30746643060242235,std_consumption,0.27273688620317166,0,0.6071775940662894,0.0716323761632185,0.4465140286953681,MEDIUM
3D3DBE16CC8C8CEAA49EF3AA10D86E62,max_consumption,0.6046667505717241,zero_rate,0.4436589433538969,std_consumption,0.3061019755157963,0,0.7475674313053476,0.1502759895416649,0.5683799987762428,MEDIUM
FDDDD314269BFC20685E9493E7CCA4FF,consumption_change,0.5255165821237809,min_consumption,0.35103455458886723,month_7_mean,0.20159880600979702,0,0.6249412029547026,0.0511666087167243,0.4528088246833091,MEDIUM
9B6C9C64366AE9B230A34BBC0773D57F,month_10_mean,0.22235151217832458,max_consumption,0.1775546833815659,long_term_change,0.12872448637834732,0,0.5618482217860225,0.0304216362762546,0.4024202461330921,MEDIUM
E01AEAA994CE76728B36AFB3343FB702,max_consumption,0.580099014055112,std_consumption,0.3940591026420745,consumption_change,0.2511887942974483,1,0.5601019965255056,0.1103623815939401,0.4251801120460359,MEDIUM
4142ABDC9288DA85CC844164BEC92184,consumption_change,0.4852834736727186,missing_rate,0.4437564521463287,max_consumption,0.2818832085778298,0,0.5473829329545498,0.0389685817519135,0.3948586275937589,LOW
5FB0DF86B3F6AEBA605696B8EED55455,max_consumption,0.5224195013472548,consumption_change,0.503636840677791,std_consumption,0.26292055021991856,0,0.4941324808359905,0.1866680149804941,0.4018931410793416,MEDIUM
558B4285E54E7B6174B48A4B8EE7F9B7,min_consumption,0.4012996712689096,zero_rate,0.2147415492088119,missing_rate,0.09819091783849665,0,0.2134981541149342,0.0383220341827077,0.1609453181352662,LOW
87BE4B098CBE90B7DAB8BC5E7AFDFEFE,month_10_mean,0.10835716929621204,month_1_mean,0.0652661756625971,month_3_mean,0.05829547086576791,0,0.1798515451617562,0.0174245080699197,0.1311234340342053,LOW
D8806C42B4F1D74B3687D0C5D1A31C5F,max_consumption,0.8207599089034114,std_consumption,0.3873321320690411,month_10_mean,0.3394705394177203,0,0.7351836177030671,0.2856741882498799,0.6003307888671109,MEDIUM
2DC8402D734416DD532514CAB668766C,missing_rate,0.45964292640577337,min_consumption,0.3914579273495468,zero_rate,0.19467178087742157,0,0.2089306817991058,0.0457591908673104,0.1599792345195672,LOW
1DB816F2929C2F803C73E9BF4E81CAA1,month_7_mean,0.15005796205924113,month_3_mean,0.12898190979046645,month_6_mean,0.09799123197650188,0,0.1562208729734837,0.0163267759083319,0.1142526438539381,LOW
18DEA79D6B12DB9BA60C4F07F5E8B181,max_consumption,0.6879085801778674,month_4_mean,0.39776406711571644,std_consumption,0.38748109549670473,0,0.7379147268593484,0.1231188789188398,0.5534759724771958,MEDIUM
0C37E19DF0E32A9A3DEA3F87BDDECC62,min_consumption,0.37615858244790973,zero_rate,0.13465019371328374,consumption_change,0.10594810560223321,0,0.053505855264983,0.1594292877261765,0.085282885003341,LOW
CC81EA5631D9D5D573EEB76D4F538649,month_5_mean,0.15124706378143035,max_consumption,0.07760747507333525,month_3_mean,0.056657868575688664,0,0.2045713675469115,0.027541210138471,0.1514623203243794,LOW
5891DF8E2A9E2C523FF6CE30545B43F3,max_consumption,0.08994720203052108,month_10_mean,0.0763856525556841,recent_mean,0.06421912703743683,0,0.139743479054009,0.016539226241304,0.1027822032101975,LOW
7FABEFF286DAAF71F410F80E7A7D776D,month_7_mean,0.2790196359444296,month_6_mean,0.1844902176150804,month_10_mean,0.17001202144979555,0,0.5877209384666191,0.0074271704070967,0.4136328080487624,MEDIUM
D7764102E1D7B80E00BFE94551245D28,min_consumption,0.5035393649379714,first_half_mean,0.083080963858906,month_6_mean,0.08278437948707107,0,0.1721072716054102,0.0305632430310538,0.1296440630331033,LOW
7B022EC79EEA17FA035FEAD23828E5D7,max_consumption,0.2967517025995655,month_7_mean,0.17907034295279523,month_6_mean,0.17006099545062817,0,0.5898794894898112,0.0208656034764325,0.4191753236857976,MEDIUM
F68C5D641927733C76589648ECD56E4D,min_consumption,0.3823699436198753,missing_rate,0.14741456720387677,month_11_mean,0.12125460367664082,0,0.1995761258856034,0.0435728397178684,0.1527751400352829,LOW
B269B2B9B230A48923B67B0C86E276DD,max_consumption,1.4280019245669227,month_3_mean,0.7311753323211494,std_consumption,0.6735267586619511,1,0.9196445264680304,0.7119929911640636,0.8573490658768403,HIGH
F0A73E2A05F66BE67E7EB134202E559B,month_7_mean,0.17957057874438864,month_6_mean,0.1610591265568115,month_1_mean,0.1126062385844922,0,0.1948879189347643,0.0060423850924314,0.1382342587820645,LOW
F0435F35B64069EE490823A2FCCE34AA,max_consumption,0.32458899297111027,month_2_mean,0.2521907510350279,long_term_change,0.1982093910793694,0,0.538278786916479,0.0322225819582105,0.3864619254289985,LOW
53918ACCF5E67AD2395DFB5DE20945C7,zero_rate,0.2027831733629889,min_consumption,0.18952543573095834,month_6_mean,0.09858604021663228,0,0.1322863383244746,0.020988362114089,0.0988969454613589,LOW
2D4082A7C6C4839863B28CD1D7F06EF1,month_6_mean,0.16397984204408464,seasonal_std,0.15338401388723436,month_10_mean,0.08497693271252554,0,0.1818017002935171,0.0141439775456083,0.1315043834691444,LOW
8F1437166727199087D0B33AA2279E7F,min_consumption,0.5739637143930657,long_term_change,0.09735387811422923,month_6_mean,0.08813441235661945,0,0.2453503405594788,0.0345075584871862,0.1820975059377911,LOW
D176EB392233366F6F38E46AA592154E,missing_rate,2.211236846466648,missing_count,0.37489900276677024,month_7_mean,0.2931876540309416,0,0.9538833469431094,0.3813017072787021,0.7821088550437871,HIGH
3541D0ECD9921681375FB7F000736674,max_consumption,0.5807227907450757,month_10_mean,0.5780397170844619,std_consumption,0.31692327914278123,1,0.7121630829465373,0.1491870484169613,0.5432702725876645,MEDIUM
613350EDBC6D948E240A13661CCE85F6,max_consumption,0.7656482379620961,std_consumption,0.36986689324123356,month_10_mean,0.36498501313050924,0,0.5833233731056231,0.1134584115445453,0.4423638846372997,MEDIUM
8B8341C6D3195FF3F22A6F1E561D2D95,min_consumption,0.3677626461382579,zero_rate,0.2511796809348657,month_6_mean,0.11064400372765935,0,0.3213748533926359,0.0265118269982584,0.2329159454743226,LOW
E90FCA44878B689451BC6B2A34FD22C1,min_consumption,0.36904780672569953,zero_rate,0.12605244547531413,long_term_change,0.10944248868444723,0,0.1388259115791113,0.0383298607993393,0.1086770963451797,LOW
CC940F82CB40ACA7E8DA9790667820E4,month_7_mean,0.2661201404482008,month_6_mean,0.17525002110814722,month_3_mean,0.1396801816789086,1,0.5594812874955866,0.0177855144372834,0.3969725555780956,LOW
49077A1E75E4F5C11A0679B5252C8ECF,month_6_mean,0.12047946470984904,month_9_mean,0.11322224297690746,min_consumption,0.11089451279416619,0,0.3236571223216732,0.0104348102279446,0.2296904286935546,LOW
892B4917BDA29762D013FA796FE1F31B,consumption_change,0.6941391154399477,missing_rate,0.5791655076454852,month_7_mean,0.12525200795173638,0,0.5759439306699181,0.2077514880190801,0.4654861978746666,MEDIUM
5FC45FD61389F6D887DC86747F2AD417,consumption_change,0.757705681545446,missing_rate,0.5205975024339522,month_11_mean,0.08563095830756097,0,0.357551441632968,0.0661834681754692,0.2701410495957184,LOW
6DC7A1CCF9D4AA73AB2A6BD0C92262BD,month_7_mean,0.1536026070537819,month_6_mean,0.11981757313636769,month_1_mean,0.10910623726470692,0,0.2888211647358761,0.0065936767118618,0.2041529183286718,LOW
891AA2F25869D51878CD9006B292966B,min_consumption,0.34572281342506916,consumption_change,0.2826470763822107,month_11_mean,0.10587684137335278,0,0.1498464599691217,0.0605098315007798,0.1230454714286192,LOW
62B817CA73CD6BDCDDE9C501A8A8F1D7,zero_rate,0.3313713106875492,max_consumption,0.18395636682822716,min_consumption,0.1477320315379872,0,0.4521486440334989,0.0460317562717779,0.3303135777049826,LOW
FA616CA755C4F5A82ABD87AC8FF24DA2,min_consumption,0.3741733419486303,month_3_mean,0.10587622646533686,month_4_mean,0.07628103709200415,0,0.0616733369496425,0.0450552936775072,0.0566879239680019,LOW
54CDB2F41DBD5DF7E21D29D7839660C0,month_10_mean,0.31487936581717146,std_consumption,0.31149621979607306,month_5_mean,0.1676940733711074,0,0.4000305126145237,0.0866083666810342,0.3060038688344769,LOW
537C1AD3470D641C2B5B58AA955A865F,max_consumption,0.9120102692324235,std_consumption,0.42429165023144566,consumption_change,0.40953441241734984,0,0.8058016327738189,0.43680589524579,0.6951029115154101,MEDIUM
0D7D09C32CE8FFB65D4E08E510A19001,missing_rate,0.8372289834021021,min_consumption,0.27686592234572066,max_consumption,0.27104758406854323,1,0.7509162493546387,0.2396301384562039,0.5975304160851083,MEDIUM
ABEFD7CF9D9E9B92F08762A2633619C5,month_3_mean,0.28661295678382703,month_7_mean,0.1357877891784949,month_11_mean,0.08136359215625887,0,0.1933231609726896,0.0193871422352869,0.1411423553514688,LOW
A256B8D0CD5D0CE70D43B6B4C929DA6A,min_consumption,0.4012996712689096,zero_rate,0.2147415492088119,missing_rate,0.09819091783849665,0,0.2134981541149342,0.0383220341827077,0.1609453181352662,LOW
86F28A7D88D56EFAA422E6F706727F6F,month_6_mean,0.16687268473395403,month_11_mean,0.11381005358054243,month_3_mean,0.09078116758156639,0,0.1267673780639162,0.0217891772698071,0.0952739178256834,LOW
F6B3368CF2C78CD2D6C092DAD12D5B2B,max_consumption,0.6746282935424587,month_10_mean,0.3672159519404365,month_3_mean,0.11204753770572015,0,0.542107455632067,0.0659866110575305,0.399271202259706,LOW
A329B6F509F707142E788F6B524C6FC1,missing_rate,0.22001899982519202,month_7_mean,0.13043290673919994,month_6_mean,0.12014447127363774,0,0.1994464143229195,0.0314372551379298,0.1490436665674226,LOW
541870965EF250684E23225E35B1D2FB,min_consumption,0.285548749138973,month_7_mean,0.18661339828921847,month_6_mean,0.16337158483533432,0,0.3527020229885289,0.0071612939892832,0.2490398042887552,LOW
5DC2DD10E6EA9A038999299BE34311AD,max_consumption,0.6786953279093974,month_10_mean,0.5852761662496905,std_consumption,0.28026371991980753,0,0.5266924118053826,0.3461458544390726,0.4725284445954896,MEDIUM
DF699599318FE2D5CB6AAB2C35E76EA8,month_7_mean,0.2361347538272948,long_term_change,0.18199454135424362,month_6_mean,0.14922246226216473,0,0.3214597826917684,0.0036423921552351,0.2261145655308084,LOW
2F9437D506D6541010E5F9F73AB66BE1,max_consumption,0.7910631127346638,std_consumption,0.4812877728167921,month_4_mean,0.349595804930937,1,0.8350712337320955,0.2329384977075534,0.6544314129247328,MEDIUM
D61F37BAA9AF88AC0747EE8F9AEF1E6F,min_consumption,0.438084461037794,first_half_mean,0.08242417852497852,median_consumption,0.07072452211145802,0,0.037456742472109,0.0432900237997217,0.0392067268703928,LOW
A7AEA3C59E04AD892F46FEBABA898E9F,missing_rate,0.45999471428908323,min_consumption,0.3965647818659285,zero_rate,0.215683834771151,0,0.2881470340014819,0.051492581798696,0.2171506983406461,LOW
CCB229707BC0F44F8886BDDE26ECF7E5,missing_rate,0.32697367629986196,month_7_mean,0.2277906893846982,month_6_mean,0.1358298568585215,0,0.490063233712566,0.0672658240908964,0.3632240108260651,LOW
A0DAEF62D52821CB26583D68F3E6EB96,month_6_mean,0.16962377562048697,month_7_mean,0.1596831275470084,missing_rate,0.15490713125435532,0,0.1981285445192844,0.0315621198841152,0.1481586171287336,LOW
EDB4079D61B0E2AB7F2FF71F3275F8FE,min_consumption,0.638052511475521,zero_rate,0.3067845517300583,month_7_mean,0.2750346360097982,0,0.3480531710165273,0.0295176404383365,0.25249251184307,LOW
74F8F068648706ADE0F5B7049D73E33A,min_consumption,0.4489845243841736,zero_rate,0.2237656225893342,first_half_mean,0.1014085185809882,0,0.1532207304676726,0.0329783726632249,0.1171480231263382,LOW
75154569531DE638E0B462105E41B1FF,month_6_mean,0.13481723374385518,month_10_mean,0.11700825129136734,month_11_mean,0.057832193692810493,0,0.1170245122052713,0.0053414819825219,0.0835196031384464,LOW
4F522FCFFCB1534ECD168C89A4A85D21,min_consumption,0.43225721678263085,zero_rate,0.28167127363009015,consumption_change,0.10915106225747445,0,0.0912982088782651,0.0569332866430882,0.080988732207712,LOW
D202E0687FC38AB260B3DE903A01F2DF,missing_rate,0.45964292640577337,min_consumption,0.3914579273495468,zero_rate,0.19467178087742157,0,0.2089306817991058,0.0457591908673104,0.1599792345195672,LOW
E9991B9D2CEF5AE45FED29CE199E6285,max_consumption,0.577358132890298,month_6_mean,0.1526472734476088,month_3_mean,0.11000539216580958,0,0.2741973758047807,0.025953636336175,0.199724253964199,LOW
F1E791BCEC7AAD813340B7160841A675,month_6_mean,0.17991199364247157,month_10_mean,0.14389972377956542,max_consumption,0.1402598848229454,0,0.3710713163300315,0.0262627053480058,0.2676287330354238,LOW
8EDFC657E9942E715AA10586103C0D8E,min_consumption,0.4012996712689096,zero_rate,0.2147415492088119,missing_rate,0.09819091783849665,0,0.2134981541149342,0.0383220341827077,0.1609453181352662,LOW
5D24E6C0E8110DC31362A228BBC4AB5D,month_7_mean,0.2092612203462138,month_11_mean,0.1442578275024666,month_6_mean,0.11410724596928765,0,0.3110253192733213,0.0152314223444067,0.2222871501946469,LOW
E5294CC430C43D76172E1A5A5D05CB06,min_consumption,0.3467163884591303,month_6_mean,0.12938388582432525,month_11_mean,0.11625700400421693,0,0.1964981732279286,0.0434118546508499,0.150572277654805,LOW
E30F0F926C5C11BA03DD01EA3747DF1D,month_3_mean,0.09961952747716929,missing_rate,0.09771466066281465,month_7_mean,0.09632263821817867,0,0.2003695031554905,0.0326872637816199,0.1500648313433293,LOW
B8716703EEE64262CB2F17F78C0B7331,month_6_mean,0.10601527341592587,consumption_change,0.10385917871820444,month_11_mean,0.10138128468034402,0,0.1676786162266333,0.0171130871588377,0.1225089575062946,LOW
AFD233E5B3F716DBDBFB5154912AE505,max_consumption,0.7834986685300673,month_4_mean,0.4007418323500144,std_consumption,0.3066669853490662,0,0.53115837815877,0.1220826245459054,0.4084356520749106,MEDIUM
74258D82202DFE4EB1AC326A9A1F8C3E,month_6_mean,0.16413196092243373,month_7_mean,0.15730307782536965,month_3_mean,0.08585313732441043,0,0.1784687770628134,0.0193051307978878,0.1307196831833357,LOW
D004402D00B8D99B1D3CA6916EC22E05,min_consumption,0.18887443211657348,month_6_mean,0.15190644485133897,long_term_change,0.14945170284795198,0,0.3688320872843223,0.0355512990336425,0.2688478508091184,LOW
657BDE405AC9CA1DD1C53946F055240B,max_consumption,0.49070110267428,std_consumption,0.31259381273360654,month_10_mean,0.2932820923059045,0,0.3303015981458088,0.0800381295920279,0.2552225575796745,LOW
E141983EE5926119D3695433A53302A5,month_7_mean,0.1727007186835604,month_4_mean,0.1709131153264454,month_6_mean,0.1707912766966875,0,0.2973783039176503,0.0078456135214372,0.2105184967987863,LOW
DDD4134A2644FA29083017C533524EB6,max_consumption,0.4775937643560067,std_consumption,0.31552172305747855,month_5_mean,0.11126376288536317,0,0.3824767626338414,0.0963276547588205,0.2966320302713351,LOW
8F8538BC70DECC8437B49A514546C701,min_consumption,0.34586023856180914,first_half_mean,0.0762795139647842,month_6_mean,0.061411705386506435,0,0.1014772500465061,0.0354314213075519,0.0816635014248199,LOW
A41268FD20EBFB5FAC45A7FE3FE7F1E5,min_consumption,0.5920206889699325,long_term_change,0.12217406051105058,month_11_mean,0.10361421689253045,0,0.2921912768650986,0.0313585858117902,0.2139414695491061,LOW
0F3BD0F876C12E801A2415FBA9F636A9,month_7_mean,0.11399123600941795,month_8_mean,0.1000391954059659,month_6_mean,0.09144486209841926,0,0.1229139554958377,0.0159910476555436,0.0908370831437495,LOW
F9EF090B3FD9E9BAA6C3BC9F66111C42,month_6_mean,0.1917665759126673,month_7_mean,0.13456978065109615,month_11_mean,0.07525316897776885,0,0.2361792887992275,0.01664581194961,0.1703192457443423,LOW
204E32D4DC931A05161ADC0CAFD8ABBF,max_consumption,0.408460834915911,std_consumption,0.29991041846979855,long_term_change,0.20962700697328787,0,0.3735045492042883,0.0908563335837775,0.288710084518135,LOW
C4B6408DD4DBB71C76A19D82464C5187,month_6_mean,0.18718365806290369,month_10_mean,0.1599882556454317,max_consumption,0.10376092106024563,0,0.2896788213077808,0.032686290537262,0.2125810620766251,LOW
1CE098FA984AC56FA7235CAC0E17DA0D,min_consumption,0.5588120787953843,max_consumption,0.19046992107220675,long_term_change,0.1366236198452622,0,0.2500436023485954,0.0458090429293422,0.1887732345228194,LOW
53B7DC78D244CAAA9753230A5DF48CAA,min_consumption,0.38140885368564936,missing_rate,0.32639153750408045,zero_rate,0.14030014207972663,0,0.0751173840862876,0.0651431558965847,0.0721251156293767,LOW
0AE44E1966DF7E03E1E185EEA0347B0E,month_7_mean,0.15045224914666108,missing_rate,0.10481528975329725,month_10_mean,0.09383605939381048,0,0.3832678919695881,0.0180031026243882,0.2736884551660281,LOW
3AAFA2331338C5A723541688B034EB95,min_consumption,0.38526742601820835,zero_rate,0.18135848655912315,month_11_mean,0.09013643888382884,0,0.118507370027806,0.138635961030934,0.1245459473287444,LOW
C8833A63209283C640273E3BFCA2FAD7,min_consumption,0.46003784872045533,second_half_mean,0.32559103394205174,mean_consumption,0.2309943844144071,0,0.2997126188240988,0.0325719934502252,0.2195704312119367,LOW
D7D5D45951CAD98BE88A53F91DC46F10,month_6_mean,0.20775230607708103,month_10_mean,0.09785513632026341,month_2_mean,0.09608490587647217,0,0.3056663559007961,0.0136284952483633,0.2180549977050662,LOW
374409B45B17A601C66D11807B183226,max_consumption,0.48665220478764976,month_2_mean,0.12177266022017484,month_11_mean,0.08738001848747627,0,0.4254091242896092,0.0492989885115092,0.3125760835561791,LOW
8A2B5C0CF5709DB31DBC6AECE63DBFC2,month_6_mean,0.10077057863052134,month_11_mean,0.05537134664214777,month_7_mean,0.031180360154161216,0,0.098005912764857,0.0497993043185321,0.0835439302309595,LOW
C536DEEA686610F600542B76D6699CC5,min_consumption,0.39517971556920145,zero_rate,0.2646457754990047,month_7_mean,0.24994565216295675,0,0.4632405079907437,0.044859849271382,0.3377263103749352,LOW
F364220EEADA75DE49CABBE310D98269,month_10_mean,0.27288009930894075,month_2_mean,0.21474924003588264,month_5_mean,0.17195397654901223,0,0.3154987483373167,0.0366429055815935,0.2318419955105997,LOW
D895DE3BBD6CEF862449E6B5C19FC4F1,month_7_mean,0.16041151202899398,long_term_change,0.15534847401297489,month_11_mean,0.11228988445849603,0,0.2539507608423074,0.0356962174242032,0.1884743978168761,LOW
44C65AF3133147A74CDDA5D6F768FF49,month_7_mean,0.15642329944466854,month_6_mean,0.15035623331432374,month_11_mean,0.11315348898567368,0,0.2429688866117683,0.0074531579922829,0.1723141680259226,LOW
11AA39A4DD375A941C96B69AD4C6D755,max_consumption,0.21250917985995696,month_5_mean,0.12614509150714523,month_6_mean,0.11794302714908203,0,0.2806989416120107,0.0200334623871096,0.2024992978445403,LOW
A33821AFF7CF978C81A5FFF96A668D5A,max_consumption,0.6352942151082792,month_10_mean,0.43822652170551357,consumption_change,0.35927712653335436,0,0.6430378907178261,0.1546522720784192,0.496522205126004,MEDIUM
CB2E244E736CE527F733FE76564B9EB1,month_10_mean,0.5516485492456946,zero_rate,0.4190733315491553,consumption_change,0.38759227726275153,1,0.7539723215300381,0.0622052854250818,0.5464422106985511,MEDIUM
134866DA97423ECAE4B08583B1CE0DC7,max_consumption,0.462723943400091,std_consumption,0.24625236596707717,month_9_mean,0.13035149910476435,0,0.592680144193459,0.0933239806308106,0.4428732951246645,MEDIUM
E8D9582039B2DC76BFFBD355032E462F,max_consumption,0.6031720704144478,std_consumption,0.3000653602789608,long_term_change,0.17214243990248174,0,0.330024687758608,0.2080806423739567,0.2934414741432126,LOW
63D8684EFB5CC79EBFF50A12A6E8C889,min_consumption,0.44905428163699856,long_term_change,0.22789798748567083,zero_rate,0.11293688654172442,0,0.1654213115726414,0.0324435072534957,0.1255279702768977,LOW
2CECB726D3CF91C17C4D09A3EE169A0C,month_7_mean,0.1529352455281497,month_11_mean,0.08607626204671638,long_term_change,0.08127151110672129,0,0.3278835311652677,0.0177219154490998,0.2348350464504173,LOW
AE476FB9FC93B8E6DA3641E00FBDE7FE,std_consumption,0.3115823926373057,month_6_mean,0.1356350048453278,min_consumption,0.09352810754695064,0,0.1593449709858635,0.0449966513328271,0.1250404750899525,LOW
FAA345F53DD18341F454BA92D27F07A5,month_6_mean,0.21715740910068462,month_7_mean,0.21257677504341788,month_10_mean,0.12794937277382867,0,0.2832764485776264,0.0044492070499692,0.1996282761193293,LOW
2D2B34F71520411087E058579210E994,min_consumption,0.47947398204996206,consumption_change,0.24646777846947784,month_6_mean,0.12310655716787404,0,0.3372559997176907,0.035019065177038,0.2465849193554949,LOW
061F560C50920651AE8CEE569165CA8F,month_6_mean,0.07050900741914498,month_11_mean,0.05633074727943952,max_consumption,0.053519436386816624,0,0.1186026349493171,0.0139631620583394,0.0872107930820238,LOW
C3EDA3D61BA6E9963A1AE8A4D8A055A2,consumption_change,0.509995489091536,month_10_mean,0.2503520073746604,max_consumption,0.2268294500221233,0,0.5219050666385975,0.0465688252570075,0.3793041942241205,LOW
47C485F4C2AACD9A642BEB25EF2C408D,min_consumption,0.3070542820836692,month_7_mean,0.2780023343872672,month_6_mean,0.23363197100761998,0,0.3010003884242458,0.0114675039213341,0.2141405230733722,LOW
DBD8A4A90F2BFCFEDDBB4E004D782004,min_consumption,0.39415698686090783,consumption_change,0.20590681758774546,month_6_mean,0.1371595894881867,0,0.2786181127012477,0.1060030976897457,0.2268336081977971,LOW
8EB52AC22CC36C9A072377CF4A7C3DFD,max_consumption,0.6004932124408472,std_consumption,0.22640454481855424,min_consumption,0.16260448702609498,0,0.5427887172839672,0.0695638312466258,0.4008212514727647,MEDIUM
A9F3B05C400F5D1F53E44A86A4F33483,max_consumption,0.6121510854956855,month_10_mean,0.42026843534729535,month_5_mean,0.17067085118507822,0,0.3917555666240161,0.0268354361891503,0.2822795274935564,LOW
D1D047A6F04F3D35401CC0D4238568DA,min_consumption,0.4579607947410514,zero_rate,0.22643763860220908,first_half_mean,0.09960211669267363,0,0.1568501125906395,0.0289395418308152,0.1184769413626922,LOW
C6A15974656A6DE56792C458743CD05B,month_6_mean,0.06864343058487128,month_11_mean,0.06839072552869595,seasonal_std,0.05647215986383023,0,0.1003681107483919,0.0116549355182669,0.0737541581793544,LOW
34E3868B8437FC036C980CE17F86F3AB,min_consumption,0.46546894364742913,zero_rate,0.24416524291008265,long_term_change,0.21626837613999636,0,0.2486360667800192,0.048678789780027,0.1886488836800215,LOW
08D662461BD06225B3185ACD029691E4,month_4_mean,0.4456516636920819,max_consumption,0.4350244169925982,std_consumption,0.330083626639702,0,0.5519805142080623,0.0675919880982497,0.4066639563751185,MEDIUM
5EFAD0F3B89E086D7E639CED9DD9D4DF,missing_rate,0.9198038025779687,min_consumption,0.2923966972862883,month_7_mean,0.23247843145398647,0,0.5954911632800459,0.2523088863211659,0.4925364801923819,MEDIUM
68B07F659D17CE28D856AD7B2D23A240,month_7_mean,0.23204147638776054,month_6_mean,0.2101940278335321,month_9_mean,0.10433332471606378,0,0.2573280254410886,0.0060171361919469,0.1819347586663461,LOW
D2B895396D40E665DD318C2F720850E6,max_consumption,0.41018744445249306,consumption_change,0.36285575477219323,std_consumption,0.271560780689443,0,0.4538753439316411,0.1020465861422024,0.3483267165948095,LOW
CD96FE6FA1EB2E5B1ABCCBE1AD625D4D,min_consumption,0.3945338725717436,zero_rate,0.1948500512582633,first_half_mean,0.09111962549801213,0,0.1400314191122918,0.0849904692732241,0.1235191341605715,LOW
756F5DDFFEBD62B57BFF29F0B1E69091,max_consumption,0.7519137321304604,std_consumption,0.25203538733813075,month_10_mean,0.2162477857396166,0,0.3453150462776442,0.2891877539304265,0.3284768585734788,LOW
FF31F05FB670F25DDD7D871598681E05,min_consumption,0.5409930839261327,month_7_mean,0.24516926340388004,month_6_mean,0.11594669770413371,0,0.3311398966199769,0.0241876407181012,0.2390542198494142,LOW
4F641A97CD6401860B426CFA14A309EA,month_10_mean,0.3392226892311349,missing_rate,0.1622688073865358,month_2_mean,0.12976578359741175,0,0.2994205844291011,0.1048988355941659,0.2410640597786205,LOW
6110E24BE5079A403C4C4D2E0EECF76F,month_6_mean,0.1816684125623542,month_11_mean,0.08586726116300175,seasonal_std,0.05437008487244385,0,0.2025822480852439,0.0204274440648019,0.1479358068791113,LOW
05AC43E1D45797094FF5789B6FB34D01,min_consumption,0.40961863473565063,month_10_mean,0.34120695930796646,month_6_mean,0.2579023382946229,0,0.1674308930713089,0.0283039840099641,0.1256928203529054,LOW
91BEBE1D8626B1042292DABA361259CE,min_consumption,0.45544515807776503,max_consumption,0.3571792162086331,zero_rate,0.09868559112369027,0,0.1058873806820144,0.0553823406734187,0.0907358686794357,LOW
EF16DC680FD742039AB2ACC63F8301F5,max_consumption,0.5695748615018273,month_10_mean,0.2990033152429511,std_consumption,0.27578965436206165,0,0.5130970411683579,0.0797000730990777,0.3830779507475738,LOW
DEA5567AAEE702232BC866F5A217BFB6,seasonal_std,0.17874979900041787,month_6_mean,0.17709699670252554,month_3_mean,0.12512175101957335,1,0.3412236146678348,0.0004632349401419,0.2389955007495269,LOW
A0438FB01C27BC6D54FC1488718942F9,month_10_mean,0.1937496136460497,month_2_mean,0.1837072600985382,month_6_mean,0.16107388025826888,0,0.292610563547093,0.04156541499472,0.2172970189813811,LOW
8EAA4F00F3067B57E25F226F1054138C,max_consumption,0.39883357583625884,std_consumption,0.3245101070992351,month_10_mean,0.3120432799387083,0,0.3580482630978611,0.0813540110340836,0.2750399874787279,LOW
7B68BB30B28749877EAC5F8C3E29FB56,month_7_mean,0.21671610236956296,month_1_mean,0.12202422410879313,month_6_mean,0.11972849027999957,0,0.4511313830934471,0.0224459389762633,0.3225257498582919,LOW
832A1205B90C2DDE70815FE840F43D17,month_2_mean,0.2096909163794403,max_consumption,0.20665345704826418,month_5_mean,0.15911438798023592,0,0.2596565253955314,0.0562985738931804,0.1986491399448261,LOW
3DCC5C499F3C1A4AFBCED18CB5F16C3D,month_7_mean,0.2528451645086972,month_6_mean,0.18779547676791675,long_term_change,0.18718663877969435,0,0.2449204103750796,0.0083849573400862,0.1739597744645816,LOW
567D5CDBA7375E851316EE09117EDC73,consumption_change,0.36335979318679534,month_11_mean,0.16311183197821869,max_consumption,0.11431329862651916,0,0.2289652481642581,0.0317402660759046,0.1697977535377521,LOW
C625FD8AAF18B11A345F53BA1F7D7D6B,missing_rate,2.211236846466648,missing_count,0.37489900276677024,month_7_mean,0.2931876540309416,1,0.9538833469431094,0.3813017072787021,0.7821088550437871,HIGH
CD087C1692934A3B90C55B595BA45D73,month_7_mean,0.2062454282384613,month_6_mean,0.17558981013764094,min_consumption,0.14833310155532442,0,0.3580868471526012,0.0261261038239793,0.2584986241540146,LOW
49870F62FB8C9DB76372E9B3B17F9647,min_consumption,0.4445759873802473,zero_rate,0.22943147577021597,first_half_mean,0.10006121801693596,0,0.148779107166946,0.0306490978761,0.1133401043796922,LOW
056912079990CFCEE006C6737DFE3551,min_consumption,0.39040797634780855,zero_rate,0.2047629244861774,missing_rate,0.09362960288468866,0,0.2007662740528046,0.0499854164648866,0.1555320167764292,LOW
103EFC383E2A886335AEA645CB5020B4,max_consumption,0.488668249937822,month_10_mean,0.4519170581657064,month_6_mean,0.19071583188809227,1,0.7805225017245127,0.0756720176066317,0.5690673564891483,MEDIUM
5265C6A02312BC705C73ECD4A9E86732,max_consumption,1.343614293802722,std_consumption,0.5003935998238065,month_3_mean,0.3911995595785955,1,0.8749182001979153,0.4847936296181452,0.7578808290239842,HIGH
86AEAE4CCBDB31B4B756D19822F77215,min_consumption,0.3989479643418244,zero_rate,0.21095439157653453,missing_rate,0.15426210621028705,0,0.2134981541149342,0.0400354016790532,0.1614593283841699,LOW
A19BA38F1D16DE5ABB2B11C1615AB443,max_consumption,1.4155307668374906,std_consumption,0.5353957564321795,month_10_mean,0.38483567367468785,0,0.763243658246313,0.5475783236733499,0.6985440578744241,MEDIUM
0AE50B23EBE1A6840440CDFB2FC1ABBB,min_consumption,0.18380990444670092,month_7_mean,0.1286836366514087,first_half_mean,0.10088011799969351,0,0.1203364884672176,0.0291138551846545,0.0929696984824486,LOW
E375D941A33362E48282DAB8DC572A4F,max_consumption,0.7354120486904571,std_consumption,0.42901645509848674,month_10_mean,0.32596455891671267,1,0.8181635238921507,0.1687546767470557,0.6233408697486221,MEDIUM
0DF9676429B0970E2F94E9A746F0A1E4,missing_rate,0.7905120749633382,max_consumption,0.5536521347201002,std_consumption,0.31688243205193645,0,0.6529301708605886,0.2178922753400836,0.522418802204437,MEDIUM
3ED84888659178636C61AB1A4FA6AD4C,max_consumption,0.4676893021154363,consumption_change,0.38996077329731527,std_consumption,0.3650585760609901,0,0.401262403351245,0.118264935702235,0.316363163056542,LOW
84AB558DD5C8825AE2121687C6CC01BC,max_consumption,1.0364164569597163,std_consumption,0.41908862595726115,missing_rate,0.3675905140253727,0,0.7283589936730734,0.3305599914492294,0.6090192930059202,MEDIUM
6626DCE568A14808CD3A89AE61C764E0,std_consumption,0.22666410335115,max_consumption,0.1973898789990975,long_term_change,0.19714616333081372,0,0.5238528420818838,0.0855031246391377,0.3923479268490599,LOW
229E835F5A42E67ACE5417F8948A864C,month_10_mean,0.18775809221500217,month_5_mean,0.09252032282518723,month_11_mean,0.047612773632054864,0,0.159344449121763,0.0290885705227774,0.1202676855420673,LOW
458FEA708707E62DD5702DADD4EDEC51,min_consumption,0.4489783075483616,zero_rate,0.25040369907418414,consumption_change,0.1138908282515527,1,0.3254502923482993,0.033231811919827,0.2377847482197576,LOW
54E5B6D5F5160CCDE2EDDBA2B3943D77,min_consumption,0.4748589226199513,max_consumption,0.3656701859483894,std_consumption,0.3336742882588703,0,0.4091617074608102,0.0631072491759674,0.3053453699753574,LOW
8561BE96284B69DF59E9F761D4BBB4EF,month_7_mean,0.2213889028522706,month_6_mean,0.12757199771342037,missing_rate,0.09582817623869624,0,0.1208797177169923,0.0296265932380458,0.0935037803733083,LOW
3D535906D4C4BD7F179880C0C8F81D2D,max_consumption,0.5336858441623921,std_consumption,0.318798023224714,consumption_change,0.09947414062654683,0,0.4025804496581102,0.0850314686409107,0.3073157553529503,LOW
03E9F54D5C77ABEACB50A9F88157CB82,missing_rate,0.2785575219231275,month_7_mean,0.19157634133286805,month_4_mean,0.12751699542184203,0,0.3758600760952727,0.0589587830034267,0.2807896881677189,LOW
DD66CC542E310CAE08FD46B8C1DD0029,min_consumption,0.29450754654011385,missing_rate,0.2503649048751742,month_7_mean,0.208363355441474,0,0.2018733793779553,0.0863950749849873,0.1672298880600649,LOW
11DBF3BCC0B63391B619593F72231A37,month_10_mean,0.3278549033628676,max_consumption,0.304834742705949,month_4_mean,0.1614383726412675,0,0.3372500260195766,0.0598520871163417,0.2540306443486061,LOW
8C286DA57F6FC3A4AC612C560DA5BB4B,min_consumption,0.4641591746028752,long_term_change,0.16296318111962524,zero_rate,0.11443602827256076,0,0.1878654817541668,0.0360130941774674,0.142309765481157,LOW
9FC2421D5C74FCF24CC4BBAC6D2C85BB,missing_rate,0.5647891852849439,min_consumption,0.37088165621336516,zero_rate,0.20879061748841948,0,0.1589578079904985,0.331820103563274,0.2108164966623311,LOW
30D3BDDB2BF1D51AEA9C26AF9882CE52,max_consumption,0.21684333243628273,long_term_change,0.19097154310753325,month_6_mean,0.16957781356102847,0,0.4304108532298639,0.0218884879406384,0.3078541436430962,LOW
4DB0773CB7A23416BA91D1DFA70223EF,missing_rate,0.973909988396102,month_7_mean,0.3731497967686255,month_3_mean,0.1601196152045744,1,0.7619899450747603,0.0335280853717651,0.5434513871638618,MEDIUM
FA1112BEAF1C4E8BEFBA6CFE609DFC7D,max_consumption,0.3786074392984031,month_10_mean,0.253143654613508,month_2_mean,0.1530262865163605,0,0.5678476269707481,0.044990368670139,0.4109904494805653,MEDIUM
A4661AAE237DE87759EA3B22684DFA06,min_consumption,0.43409451283928885,zero_rate,0.194390847938444,month_2_mean,0.11197785267098276,0,0.0920609749921521,0.0975255774710937,0.0937003557358346,LOW
684E00FDA767E2277F63948D68017EF8,max_consumption,0.2507640037302036,month_5_mean,0.11472193328439494,seasonal_std,0.09076714193306766,0,0.242819306807245,0.016856600966692,0.1750304950550791,LOW
5E5C5DCB4928C45E9007EDDAA2321CAB,missing_rate,0.7430004965903788,month_7_mean,0.12792001062491662,month_3_mean,0.11869609020394192,0,0.195961581669532,0.0514985106834426,0.1526226603737052,LOW
B5D15CC9788E5FA7382DB4A764F87E1D,min_consumption,0.4782136626190391,second_half_mean,0.1215111322143504,month_6_mean,0.10989810855071465,0,0.1009650525795013,0.0402373577787289,0.0827467441392695,LOW
BF1ABBD691BBB0B1B0629F36BC90875E,min_consumption,0.21582382757142213,long_term_change,0.16903592860673933,month_6_mean,0.12753442713613725,0,0.3356398950906412,0.0194408198143788,0.2407801725077624,LOW
FA26760379A9D8FDF77D2121A781E955,max_consumption,0.267145985660318,seasonal_std,0.12806656419696716,month_3_mean,0.09492140204846863,0,0.2411962760635152,0.0413032423593627,0.1812283659522695,LOW
CBBB4A4A7A0392182991368C847C1931,min_consumption,0.4579607947410514,zero_rate,0.22643763860220908,first_half_mean,0.09960211669267363,0,0.1568501125906395,0.0289395418308152,0.1184769413626922,LOW
DD9727BDFB0B4C363BCF432A678ADE93,min_consumption,0.21903506385905694,max_consumption,0.21457162938235472,missing_rate,0.19637612034200783,0,0.4504133004020216,0.4406983076190599,0.4474988025671331,MEDIUM
73CA7EF45B1DE9DD4F6FD68F0E416C91,min_consumption,0.44939508199894557,consumption_change,0.30783462621549845,zero_rate,0.28311033190541884,0,0.3623725431414928,0.5711107803415061,0.4249940143014968,MEDIUM
E4AFB593967051A673669BF859A4B597,min_consumption,0.44913262657346675,zero_rate,0.224657505255495,first_half_mean,0.10003711100522651,0,0.1442090520522031,0.0369796466120905,0.1120402304201693,LOW
609D730122C90C4332917830D6C43632,min_consumption,0.34034853278737276,month_11_mean,0.109647553532763,missing_rate,0.10643164719906027,0,0.1606798816537623,0.0395953804993004,0.1243545313074237,LOW
83F417EEBF9DED884801A70D36310565,month_6_mean,0.2401302216377009,month_3_mean,0.09806944372808307,month_9_mean,0.09337376182335877,0,0.2372768415591401,0.002163080191135,0.1667427131487386,LOW
9B2B647CA9534C6930A9091C4A34A6D4,std_consumption,0.3093405883841763,long_term_change,0.26987131705990725,max_consumption,0.2664313155652996,1,0.7493577333083387,0.0733087333080121,0.5465430333082407,MEDIUM
AA5EAC0686BFBC3F010AFC224A9A8C97,consumption_change,0.37520630759649126,month_10_mean,0.28174322979877103,month_11_mean,0.14052534759771282,0,0.3322588365719359,0.0427735810072473,0.2454132599025293,LOW
970FA65FC0BB29F61F7840161C5E63BF,month_6_mean,0.1057009869481931,month_4_mean,0.10236490436314927,long_term_change,0.07387096520948072,0,0.1376326143888329,0.1116223968345664,0.1298295491225529,LOW
D032BAEC1818F5CEB61D9F3FB330B7A5,max_consumption,0.5131808375114933,month_4_mean,0.4017286605489226,month_10_mean,0.35913457836880425,0,0.7117889462924443,0.1244548421942933,0.535588715062999,MEDIUM
4D5BC6C28F4091FB5D827D8A84FBE870,min_consumption,0.5280168063687455,zero_rate,0.1440038213276578,long_term_change,0.12499822209051888,0,0.2404995905888991,0.0319034826190055,0.177920758197931,LOW
52BD78DA4FB8900C3C4306062E54AFFD,min_consumption,0.2617737846249884,month_3_mean,0.09682838484782924,zero_rate,0.08378980637477428,0,0.1936491901252188,0.0169084043612893,0.1406269543960399,LOW
E8F9050C987F7DC63F5C128C0E244BE0,first_half_mean,0.11075851045219193,month_6_mean,0.07023916948836613,month_7_mean,0.06530646383087853,0,0.0302708835043603,0.0348287903752332,0.0316382555656222,LOW
A70828D956AAFFAADC2457BAD81F8DCF,missing_rate,0.12643546234462952,month_11_mean,0.10502471318774476,month_6_mean,0.07849529625340228,0,0.0657086140664948,0.0533333097830226,0.0619960227814532,LOW
0203FCC0FA52752A16E840953697513D,max_consumption,0.18551663372281477,month_6_mean,0.15871934240061447,month_5_mean,0.08250241398180203,0,0.3445433655813454,0.0258577671083262,0.2489376860394396,LOW
E6CC38A8A8C674F13C78C56CAE7FA056,min_consumption,0.26697277771485284,month_3_mean,0.07906841588071954,month_6_mean,0.06735662036758168,0,0.1156903661069787,0.028493669559054,0.0895313571426013,LOW
84E8A2DED80F65BA5D6BC0140B8F2035,min_consumption,0.4579607947410514,zero_rate,0.22643763860220908,first_half_mean,0.09960211669267363,0,0.1568501125906395,0.0289395418308152,0.1184769413626922,LOW
9374B9C2B1D3B006500DA728C75CCF03,max_consumption,0.5651105502083077,std_consumption,0.3456000313145005,month_3_mean,0.177305307522819,0,0.5762734152219724,0.1511203924222747,0.4487275083820631,MEDIUM
B40CD5F7C0A2BA38DB6DC38937AA2F1A,month_7_mean,0.24231598998497275,month_6_mean,0.1447115675365021,month_3_mean,0.10855831694321762,0,0.3293181403881489,0.0292994135263418,0.2393125223296067,LOW
FF706270EED9B1B0F702FEF99C451E19,month_2_mean,0.17509391443469394,max_consumption,0.16611273418953948,month_10_mean,0.15603365069027672,0,0.3918553753295814,0.051510571892098,0.2897519342983364,LOW
3853804614CC931110CCACA05D3B268B,max_consumption,0.8695174095247049,std_consumption,0.44229349655010364,month_4_mean,0.335758341462191,1,0.8459933799218745,0.1921288751609099,0.6498340284935851,MEDIUM
5B3321256AFFA94FCE0B55F6DC27B43A,month_6_mean,0.21200269296356936,month_7_mean,0.20414513124785008,month_8_mean,0.0902420920978714,0,0.2792187969038344,0.0281286937927748,0.2038917659705165,LOW
BE1723F37CE861D070488B7EE3B72327,missing_rate,0.9632686852059877,month_7_mean,0.2726257317168445,month_6_mean,0.2323227390131193,0,0.6069987339691274,0.3836377608350809,0.5399904420289134,MEDIUM
19AC8EAEC1A8E89549749CEE04AE091F,missing_rate,0.8295944360049866,max_consumption,0.49426990958024236,std_consumption,0.3632258848464873,1,0.8863420937004098,0.1297584092928796,0.6593669883781508,MEDIUM
958EBCCC07F4D57DE96CF8C747639EE7,max_consumption,0.6765414570692011,consumption_change,0.3495304744138363,zero_rate,0.2553850423025121,0,0.6421905969771462,0.2928970660773514,0.5374025377072077,MEDIUM
22231CC9F8964CB07CD9D7A92642A8F6,min_consumption,0.5095698194981894,max_consumption,0.27660698160905256,month_6_mean,0.17339702087978698,0,0.3516637375227407,0.028886862126911,0.2548306749039918,LOW
15F4BFFFE8C61F67D1AB274B7C462617,min_consumption,0.4579607947410514,zero_rate,0.22643763860220908,first_half_mean,0.09960211669267363,0,0.1568501125906395,0.0289395418308152,0.1184769413626922,LOW
7EC34BAF0D7E149B912D067D05216F16,max_consumption,0.4991248905976169,std_consumption,0.27168488810741764,month_5_mean,0.11617795183629218,0,0.4203207856633413,0.1123115328658775,0.3279180098241021,LOW
9ACFCBAF7A3051421E1DD514F8CCA028,min_consumption,0.2919337025496002,month_7_mean,0.24932459510230923,month_6_mean,0.15496171067480358,0,0.2634629456394833,0.0116641348439115,0.1879233024008118,LOW
10D6EA78CFC26E7FF0C291DEFC13D5BF,month_7_mean,0.18052099154650433,month_6_mean,0.15669783634530807,month_4_mean,0.09702207498286249,0,0.2267729432043194,0.0300406404723388,0.1677532523847252,LOW
39F264EB38179D8015DAEACC6E9C2923,min_consumption,0.40408407285812625,zero_rate,0.11918507151169029,month_7_mean,0.08910886876882168,0,0.1035754841821205,0.0325957839307466,0.0822815741067083,LOW
AFFA79CC93015CE558E086C85F249D2D,month_11_mean,0.08874707014560441,month_6_mean,0.08780976264576935,max_consumption,0.0864374612512889,0,0.3117773845229812,0.01598999237721,0.2230411668792498,LOW
7DDCAD6A926DACC97C2478EA711E4ABF,month_5_mean,0.22113486040339367,max_consumption,0.1547746485763719,month_9_mean,0.1253005252586783,0,0.2737954347211905,0.0230129263632191,0.1985606822137991,LOW
9905222C6E871D3D5E08FB1F1454C922,consumption_change,0.5363677958845725,max_consumption,0.5019155351570628,std_consumption,0.21248581844678174,0,0.5205578371525519,0.1242120300215821,0.4016540950132609,MEDIUM
0E038453D0D51101577E2568FFBAF6F4,max_consumption,0.23708193249570428,month_3_mean,0.0820786876535417,month_11_mean,0.07054647645772807,0,0.222201763951169,0.0174397506067324,0.160773159947838,LOW
A1B9C08702585874AB4AABC915908B99,zero_rate,0.5287782437297822,max_consumption,0.4531987548459089,month_10_mean,0.238470815426939,1,0.7839032650210466,0.0275469982697267,0.5569963849956505,MEDIUM
E27AF5465C2D641C4DFBBFB669A50B21,max_consumption,0.5329521458843461,month_10_mean,0.22953696614164298,seasonal_std,0.1512640254486492,0,0.3826115659781438,0.0988965917200474,0.2974970737007149,LOW
89F764C6200F8C25F80E352128FB14D1,min_consumption,0.4873676817747009,long_term_change,0.1444372865254495,zero_rate,0.12109467908150594,0,0.1866994067223746,0.0372158965381254,0.1418543536670999,LOW
2315E679168F92B355918BEAC8976375,month_7_mean,0.1991999781817708,month_3_mean,0.1634155075571445,month_6_mean,0.15486874696921468,0,0.3418650746274762,0.0089602091730413,0.2419936149911457,LOW
1F35398566DFD073EE8219F720209309,min_consumption,0.2584448087944861,month_7_mean,0.24408498223118028,long_term_change,0.1464830978282347,0,0.4814375459338701,0.028340653667198,0.3455084782538685,LOW
571C811BD5D7013310D90041DB7BA389,max_consumption,1.4282845169386604,month_3_mean,0.5665194279393043,std_consumption,0.4514631077156861,0,0.8406376354625851,0.3948970662666837,0.7069154647038146,HIGH
2BDABCDD5BDFF2FD7A8418081A212F20,min_consumption,0.4257532666969675,zero_rate,0.1817771959960616,month_2_mean,0.12168721069591029,0,0.0821050836959696,0.3597843225515471,0.1654088553526428,LOW
7E6EA330611A376F247112B5BA3B3F2D,min_consumption,0.45690217883856454,zero_rate,0.17390728684511092,long_term_change,0.1599251597489775,0,0.3720461526315785,0.0453187720430114,0.2740279384550084,LOW
975D3E5D9E02593FD4F3F6873FAEE65A,min_consumption,0.3890281719770204,zero_rate,0.1445991744805683,month_11_mean,0.09231193827113081,0,0.1736259025968758,0.11783868939389,0.1568897386359801,LOW
501D662F0E8A7DDA7F47801AC77F4351,min_consumption,0.4579607947410514,zero_rate,0.22643763860220908,first_half_mean,0.09960211669267363,0,0.1568501125906395,0.0289395418308152,0.1184769413626922,LOW
EC899A9A57E183845C79E7D566363544,missing_rate,0.2632362863170589,month_7_mean,0.15231853089504227,month_4_mean,0.13649751389053974,0,0.2734075361130458,0.0744261793616076,0.2137131290876143,LOW
F25EF8B68553F87BD1F90C62A260394B,min_consumption,0.46826202734248035,zero_rate,0.1210459384022291,first_half_mean,0.08218427565379964,0,0.0759637710359356,0.0341586528452823,0.0634222355787396,LOW
19669FF18E51D6993014AF278CADDEE0,min_consumption,0.4012996712689096,zero_rate,0.2147415492088119,missing_rate,0.09819091783849665,0,0.2134981541149342,0.0383220341827077,0.1609453181352662,LOW
3BDB01AEBEDE7EE167598E2D1F307902,long_term_change,0.22126200786934414,month_6_mean,0.1744428742179898,max_consumption,0.17356417699086887,0,0.3795369231846855,0.0258143364919715,0.2734201471768713,LOW
6D37FF52217816224E55AB5545147A4B,min_consumption,0.2458056780701084,max_consumption,0.09111614395155519,month_6_mean,0.08821283052020162,0,0.1279163354421611,0.0637789211710025,0.1086751111608135,LOW
0E1BE4163ADA928DD9AF08750FCEDAE9,max_consumption,1.2662981381344915,month_10_mean,0.8759567441011128,std_consumption,0.4144365215911118,1,0.8741567479280649,0.3543204818265791,0.7182058680976191,HIGH
26F6F28A564A5570FB0068128C37B5A1,missing_rate,0.2116671920687293,month_10_mean,0.142780165696701,month_5_mean,0.11534991439195333,0,0.2241970453722767,0.0572172055678753,0.1741030934309563,LOW
93DF0C4E0934A433086F0B1DAD884EAC,min_consumption,0.35247947910440813,zero_rate,0.13483396195948008,median_consumption,0.13120039526584307,0,0.1798785512421186,0.0416795950982348,0.1384188643989535,LOW
68706A23F892832C3F41DF3BEB6E7798,month_7_mean,0.230983162384819,month_6_mean,0.17400019129152333,month_9_mean,0.09957988069183187,0,0.222265982341965,0.0222552702931242,0.1622627687273128,LOW
A643A43D82900FD56FB3D7DFDC2244F0,month_6_mean,0.12558707958353654,month_7_mean,0.1251871322590898,month_11_mean,0.06570924207008477,0,0.2431017267981422,0.0050574570694442,0.1716884458795328,LOW
F10CDCD34D0056B973F0580675EDF507,min_consumption,0.2594351117366761,month_7_mean,0.15906787237437675,month_6_mean,0.09024361602256564,0,0.1524348997951237,0.016810770359041,0.1117476609642989,LOW
080AE6D38F582F42E2ADB8F379673631,missing_rate,0.9055203336945171,max_consumption,0.5835125810520757,std_consumption,0.3994663499961031,0,0.7686015862753565,0.0888232825551663,0.5646680951592994,MEDIUM
42481E425D9DC4DE649991D9B933E927,min_consumption,0.4579607947410514,zero_rate,0.22643763860220908,first_half_mean,0.09960211669267363,0,0.1568501125906395,0.0289395418308152,0.1184769413626922,LOW
E5FC968447BA6D73BC195E68193FAE0C,min_consumption,0.35784639137164914,missing_rate,0.10470776678562844,month_11_mean,0.10114304281207429,0,0.2057629801295027,0.046245195207967,0.157907644653042,LOW
BAE466914F0FB6C9D5CA117DC0D4AF0F,missing_rate,0.46597155381629196,month_7_mean,0.3053267674456521,month_4_mean,0.1472311243306444,0,0.5697855160686919,0.0539911735278893,0.4150472133064511,MEDIUM
5134BBC5DC6F5E1D79BD84C44882C87F,missing_rate,0.18480238226787687,max_consumption,0.11540912270332337,month_11_mean,0.11138015819201806,0,0.5096111041647561,0.0313490967918114,0.3661325019528726,LOW
7395E8F6D2CB9E3F90D7E3318F9A2A1E,min_consumption,0.4099564140967667,zero_rate,0.10171226817108898,month_11_mean,0.0640626439162411,0,0.0648683218538121,0.0414010941940032,0.0578281535558694,LOW
EF5690971C2C8FE4CE4E1AD1586B79D9,max_consumption,1.0126931732293702,month_3_mean,0.34373428579169923,month_10_mean,0.2884834355246734,0,0.5273553323806723,0.2437885890529849,0.4422853093823661,MEDIUM
40553CEE6720D57A8A598F145D8EA409,min_consumption,0.35828098525540136,first_half_mean,0.10233625645590194,month_3_mean,0.07886384347964374,0,0.0899915375646841,0.0275667074394867,0.0712640885271249,LOW
85DB0B08D0192F9699EA1F5E5588AA5D,month_10_mean,0.424137593339907,month_7_mean,0.2821704266977002,month_6_mean,0.18757370789541716,1,0.7200110438196462,0.0269813764793116,0.5121021436175458,MEDIUM
99D66E2ABC0030FAA47732F234CA3ADE,min_consumption,0.4265962629429305,zero_rate,0.234606462147067,month_2_mean,0.11365747347727079,0,0.0920856216800399,0.1502926099290569,0.109547718154745,LOW
8C73A458E0C6B7E6F5BEEE68A2211D26,missing_rate,0.9523245418339326,max_consumption,0.14704728779348403,month_5_mean,0.11150541269255822,1,0.7122771101835468,0.0389711261652908,0.51028531497807,MEDIUM
68F5F34476072BD002280D87723CB450,month_10_mean,0.1426616863018119,missing_rate,0.11635435098914305,month_11_mean,0.09675854280296022,0,0.2743027686332497,0.0188598006530369,0.1976698782391859,LOW
EA36E19D15C294A4818D6BF99E549B3A,consumption_change,0.4208506686158544,month_10_mean,0.32513531954126584,std_consumption,0.2803030404832411,0,0.5281528394831839,0.0648570116505617,0.3891640911333972,LOW
F5E6C833022C8D067CC63F90C8FC233A,max_consumption,0.40240954967001485,std_consumption,0.2738905151389126,month_10_mean,0.08081218835952445,0,0.4022008311309855,0.0537091058107763,0.2976533135349227,LOW
324BB6CA8DA60AF5CDC3D8C2C8315A22,max_consumption,0.6581513347330827,std_consumption,0.3563429205165302,month_3_mean,0.22491070133881666,0,0.4410033800362564,0.3042741079714323,0.3999845984168091,LOW
D03AE08F8F402D29BA986C0FFAF92D90,consumption_change,0.35957714547829656,month_6_mean,0.17141745570366484,month_12_mean,0.1401828793825293,0,0.2793967560965225,0.0265592309959924,0.2035454985663634,LOW
0DEDFF97D9471D1F784CA98CD7E31982,min_consumption,0.4444976221270015,zero_rate,0.2293472059542381,first_half_mean,0.10006121801693596,0,0.148779107166946,0.0325011688798776,0.1138957256808255,LOW
7EBD01D6044A67A332789680208A166D,max_consumption,0.2017308414512719,month_9_mean,0.08118847031117503,month_11_mean,0.0764954188261715,0,0.2729005677813942,0.0256670520907922,0.1987305130742136,LOW
273971B453A5E1A48EE58A05066A7242,max_consumption,0.49993635152431953,month_10_mean,0.37000836224341505,std_consumption,0.21543555195189518,0,0.4679779580673819,0.1612875592377243,0.3759708384184846,LOW
A400AA257640920EAC3A0B7166C2E597,month_6_mean,0.1396004920380157,month_8_mean,0.05436438358620569,month_10_mean,0.04503652516250422,0,0.1121330148230981,0.016747041916118,0.0835172229510041,LOW
2A92E0E5C998A70E5597CEFF1DAAF75C,min_consumption,0.4613463364053576,long_term_change,0.17782987980380077,zero_rate,0.14406020668624492,0,0.265401940508086,0.0351906774393152,0.1963385615874547,LOW
1A7A6E77B627153CF040CA76513EF7A2,max_consumption,0.5144215122184581,std_consumption,0.25179698097999365,min_consumption,0.12703540866001614,0,0.3673337202796576,0.0655526030164743,0.2767993851007026,LOW
0B0AF655FF160C954AF353A4AD7C0BB1,min_consumption,0.44941168316999275,zero_rate,0.17802926167120547,max_consumption,0.09595319322224007,0,0.2550427408138254,0.0212182211534602,0.1848953849157158,LOW
C0BCE327EDB7E93725C834B38395CF3A,max_consumption,0.5030606841720358,std_consumption,0.3367533819343088,month_4_mean,0.3111199453773227,0,0.5333504624528494,0.1213266474481295,0.4097433179514334,MEDIUM
906179EE427FCE101569FD9C0873EEBF,consumption_change,0.8093893362485702,missing_rate,0.4238088796450744,month_10_mean,0.35506732113157236,0,0.7806561160395996,0.0893198528403269,0.5732552370798177,MEDIUM
D75195714E109D25E78EC058414C6165,month_10_mean,0.11851034590456419,month_5_mean,0.08144634157440185,seasonal_std,0.07947181790657994,0,0.2086816870038278,0.0251063118551366,0.1536090744592204,LOW
D6BFDC8261E56677466CA93303CB58AE,month_10_mean,0.5101359836767702,missing_rate,0.15465249178278972,max_consumption,0.15097295546153883,0,0.5605956186352803,0.0288102694715797,0.4010600138861701,MEDIUM
DB4E0914097C777C7CBE9CD42628FEC9,min_consumption,0.4012996712689096,zero_rate,0.2147415492088119,missing_rate,0.09819091783849665,0,0.2134981541149342,0.0383220341827077,0.1609453181352662,LOW
F9ED9931A2E38DF58119344292A2A69A,month_7_mean,0.20838063995255654,month_6_mean,0.16960168983333426,month_1_mean,0.10692609321614045,0,0.3247344304008026,0.0047883355015361,0.2287506019310226,LOW
D5049045F64369BE57131B9FDA6964F8,max_consumption,1.0458888613559023,std_consumption,0.36311793713843726,month_9_mean,0.23523629954402206,1,0.8049651463066616,0.1251550998278227,0.6010221323630099,MEDIUM
2F8A311652851930BCA4EB72CA09E41F,month_6_mean,0.1879304643849781,month_11_mean,0.08057899100060377,month_3_mean,0.0786204130570674,0,0.1375185285458245,0.0137719704487928,0.100394561116715,LOW
231B2821E4D98BBFF9E3E111D391ECF5,max_consumption,0.576727791770859,month_4_mean,0.3592258634207838,month_10_mean,0.35251802988176967,0,0.5889710042345518,0.2443475728870397,0.4855839748302982,MEDIUM
865AA056FA6208239AE6F6033ECA9ED8,month_5_mean,0.1382235490513348,max_consumption,0.10374877817996733,month_3_mean,0.04386058787121311,0,0.1682093531181619,0.0224452600643844,0.1244801252020287,LOW
185D403016C060B9DB829DD7E5D163CA,max_consumption,0.34708462259045597,month_6_mean,0.2567134230597461,month_7_mean,0.17402291827137803,0,0.581924619501583,0.0075277781179193,0.4096055670864839,MEDIUM
2E4EECAD2951216553FD34B13464606D,min_consumption,0.3468359652636014,month_5_mean,0.2346616739512699,month_9_mean,0.11374633558369475,0,0.2641792421174211,0.0262041118328793,0.1927867030320585,LOW
D0C7E708A6380FF2C40931A04E593B8C,month_6_mean,0.19542888191686522,max_consumption,0.19353780189863948,month_7_mean,0.1913469759803235,0,0.4776816719367517,0.019786829757481,0.3403132192829705,LOW
05120A0590CA4566652D04583336FD4C,min_consumption,0.5214529935620658,long_term_change,0.15459374295850528,month_11_mean,0.109103286574093,0,0.3148150603288506,0.0419635212293967,0.2329595985990144,LOW
CFD1C5FF4BCE44EFE8C4C16FBE336034,min_consumption,0.4392468759925559,first_half_mean,0.11523696829815193,missing_rate,0.11097110135836259,0,0.1746905617911217,0.0415236777143612,0.1347404965680935,LOW
E80ACBCBFC979C6D48CF5E46262535A8,long_term_change,0.19343795793586296,month_7_mean,0.14527704373856698,month_6_mean,0.11262485609513184,0,0.2334948467941051,0.0096864604745796,0.1663523308982474,LOW
5CD5D623F632CA50AA7B90293D8DBB42,min_consumption,0.2761800607155203,month_6_mean,0.14446110662995895,month_7_mean,0.14050713381635216,1,0.4571541186101713,0.016367316975699,0.3249180781198296,LOW
E58ADC7D74F033C0A4C5AAF9B6513B66,month_2_mean,0.2550575103622739,month_10_mean,0.16846328322342158,month_6_mean,0.10375575281461312,0,0.2746254350050223,0.0158053747276945,0.196979416921824,LOW
B21E403E1E8D8C3ABFE67FF85A3D744A,month_10_mean,0.19715178958074314,month_7_mean,0.10948795966161888,month_11_mean,0.09446698045428369,0,0.3304576886744743,0.015087981521822,0.2358467765286786,LOW
AA43C77461608A0B01DA9F89ADFD07B7,min_consumption,0.49602932440747965,first_half_mean,0.12279209846200949,month_6_mean,0.08499465614570786,0,0.1776855534282256,0.046190166986784,0.1382369374957931,LOW
14D3E9B3DD4917704A021A09F78F4871,missing_rate,0.4775938818531466,month_7_mean,0.18464805255992645,month_6_mean,0.07741919056578478,0,0.395568866547604,0.0624820551436,0.2956428231264028,LOW
B49F1BDE290A80800AC72E5821E90FBD,max_consumption,0.4200153688321821,std_consumption,0.2641577139407974,min_consumption,0.15332359329683656,0,0.2481873655912488,0.102010543460409,0.2043343189519968,LOW
4B19402DDB50B450779A733CC572E6DA,min_consumption,0.48971914229643554,long_term_change,0.24457013256486002,zero_rate,0.18617911826785954,0,0.3161703871557493,0.0333002050246641,0.2313093325164237,LOW
9FE631FD943D399A19A79C9721CE39B1,min_consumption,0.3404002534921855,max_consumption,0.3125314966474997,zero_rate,0.2929739638080824,0,0.4942867073136095,0.0601867926187727,0.3640567329051584,LOW
7767CF9EAAA00C0ECBFEEF1C4696FDA8,missing_rate,0.15283746345698684,month_6_mean,0.13894340557610932,month_7_mean,0.1291774608119775,0,0.2848927493434093,0.034932135219191,0.2099045651061438,LOW
834D8BA8E3AA335EE13AFCC96CC3815F,month_7_mean,0.17992800254708652,long_term_change,0.17565553108601492,month_6_mean,0.13954077388241878,0,0.4768894960705688,0.0168773301644323,0.3388858462987278,LOW
AA5BF8B111ED32BC5A68967E3BD27FED,month_7_mean,0.2183898667453257,month_6_mean,0.18920557016041198,missing_rate,0.1488287863418794,0,0.2285114094704636,0.0318951531286868,0.1695265325679305,LOW
4CA23EE09EDCA1E0EC65952278D090FC,min_consumption,0.4012996712689096,zero_rate,0.2147415492088119,missing_rate,0.09819091783849665,0,0.2134981541149342,0.0383220341827077,0.1609453181352662,LOW
B3B2256C269164499AAFB516FAFCDF4B,min_consumption,0.2038206756937172,month_7_mean,0.1642239517451972,seasonal_std,0.14427403713029796,0,0.1953319291168483,0.0184844961207928,0.1422776992180317,LOW
390A23D4CF3B6487CFD6A834B80C314E,min_consumption,0.43229945989870383,zero_rate,0.1079517243007968,consumption_change,0.0809766173339357,0,0.102841635839822,0.0291942250163549,0.0807474125927819,LOW
FD2078CE18B1FD2D4CBC9BAC9EC7A162,max_consumption,0.401711053371281,month_6_mean,0.17364245747228355,month_11_mean,0.11952826236243506,0,0.3860511844881522,0.0191314087121071,0.2759752517553386,LOW
03B475359FE1592862009DF6A206FFC9,long_term_change,0.20175712193663536,month_6_mean,0.18632247929475265,seasonal_std,0.15545839566761366,0,0.2578419738729967,0.0076761851828118,0.1827922372659412,LOW
EAD32247376371BB3B2FE6A0AF31A54F,min_consumption,0.36311949357526124,zero_rate,0.237464315511566,long_term_change,0.1159979291748907,0,0.0937933306574353,0.0410894858534491,0.0779821772162394,LOW
3B210410CD2D576859A0B723A9FC69C0,month_7_mean,0.21844712376638356,month_10_mean,0.17819541717792783,max_consumption,0.17604018731077478,0,0.5071228611899882,0.0229277461080018,0.3618643266653922,LOW
07993DCBE2C278016F984054685E046A,month_7_mean,0.2621389680042226,missing_rate,0.17108395318631636,long_term_change,0.13847364917434474,0,0.3329969293824982,0.0302053149158639,0.2421594450425079,LOW
37639D74FE0036161AED1724F16EBB1E,min_consumption,0.4012996712689096,zero_rate,0.2147415492088119,missing_rate,0.09819091783849665,0,0.2134981541149342,0.0383220341827077,0.1609453181352662,LOW
54ECD5E3C04B501F58FE699EBDC6EAAA,missing_rate,1.193685876816943,month_7_mean,0.23332032884511436,seasonal_std,0.17389095248199543,1,0.7301145365305541,0.6374714270412519,0.7023216036837634,HIGH
6B5915D5D5C2A7E7F54FE8C194DACD89,max_consumption,0.5864430017953995,month_4_mean,0.352847393821903,month_10_mean,0.28126366225016775,0,0.2860391836605452,0.1411038378692467,0.2425585799231557,LOW
6F9364FE61E52CEDCD0AC2672CBA61D0,max_consumption,0.6293654684074683,std_consumption,0.3718579081554631,month_3_mean,0.21148934598293306,0,0.5495259245943624,0.1115796420232159,0.4181420398230184,MEDIUM
6BE983A5063B5DF9225ADD95AD3F241B,missing_rate,2.211236846466648,missing_count,0.37489900276677024,month_7_mean,0.2931876540309416,1,0.9538833469431094,0.3813017072787021,0.7821088550437871,HIGH
27529D5ED34D202FD7EC8941B7F4A727,month_7_mean,0.1452691519375489,month_6_mean,0.12248325139178688,month_3_mean,0.09929954491120524,0,0.2395554656260663,0.0117738238051156,0.1712209730797811,LOW
30576871B66A292FD8E7744AC29C41A1,max_consumption,0.4466553222922024,std_consumption,0.24971434453172947,month_10_mean,0.24127331076795286,0,0.5667807707204001,0.0804254079351959,0.4208741618848388,MEDIUM
DFEDD82491E034CDBA0474C630625410,month_6_mean,0.25656950834744613,long_term_change,0.22989186565001235,max_consumption,0.2150573598415764,0,0.5007480903411923,0.0128786939748523,0.3543872714312903,LOW
1C0AC993DA1EAB7F69572694EC910752,consumption_change,0.36606560750679473,max_consumption,0.28981405435371876,month_10_mean,0.28872748074893245,0,0.5540834594509011,0.0380749347303086,0.3992809020347233,LOW
B68637E1B91193D0C0B86805B3826960,max_consumption,0.9032386063110375,std_consumption,0.37158460618937406,month_4_mean,0.34571357215139914,0,0.5971141630475302,0.376413095395666,0.5309038427519709,MEDIUM
D196020CFC672B633161ED7F6F457FE9,max_consumption,0.47035685553808076,std_consumption,0.22660904907956306,long_term_change,0.20449209130278959,0,0.530548041628423,0.0728208873328958,0.3932298953397647,LOW
09127B275AAA0E0AA14E738C02D703C6,max_consumption,0.47368165003015306,month_2_mean,0.18585165936141787,month_5_mean,0.13138084913103068,0,0.3813261650669937,0.0382026316399806,0.2783891050388897,LOW
E3C340BBE728C437A827813F26841D9A,missing_rate,0.4671708383999049,min_consumption,0.3961560655487165,zero_rate,0.21658132500102517,0,0.2881470340014819,0.0566031344162808,0.2186838641259216,LOW
EC72E7EBDB338BBB1E97AA9C695300AE,min_consumption,0.39947378525294636,month_11_mean,0.11716817100907796,missing_rate,0.09838998529723672,0,0.1470177936712047,0.035411519408993,0.1135359113925412,LOW
80769DA417B1E2FE5A53B6D4AE044231,max_consumption,0.1742827955819294,seasonal_std,0.1487964915476049,month_5_mean,0.12702334418163203,1,0.4802665765050052,0.0154053994233862,0.3408082233805194,LOW
347E14A4F21B93798353E11FBF5B0C01,max_consumption,0.6410256104070916,std_consumption,0.33994811770367683,long_term_change,0.11806029778317341,0,0.6047592794977944,0.0939724842413243,0.4515232409208534,MEDIUM
5F3A75D65B947F4692EF6BF2FFD8A7B9,max_consumption,0.4511499511430097,std_consumption,0.44256973674261224,missing_rate,0.34437963539949273,0,0.5886727769593262,0.0849070697304317,0.4375430647906578,MEDIUM
3E458AA541DBBF542253D292D7BE18B8,max_consumption,0.32985739539086467,std_consumption,0.2071503611742876,long_term_change,0.14548355561336151,0,0.3426727277324239,0.0541788781443393,0.2561245728559985,LOW
B509E103F8899FC40C6D3B371860B57E,min_consumption,0.3103439187835136,month_6_mean,0.18395333298985367,month_3_mean,0.1588685987505881,0,0.1656872594304732,0.0495578849251634,0.1308484470788803,LOW
9906EE8C372F6E57CCA91A560E6F2CB1,missing_rate,0.20255069149101976,month_6_mean,0.15824332275636316,month_10_mean,0.1453149580802398,0,0.254828573277451,0.0502174339448524,0.1934452314776714,LOW
BF6C38E38901E33641DE123FD14FA1C9,missing_rate,0.22182190896483966,month_2_mean,0.15984945048571278,month_6_mean,0.13748916717890547,0,0.32121112892993,0.0350360092017046,0.2353585930114623,LOW
3E56B936F2D782060F245ED3452A3D09,max_consumption,0.5578270221142185,month_10_mean,0.5080335050592347,consumption_change,0.4905603678327233,1,0.7408812707549214,0.1811397856114954,0.5729588252118936,MEDIUM
B9C72FA1C3F5DAEB28A3BE1A175F50F2,month_7_mean,0.20581936298051595,month_11_mean,0.14622526866788949,month_6_mean,0.1210220594459173,0,0.3014076169843361,0.0348049425246447,0.2214268146464287,LOW
E76DCEC9FC91CA97C39FB8873247593A,month_6_mean,0.14551633208695983,month_11_mean,0.11800084766611031,month_1_mean,0.10954109053737231,0,0.2806166875203353,0.0097572550528986,0.1993588577801043,LOW
2BC7544027D67B8A0947898CC3E5EE8D,month_6_mean,0.19529585753017234,month_7_mean,0.16574425178164937,month_3_mean,0.0974968398615997,0,0.3088417658340369,0.0184720143864777,0.2217308403997691,LOW
A1BB83CAA9A6459F155B34E23ED20594,max_consumption,0.6889849973638192,month_10_mean,0.3044571481463154,std_consumption,0.2431595159582168,0,0.5551944219960943,0.1058273918410106,0.4203843129495692,MEDIUM
5BFB0B70B25496D9D91AB8DAD62A7304,month_6_mean,0.13544650753059648,month_1_mean,0.13039148820887272,month_12_mean,0.08179382805052751,0,0.2075455729125721,0.0083084611398959,0.1477744393807692,LOW
91525E35240C23A4478CA282D7F4899C,missing_rate,0.39358033259905917,month_6_mean,0.1818698496182053,month_7_mean,0.17572160911262147,0,0.4255606694767739,0.024957341625783,0.3053796711214766,LOW
21D876B8552B80EB3A46FBC218D602D4,max_consumption,0.3663113053901975,month_6_mean,0.1401128640980889,month_3_mean,0.08985056380792779,0,0.2681429800209264,0.0109716276140755,0.1909915742988712,LOW
DAE7F92FDD473AF7F786337F1609552B,min_consumption,0.48794737746247,consumption_change,0.30796230619209375,month_7_mean,0.17064382341482895,0,0.2516991915387608,0.0419657716460422,0.1887791655709452,LOW
DFE8D00EE806EA7CF2A4FDF7A3462D0D,month_7_mean,0.19869151624615616,long_term_change,0.17979415707680982,max_consumption,0.1260321714828669,0,0.451308971756294,0.015482969621781,0.3205611711159401,LOW
C8F4C6EF48C57C140E43C087EC555EE8,max_consumption,0.19179341168150188,month_10_mean,0.18694352449298374,month_6_mean,0.16572968946956634,0,0.4218595339419803,0.0297689967148345,0.3042323727738365,LOW
A4A3088368B67DD073040333CAC043B3,min_consumption,0.6331306954463759,month_7_mean,0.32857611707587486,long_term_change,0.19100953008769944,1,0.6563785168576227,0.0342078581369758,0.4697273192414286,MEDIUM
EEA174FC2D44F388572CAC8D726CCDB5,min_consumption,0.4579607947410514,zero_rate,0.22643763860220908,first_half_mean,0.09960211669267363,0,0.1568501125906395,0.0289395418308152,0.1184769413626922,LOW
53B9B49134224C2222211DA8CCB6D4A7,month_7_mean,0.19472952572260344,month_6_mean,0.1548227936373047,month_3_mean,0.1146345911277329,0,0.231848482960656,0.0227753117783318,0.1691265316059587,LOW
2C6420EE9BDF8410A6A7AE62822E020A,min_consumption,0.2790042905304386,month_11_mean,0.09690016139576012,long_term_change,0.09562125930579726,0,0.195403871913644,0.0226270082653164,0.1435708128191457,LOW
0456B03ABE3BD964029FD89F826BBA81,month_7_mean,0.15282708698063668,month_6_mean,0.11573020732761684,month_9_mean,0.07071138595391588,0,0.068254670071989,0.0243795979211551,0.0550921484267388,LOW
5C9CE52D6610E02362075E8CE6C26341,month_6_mean,0.1790083187580419,month_7_mean,0.11646821207332589,max_consumption,0.09737108625935019,0,0.4106155139023247,0.0221346378729361,0.2940712510935081,LOW
4097F97735588256F979AAEE7218A75B,min_consumption,0.46434088695707193,long_term_change,0.1574629010782383,month_6_mean,0.09471467024784158,0,0.162227751391863,0.0322707679625267,0.1232406563630621,LOW
9C77D6C1CA6D748710F9F77CF4858E5F,min_consumption,0.4012996712689096,zero_rate,0.2147415492088119,missing_rate,0.09819091783849665,0,0.2134981541149342,0.0383220341827077,0.1609453181352662,LOW
9856D2C7F6593CA9562AAAECE8989ED5,month_7_mean,0.17608072263923197,month_6_mean,0.16582795638732342,seasonal_std,0.09121937260310016,0,0.2504046148764419,0.0194346738477138,0.1811136325678235,LOW
EA880909DDDCCA38A4DD8BCDAAFA8355,max_consumption,1.3306749271638971,std_consumption,0.6391909601252687,month_3_mean,0.4480843055101633,1,0.9086074299684898,0.6062726798784648,0.8179070049414823,HIGH
20344FD612AE9EE9988B6217FCA6A529,month_6_mean,0.1684390296365598,month_3_mean,0.09322807753383403,month_7_mean,0.0766713744579388,0,0.194196045275983,0.019613459866454,0.1418212696531243,LOW
F458DCEE368823F2382405A3D4FAE7A3,max_consumption,0.26873646252390576,std_consumption,0.2068368003663489,month_6_mean,0.11269523754946947,0,0.4998331368505653,0.0550719114517859,0.3664047692309314,LOW
A4C2473FDCF1651952A929C03C423106,month_6_mean,0.08782510040606956,month_10_mean,0.08277589468286681,month_8_mean,0.08221933240965697,0,0.2264475387930795,0.0311178990423883,0.1678486468678721,LOW
9D8E8E0EFF910FC5DA63C52C04D2BDDD,min_consumption,0.4064681723883311,zero_rate,0.20480650865657124,first_half_mean,0.1008726249472238,0,0.1084590186302365,0.0656712483548247,0.0956226875476129,LOW
3938DB39EB59CC900843F73C8991B2BA,max_consumption,1.0365364947620745,month_3_mean,0.5076341832382872,std_consumption,0.40557440531973854,0,0.7405830378337686,0.3292216285330511,0.6171746150435533,MEDIUM
4333096B9201ABE9760EDA8E7B2DCC8D,consumption_change,0.391014888886067,month_10_mean,0.1871985470062995,month_11_mean,0.09738669777356371,0,0.2606625087066717,0.0487739037375749,0.1970959272159426,LOW
58CE05781E326BB07AE8A02A73B8DE8E,zero_rate,0.23552853367463367,max_consumption,0.19735774292812644,min_consumption,0.13547094974352186,0,0.3512034803974,0.04728717292775,0.260028588156505,LOW
DEC12E98D31C786153CE70A21D3501A5,min_consumption,0.41803201784449434,zero_rate,0.10822391716478745,missing_rate,0.10175676014452559,0,0.1096790365806746,0.0443634670226182,0.0900843657132577,LOW
E97ED03767D34352D0E9523CE5A23EED,min_consumption,0.21302283311319764,long_term_change,0.11175994253434317,month_3_mean,0.09890623749295287,0,0.1534163089546295,0.032188945967439,0.1170481000584723,LOW
A2EF5D3EFFC90E859402AD65F47D653C,month_6_mean,0.18690494647104997,min_consumption,0.11916698276618427,month_7_mean,0.11643988624805192,0,0.4111090040483617,0.0246705701268719,0.2951774738719148,LOW
16C3C70F8C11B0EE2BF3A32B8087E6D6,min_consumption,0.5353484774760324,zero_rate,0.20335152155123257,month_6_mean,0.1075087115079524,0,0.2390055020909413,0.0535912767790243,0.1833812344973661,LOW
09E6CEAC8262758C3974BE2389DADD6D,max_consumption,0.22873976291040243,month_9_mean,0.11354369990856031,month_6_mean,0.11100653718892468,0,0.1996276556091674,0.0348967812084141,0.1502083932889414,LOW
E95B63EA24B1057655FCE8A569919BF9,missing_rate,0.4861821827445949,month_4_mean,0.42994289450492595,max_consumption,0.4248983829238277,0,0.6452346257313906,0.2980836299234219,0.5410893269889999,MEDIUM
E01CAD92118F97872BBCCE815D19C700,month_7_mean,0.2200556358211178,min_consumption,0.21400858008127674,month_6_mean,0.14752872485464213,0,0.2288746143901311,0.1291400268882992,0.1989542381395815,LOW
14FE610A3948F4BCD79BA4A68F2FCEDA,min_consumption,0.4012996712689096,zero_rate,0.2147415492088119,missing_rate,0.09819091783849665,0,0.2134981541149342,0.0383220341827077,0.1609453181352662,LOW
1AEADA1904A71AA396CDFB772F1B1B85,month_7_mean,0.13735749651770587,month_3_mean,0.10411235185259317,month_6_mean,0.09020894130470762,0,0.0792548485196398,0.0275193942792467,0.0637342122475219,LOW
4BFBAD63E0AAABE37EDB909636F08907,min_consumption,0.4504042981655056,consumption_change,0.1996110952382703,first_half_mean,0.14577549177094923,1,0.4556453311029659,0.1270840315957088,0.3570769412507887,LOW
DD1A358FFD09505E2C4F8D0236C612AB,missing_rate,0.09548132363148408,month_11_mean,0.04484115884169512,seasonal_std,0.04192950592988777,0,0.0995721986460629,0.037984757826007,0.0810959664000461,LOW
36375B2962AF21A1C3763F76F46E95B6,month_10_mean,0.39762050991286546,max_consumption,0.35399927651246504,std_consumption,0.2806370641049568,0,0.3677492723296751,0.2881982367874234,0.3438839616669996,LOW
F579518961D78086140CDD467B410D88,month_11_mean,0.0600771263808864,month_6_mean,0.05638808286196776,month_3_mean,0.033222973293591994,0,0.0545106208906306,0.0219168101987134,0.0447324776830555,LOW
81CAF67F875B186ABEA3123E7E86793A,min_consumption,0.41874393399397375,month_7_mean,0.21662835612652015,month_6_mean,0.19160945591995907,0,0.2833498601659369,0.0254836296274563,0.2059899910043927,LOW
D142CC2EA96F8FF647C232BB2761ECD2,min_consumption,0.42580349522602823,zero_rate,0.13408583143559932,long_term_change,0.1081483742218317,0,0.207592005615985,0.0240334661524803,0.1525244437769335,LOW
F72EC930E6ED77CAF89B751A33728B8D,max_consumption,0.6250915548701715,month_10_mean,0.381369093674438,std_consumption,0.2624852414287414,1,0.7133059203933484,0.0466053978410879,0.5132957636276702,MEDIUM
F0692EA6C490CE7ED13B46A8554D850B,max_consumption,0.49277689118283247,std_consumption,0.3299625661646425,min_consumption,0.20812683608268723,0,0.3486486986148953,0.0841885359722404,0.2693106498220988,LOW
2171EEE0A94CEE1F5023110112134672,max_consumption,0.5178654729730402,std_consumption,0.36399161500080907,month_10_mean,0.18278336515078694,0,0.5115260495815632,0.1360133308203261,0.3988722339531921,LOW
5C5B539B55E0E0DAC1956121DE30FE42,max_consumption,0.3721322370948652,std_consumption,0.25593824431744927,month_10_mean,0.20257331591960398,0,0.5699436508258648,0.0463522299387669,0.4128662245597355,MEDIUM
6AC69C1B3EFCC07295A30E6C125F36F0,month_7_mean,0.1369111844272582,month_3_mean,0.09796709066941091,month_6_mean,0.09700002086586991,0,0.0564971425688046,0.0315617876856038,0.0490165361038443,LOW
FA3A898B46A84DEC4A5606DFF9E5650B,missing_rate,0.5517458547568407,month_6_mean,0.11360238927486731,month_7_mean,0.11007094805009422,0,0.4376996810587235,0.0283861232945135,0.3149056137294604,LOW
3DCFF4F8D1EE3E37B7E2E8BCD8E5373A,min_consumption,0.4803718291433852,month_6_mean,0.1157128579246895,zero_rate,0.056817910823637414,0,0.0864363638812304,0.0839796009891526,0.0856993350136071,LOW
128E5DDF6FB759699497EEC978C5DF2F,consumption_change,0.4844552911324257,month_6_mean,0.1491048015577261,month_4_mean,0.11344714638675304,0,0.1880646860612287,0.0207144045690973,0.1378596016135893,LOW
F81E174F1901424D146855D46538DEFF,max_consumption,0.45968336296258855,std_consumption,0.277679029323352,min_consumption,0.1225739988575963,0,0.2439754694569609,0.1126264576626494,0.2045707659186674,LOW
03ECD3433B6C2DF72EE024F95760D49A,max_consumption,0.5899455343351132,month_2_mean,0.13691326697291265,month_5_mean,0.12808930012497924,0,0.402653108706855,0.0484441894620736,0.2963904329334206,LOW
D7E2FCCD7FB4B160D905EB673AF058BF,min_consumption,0.4579607947410514,zero_rate,0.22643763860220908,first_half_mean,0.09960211669267363,0,0.1568501125906395,0.0289395418308152,0.1184769413626922,LOW
5279CF6E51E90E22B6D858B27F6D4960,min_consumption,0.4834054809600994,month_7_mean,0.1488009415253402,zero_rate,0.0879527824107616,0,0.0913995294520736,0.0530762053078459,0.0799025322088052,LOW
1E9076CB29DBCEB424F25C269CFCB3D6,max_consumption,0.5006255435799369,month_10_mean,0.4110173108777445,std_consumption,0.3124910644903518,0,0.6780721173297133,0.0779755235863893,0.498043139206716,MEDIUM
97B21353B5A4C4F8254D3C0FD1EC360D,month_7_mean,0.20798562388773986,missing_rate,0.19939220656332532,month_6_mean,0.16329567261630762,0,0.2883657247082899,0.0339108293169437,0.212029256090886,LOW
3AC765A56BFFEFB73D68B8D975E278BA,std_consumption,0.37894707635292685,missing_rate,0.31386666488866816,max_consumption,0.30572054015633393,0,0.716654725167953,0.1326570055568007,0.5414554092846073,MEDIUM
26E7DEDE713AA4A1C541776E101E695E,month_10_mean,0.2734437415884914,month_2_mean,0.2694647233124408,long_term_change,0.13504428496110346,0,0.3978300914100188,0.015440361665142,0.2831131724865557,LOW
D91A3772D76AE146E952A24D341B0104,min_consumption,0.43523055425221735,zero_rate,0.15252918023236378,long_term_change,0.14848319402779944,0,0.1169017767928772,0.0328876947919215,0.0916975521925905,LOW
E67362F5D50779FC116156FD6EFFD683,min_consumption,0.27471912973870577,month_7_mean,0.17922747767921265,month_3_mean,0.09887731176356614,0,0.1252585169819917,0.0183686167656965,0.0931915469171031,LOW
F53AAA60DB0359C78A558B2FC37D6B68,min_consumption,0.3616333196625546,zero_rate,0.13844258404900034,consumption_change,0.11430006647235254,0,0.0934172454159781,0.5452364904715417,0.2289630189326472,LOW
A8D464DF1908FE499795CCE482EB1A17,min_consumption,0.39795061669848353,zero_rate,0.20578127116706904,long_term_change,0.16477102990369932,0,0.2010448945188989,0.0534254874934404,0.1567590724112614,LOW
C412BEA2139C83EDB08112AF3DCDA283,min_consumption,0.5667959657895318,max_consumption,0.5606815170946063,zero_rate,0.28245045507123523,0,0.3995424464872184,0.0889370066956583,0.3063608145497503,LOW
